{"type":"FeatureCollection","features":[{"type":"Feature","properties":{"name":"Panaji","rank":1,"capital":0},"geometry":{"type":"Point","coordinates":[73.818,15.492]}},{"type":"Feature","properties":{"name":"Faribault","rank":1,"capital":0},"geometry":{"type":"Point","coordinates":[-93.268,44.29]}},{"type":"Feature","properties":{"name":"Mankato","rank":1,"capital":0},"geometry":{"type":"Point","coordinates":[-93.999,44.164]}},{"type":"Feature","properties":{"name":"Albert Lea","rank":1,"capital":0},"geometry":{"type":"Point","coordinates":[-93.369,43.648]}},{"type":"Feature","properties":{"name":"Willmar","rank":1,"capital":0},"geometry":{"type":"Point","coordinates":[-95.043,45.122]}},{"type":"Feature","properties":{"name":"Brainerd","rank":1,"capital":0},"geometry":{"type":"Point","coordinates":[-94.201,46.358]}},{"type":"Feature","properties":{"name":"Crookston","rank":1,"capital":0},"geometry":{"type":"Point","coordinates":[-96.608,47.774]}},{"type":"Feature","properties":{"name":"Hardin","rank":1,"capital":0},"geometry":{"type":"Point","coordinates":[-107.612,45.732]}},{"type":"Feature","properties":{"name":"Glendive","rank":1,"capital":0},"geometry":{"type":"Point","coordinates":[-104.71,47.109]}},{"type":"Feature","properties":{"name":"Dillon","rank":1,"capital":0},"geometry":{"type":"Point","coordinates":[-112.684,45.216]}},{"type":"Feature","properties":{"name":"Polson","rank":1,"capital":0},"geometry":{"type":"Point","coordinates":[-114.157,47.688]}},{"type":"Feature","properties":{"name":"Devils Lake","rank":1,"capital":0},"geometry":{"type":"Point","coordinates":[-98.86,48.112]}},{"type":"Feature","properties":{"name":"Burley","rank":1,"capital":0},"geometry":{"type":"Point","coordinates":[-113.792,42.536]}},{"type":"Feature","properties":{"name":"Wallace","rank":1,"capital":0},"geometry":{"type":"Point","coordinates":[-115.927,47.474]}},{"type":"Feature","properties":{"name":"Kennewick","rank":1,"capital":0},"geometry":{"type":"Point","coordinates":[-119.136,46.211]}},{"type":"Feature","properties":{"name":"Centralia","rank":1,"capital":0},"geometry":{"type":"Point","coordinates":[-122.953,46.716]}},{"type":"Feature","properties":{"name":"Glendale","rank":1,"capital":0},"geometry":{"type":"Point","coordinates":[-112.174,33.535]}},{"type":"Feature","properties":{"name":"Safford","rank":1,"capital":0},"geometry":{"type":"Point","coordinates":[-109.707,32.834]}},{"type":"Feature","properties":{"name":"Casa Grande","rank":1,"capital":0},"geometry":{"type":"Point","coordinates":[-111.757,32.879]}},{"type":"Feature","properties":{"name":"Mesa","rank":1,"capital":0},"geometry":{"type":"Point","coordinates":[-111.821,33.415]}},{"type":"Feature","properties":{"name":"Lake Havasu City","rank":1,"capital":0},"geometry":{"type":"Point","coordinates":[-114.308,34.498]}},{"type":"Feature","properties":{"name":"Berkeley","rank":1,"capital":0},"geometry":{"type":"Point","coordinates":[-122.271,37.874]}},{"type":"Feature","properties":{"name":"National City","rank":1,"capital":0},"geometry":{"type":"Point","coordinates":[-117.098,32.672]}},{"type":"Feature","properties":{"name":"Mendocino","rank":1,"capital":0},"geometry":{"type":"Point","coordinates":[-123.799,39.308]}},{"type":"Feature","properties":{"name":"Paso Robles","rank":1,"capital":0},"geometry":{"type":"Point","coordinates":[-120.69,35.627]}},{"type":"Feature","properties":{"name":"Riverside","rank":1,"capital":0},"geometry":{"type":"Point","coordinates":[-117.398,33.942]}},{"type":"Feature","properties":{"name":"Delano","rank":1,"capital":0},"geometry":{"type":"Point","coordinates":[-119.243,35.762]}},{"type":"Feature","properties":{"name":"San Mateo","rank":1,"capital":0},"geometry":{"type":"Point","coordinates":[-122.303,37.541]}},{"type":"Feature","properties":{"name":"Vallejo","rank":1,"capital":0},"geometry":{"type":"Point","coordinates":[-122.258,38.112]}},{"type":"Feature","properties":{"name":"Glenwood Springs","rank":1,"capital":0},"geometry":{"type":"Point","coordinates":[-107.325,39.547]}},{"type":"Feature","properties":{"name":"Aurora","rank":1,"capital":0},"geometry":{"type":"Point","coordinates":[-104.808,39.696]}},{"type":"Feature","properties":{"name":"Greeley","rank":1,"capital":0},"geometry":{"type":"Point","coordinates":[-104.74,40.419]}},{"type":"Feature","properties":{"name":"Tonopah","rank":1,"capital":0},"geometry":{"type":"Point","coordinates":[-117.229,38.067]}},{"type":"Feature","properties":{"name":"Deming","rank":1,"capital":0},"geometry":{"type":"Point","coordinates":[-107.756,32.261]}},{"type":"Feature","properties":{"name":"Truth or Consequences","rank":1,"capital":0},"geometry":{"type":"Point","coordinates":[-107.253,33.134]}},{"type":"Feature","properties":{"name":"Las Vegas","rank":1,"capital":0},"geometry":{"type":"Point","coordinates":[-105.223,35.597]}},{"type":"Feature","properties":{"name":"Farmington","rank":1,"capital":0},"geometry":{"type":"Point","coordinates":[-108.186,36.754]}},{"type":"Feature","properties":{"name":"Springfield","rank":1,"capital":0},"geometry":{"type":"Point","coordinates":[-122.978,44.052]}},{"type":"Feature","properties":{"name":"Tillamook","rank":1,"capital":0},"geometry":{"type":"Point","coordinates":[-123.843,45.455]}},{"type":"Feature","properties":{"name":"Ontario","rank":1,"capital":0},"geometry":{"type":"Point","coordinates":[-116.962,44.027]}},{"type":"Feature","properties":{"name":"La Grande","rank":1,"capital":0},"geometry":{"type":"Point","coordinates":[-118.087,45.325]}},{"type":"Feature","properties":{"name":"Richfield","rank":1,"capital":0},"geometry":{"type":"Point","coordinates":[-112.083,38.772]}},{"type":"Feature","properties":{"name":"Nephi","rank":1,"capital":0},"geometry":{"type":"Point","coordinates":[-111.835,39.71]}},{"type":"Feature","properties":{"name":"Lander","rank":1,"capital":0},"geometry":{"type":"Point","coordinates":[-108.733,42.833]}},{"type":"Feature","properties":{"name":"Powell","rank":1,"capital":0},"geometry":{"type":"Point","coordinates":[-108.758,44.759]}},{"type":"Feature","properties":{"name":"Paragould","rank":1,"capital":0},"geometry":{"type":"Point","coordinates":[-90.503,36.057]}},{"type":"Feature","properties":{"name":"Iowa City","rank":1,"capital":0},"geometry":{"type":"Point","coordinates":[-91.53,41.661]}},{"type":"Feature","properties":{"name":"Ottumwa","rank":1,"capital":0},"geometry":{"type":"Point","coordinates":[-92.415,41.013]}},{"type":"Feature","properties":{"name":"Spencer","rank":1,"capital":0},"geometry":{"type":"Point","coordinates":[-95.147,43.145]}},{"type":"Feature","properties":{"name":"Ft. Dodge","rank":1,"capital":0},"geometry":{"type":"Point","coordinates":[-94.18,42.507]}},{"type":"Feature","properties":{"name":"Hutchinson","rank":1,"capital":0},"geometry":{"type":"Point","coordinates":[-97.923,38.065]}},{"type":"Feature","properties":{"name":"Kansas City","rank":1,"capital":0},"geometry":{"type":"Point","coordinates":[-94.63,39.114]}},{"type":"Feature","properties":{"name":"Lawrence","rank":1,"capital":0},"geometry":{"type":"Point","coordinates":[-95.255,38.96]}},{"type":"Feature","properties":{"name":"Garden City","rank":1,"capital":0},"geometry":{"type":"Point","coordinates":[-100.864,37.975]}},{"type":"Feature","properties":{"name":"Manhattan","rank":1,"capital":0},"geometry":{"type":"Point","coordinates":[-96.592,39.194]}},{"type":"Feature","properties":{"name":"Hays","rank":1,"capital":0},"geometry":{"type":"Point","coordinates":[-99.322,38.879]}},{"type":"Feature","properties":{"name":"Goodland","rank":1,"capital":0},"geometry":{"type":"Point","coordinates":[-101.711,39.348]}},{"type":"Feature","properties":{"name":"Independence","rank":1,"capital":0},"geometry":{"type":"Point","coordinates":[-94.415,39.091]}},{"type":"Feature","properties":{"name":"Kirksville","rank":1,"capital":0},"geometry":{"type":"Point","coordinates":[-92.583,40.194]}},{"type":"Feature","properties":{"name":"Kearney","rank":1,"capital":0},"geometry":{"type":"Point","coordinates":[-99.081,40.701]}},{"type":"Feature","properties":{"name":"Grand Island","rank":1,"capital":0},"geometry":{"type":"Point","coordinates":[-98.358,40.922]}},{"type":"Feature","properties":{"name":"Alliance","rank":1,"capital":0},"geometry":{"type":"Point","coordinates":[-102.87,42.101]}},{"type":"Feature","properties":{"name":"Bartlesville","rank":1,"capital":0},"geometry":{"type":"Point","coordinates":[-95.981,36.747]}},{"type":"Feature","properties":{"name":"Enid","rank":1,"capital":0},"geometry":{"type":"Point","coordinates":[-97.878,36.396]}},{"type":"Feature","properties":{"name":"Ardmore","rank":1,"capital":0},"geometry":{"type":"Point","coordinates":[-97.129,34.181]}},{"type":"Feature","properties":{"name":"McAlester","rank":1,"capital":0},"geometry":{"type":"Point","coordinates":[-95.766,34.933]}},{"type":"Feature","properties":{"name":"Stillwater","rank":1,"capital":0},"geometry":{"type":"Point","coordinates":[-97.068,36.135]}},{"type":"Feature","properties":{"name":"Lead","rank":1,"capital":0},"geometry":{"type":"Point","coordinates":[-103.766,44.351]}},{"type":"Feature","properties":{"name":"Slidell","rank":1,"capital":0},"geometry":{"type":"Point","coordinates":[-89.781,30.275]}},{"type":"Feature","properties":{"name":"Lake Charles","rank":1,"capital":0},"geometry":{"type":"Point","coordinates":[-93.217,30.226]}},{"type":"Feature","properties":{"name":"Metairie","rank":1,"capital":0},"geometry":{"type":"Point","coordinates":[-90.153,29.984]}},{"type":"Feature","properties":{"name":"New Iberia","rank":1,"capital":0},"geometry":{"type":"Point","coordinates":[-91.818,30.004]}},{"type":"Feature","properties":{"name":"Bryan","rank":1,"capital":0},"geometry":{"type":"Point","coordinates":[-96.37,30.674]}},{"type":"Feature","properties":{"name":"San Marcos","rank":1,"capital":0},"geometry":{"type":"Point","coordinates":[-97.941,29.883]}},{"type":"Feature","properties":{"name":"Longview","rank":1,"capital":0},"geometry":{"type":"Point","coordinates":[-94.74,32.501]}},{"type":"Feature","properties":{"name":"McAllen","rank":1,"capital":0},"geometry":{"type":"Point","coordinates":[-98.23,26.203]}},{"type":"Feature","properties":{"name":"Harlingen","rank":1,"capital":0},"geometry":{"type":"Point","coordinates":[-97.69,26.198]}},{"type":"Feature","properties":{"name":"Alice","rank":1,"capital":0},"geometry":{"type":"Point","coordinates":[-98.07,27.75]}},{"type":"Feature","properties":{"name":"New Braunfels","rank":1,"capital":0},"geometry":{"type":"Point","coordinates":[-98.126,29.698]}},{"type":"Feature","properties":{"name":"Cleburne","rank":1,"capital":0},"geometry":{"type":"Point","coordinates":[-97.392,32.352]}},{"type":"Feature","properties":{"name":"Brownwood","rank":1,"capital":0},"geometry":{"type":"Point","coordinates":[-98.982,31.708]}},{"type":"Feature","properties":{"name":"Alpine","rank":1,"capital":0},"geometry":{"type":"Point","coordinates":[-103.665,30.361]}},{"type":"Feature","properties":{"name":"Van Horn","rank":1,"capital":0},"geometry":{"type":"Point","coordinates":[-104.832,31.042]}},{"type":"Feature","properties":{"name":"Big Spring","rank":1,"capital":0},"geometry":{"type":"Point","coordinates":[-101.475,32.243]}},{"type":"Feature","properties":{"name":"Vernon","rank":1,"capital":0},"geometry":{"type":"Point","coordinates":[-99.29,34.151]}},{"type":"Feature","properties":{"name":"Childress","rank":1,"capital":0},"geometry":{"type":"Point","coordinates":[-100.214,34.425]}},{"type":"Feature","properties":{"name":"Hereford","rank":1,"capital":0},"geometry":{"type":"Point","coordinates":[-102.399,34.822]}},{"type":"Feature","properties":{"name":"Dalhart","rank":1,"capital":0},"geometry":{"type":"Point","coordinates":[-102.519,36.061]}},{"type":"Feature","properties":{"name":"Texas City","rank":1,"capital":0},"geometry":{"type":"Point","coordinates":[-94.963,29.411]}},{"type":"Feature","properties":{"name":"Pasadena","rank":1,"capital":0},"geometry":{"type":"Point","coordinates":[-95.148,29.661]}},{"type":"Feature","properties":{"name":"Baytown","rank":1,"capital":0},"geometry":{"type":"Point","coordinates":[-94.968,29.756]}},{"type":"Feature","properties":{"name":"Arlington","rank":1,"capital":0},"geometry":{"type":"Point","coordinates":[-97.02,32.685]}},{"type":"Feature","properties":{"name":"New London","rank":1,"capital":0},"geometry":{"type":"Point","coordinates":[-72.1,41.356]}},{"type":"Feature","properties":{"name":"Stamford","rank":1,"capital":0},"geometry":{"type":"Point","coordinates":[-73.539,41.053]}},{"type":"Feature","properties":{"name":"Waterbury","rank":1,"capital":0},"geometry":{"type":"Point","coordinates":[-73.05,41.55]}},{"type":"Feature","properties":{"name":"New Bedford","rank":1,"capital":0},"geometry":{"type":"Point","coordinates":[-70.945,41.656]}},{"type":"Feature","properties":{"name":"Springfield","rank":1,"capital":0},"geometry":{"type":"Point","coordinates":[-72.58,42.12]}},{"type":"Feature","properties":{"name":"Salem","rank":1,"capital":0},"geometry":{"type":"Point","coordinates":[-70.883,42.522]}},{"type":"Feature","properties":{"name":"Pittsfield","rank":1,"capital":0},"geometry":{"type":"Point","coordinates":[-73.26,42.448]}},{"type":"Feature","properties":{"name":"Montpelier","rank":1,"capital":0},"geometry":{"type":"Point","coordinates":[-72.576,44.26]}},{"type":"Feature","properties":{"name":"Auburn","rank":1,"capital":0},"geometry":{"type":"Point","coordinates":[-85.481,32.61]}},{"type":"Feature","properties":{"name":"Florence","rank":1,"capital":0},"geometry":{"type":"Point","coordinates":[-87.677,34.8]}},{"type":"Feature","properties":{"name":"Winter Haven","rank":1,"capital":0},"geometry":{"type":"Point","coordinates":[-81.733,28.022]}},{"type":"Feature","properties":{"name":"Melbourne","rank":1,"capital":0},"geometry":{"type":"Point","coordinates":[-80.608,28.083]}},{"type":"Feature","properties":{"name":"Homestead","rank":1,"capital":0},"geometry":{"type":"Point","coordinates":[-80.478,25.468]}},{"type":"Feature","properties":{"name":"Sanford","rank":1,"capital":0},"geometry":{"type":"Point","coordinates":[-81.28,28.79]}},{"type":"Feature","properties":{"name":"Miami Beach","rank":1,"capital":0},"geometry":{"type":"Point","coordinates":[-80.132,25.81]}},{"type":"Feature","properties":{"name":"Coral Springs","rank":1,"capital":0},"geometry":{"type":"Point","coordinates":[-80.271,26.271]}},{"type":"Feature","properties":{"name":"Port Charlotte","rank":1,"capital":0},"geometry":{"type":"Point","coordinates":[-82.106,27.0]}},{"type":"Feature","properties":{"name":"Spring Hill","rank":1,"capital":0},"geometry":{"type":"Point","coordinates":[-82.548,28.479]}},{"type":"Feature","properties":{"name":"Palm Coast","rank":1,"capital":0},"geometry":{"type":"Point","coordinates":[-81.223,29.538]}},{"type":"Feature","properties":{"name":"Palatka","rank":1,"capital":0},"geometry":{"type":"Point","coordinates":[-81.651,29.648]}},{"type":"Feature","properties":{"name":"Leesburg","rank":1,"capital":0},"geometry":{"type":"Point","coordinates":[-81.883,28.811]}},{"type":"Feature","properties":{"name":"Lake City","rank":1,"capital":0},"geometry":{"type":"Point","coordinates":[-82.64,30.19]}},{"type":"Feature","properties":{"name":"Crestview","rank":1,"capital":0},"geometry":{"type":"Point","coordinates":[-86.573,30.754]}},{"type":"Feature","properties":{"name":"Panama City","rank":1,"capital":0},"geometry":{"type":"Point","coordinates":[-85.655,30.159]}},{"type":"Feature","properties":{"name":"Dalton","rank":1,"capital":0},"geometry":{"type":"Point","coordinates":[-84.97,34.77]}},{"type":"Feature","properties":{"name":"Marietta","rank":1,"capital":0},"geometry":{"type":"Point","coordinates":[-84.543,33.956]}},{"type":"Feature","properties":{"name":"Waycross","rank":1,"capital":0},"geometry":{"type":"Point","coordinates":[-82.355,31.214]}},{"type":"Feature","properties":{"name":"La Grange","rank":1,"capital":0},"geometry":{"type":"Point","coordinates":[-85.032,33.036]}},{"type":"Feature","properties":{"name":"Southaven","rank":1,"capital":0},"geometry":{"type":"Point","coordinates":[-90.003,34.969]}},{"type":"Feature","properties":{"name":"Meridian","rank":1,"capital":0},"geometry":{"type":"Point","coordinates":[-88.704,32.364]}},{"type":"Feature","properties":{"name":"Laurel","rank":1,"capital":0},"geometry":{"type":"Point","coordinates":[-89.139,31.697]}},{"type":"Feature","properties":{"name":"Spartanburg","rank":1,"capital":0},"geometry":{"type":"Point","coordinates":[-81.932,34.949]}},{"type":"Feature","properties":{"name":"Orangeburg","rank":1,"capital":0},"geometry":{"type":"Point","coordinates":[-80.862,33.497]}},{"type":"Feature","properties":{"name":"Galesburg","rank":1,"capital":0},"geometry":{"type":"Point","coordinates":[-90.371,40.948]}},{"type":"Feature","properties":{"name":"Joliet","rank":1,"capital":0},"geometry":{"type":"Point","coordinates":[-88.107,41.53]}},{"type":"Feature","properties":{"name":"Cape Girardeau","rank":1,"capital":0},"geometry":{"type":"Point","coordinates":[-89.518,37.306]}},{"type":"Feature","properties":{"name":"Rockford","rank":1,"capital":0},"geometry":{"type":"Point","coordinates":[-89.07,42.27]}},{"type":"Feature","properties":{"name":"Evanston","rank":1,"capital":0},"geometry":{"type":"Point","coordinates":[-87.7,42.048]}},{"type":"Feature","properties":{"name":"Rock Island","rank":1,"capital":0},"geometry":{"type":"Point","coordinates":[-90.535,41.493]}},{"type":"Feature","properties":{"name":"Elgin","rank":1,"capital":0},"geometry":{"type":"Point","coordinates":[-88.29,42.039]}},{"type":"Feature","properties":{"name":"Richmond","rank":1,"capital":0},"geometry":{"type":"Point","coordinates":[-84.89,39.829]}},{"type":"Feature","properties":{"name":"Terre Haute","rank":1,"capital":0},"geometry":{"type":"Point","coordinates":[-87.414,39.467]}},{"type":"Feature","properties":{"name":"Lafayette","rank":1,"capital":0},"geometry":{"type":"Point","coordinates":[-86.878,40.417]}},{"type":"Feature","properties":{"name":"Marion","rank":1,"capital":0},"geometry":{"type":"Point","coordinates":[-85.659,40.558]}},{"type":"Feature","properties":{"name":"South Bend","rank":1,"capital":0},"geometry":{"type":"Point","coordinates":[-86.25,41.683]}},{"type":"Feature","properties":{"name":"New Albany","rank":1,"capital":0},"geometry":{"type":"Point","coordinates":[-85.821,38.311]}},{"type":"Feature","properties":{"name":"Elkhart","rank":1,"capital":0},"geometry":{"type":"Point","coordinates":[-85.969,41.683]}},{"type":"Feature","properties":{"name":"Hopkinsville","rank":1,"capital":0},"geometry":{"type":"Point","coordinates":[-87.489,36.865]}},{"type":"Feature","properties":{"name":"London","rank":1,"capital":0},"geometry":{"type":"Point","coordinates":[-84.083,37.129]}},{"type":"Feature","properties":{"name":"Madisonville","rank":1,"capital":0},"geometry":{"type":"Point","coordinates":[-87.502,37.333]}},{"type":"Feature","properties":{"name":"Rocky Mount","rank":1,"capital":0},"geometry":{"type":"Point","coordinates":[-77.791,35.938]}},{"type":"Feature","properties":{"name":"Salisbury","rank":1,"capital":0},"geometry":{"type":"Point","coordinates":[-80.474,35.671]}},{"type":"Feature","properties":{"name":"Durham","rank":1,"capital":0},"geometry":{"type":"Point","coordinates":[-78.92,36.0]}},{"type":"Feature","properties":{"name":"Lumberton","rank":1,"capital":0},"geometry":{"type":"Point","coordinates":[-79.012,34.627]}},{"type":"Feature","properties":{"name":"Zanesville","rank":1,"capital":0},"geometry":{"type":"Point","coordinates":[-82.013,39.94]}},{"type":"Feature","properties":{"name":"Mansfield","rank":1,"capital":0},"geometry":{"type":"Point","coordinates":[-82.516,40.758]}},{"type":"Feature","properties":{"name":"Bowling Green","rank":1,"capital":0},"geometry":{"type":"Point","coordinates":[-83.651,41.375]}},{"type":"Feature","properties":{"name":"Springfield","rank":1,"capital":0},"geometry":{"type":"Point","coordinates":[-83.8,39.92]}},{"type":"Feature","properties":{"name":"Lancaster","rank":1,"capital":0},"geometry":{"type":"Point","coordinates":[-82.605,39.719]}},{"type":"Feature","properties":{"name":"Johnson City","rank":1,"capital":0},"geometry":{"type":"Point","coordinates":[-82.354,36.313]}},{"type":"Feature","properties":{"name":"Kingsport","rank":1,"capital":0},"geometry":{"type":"Point","coordinates":[-82.562,36.548]}},{"type":"Feature","properties":{"name":"Columbia","rank":1,"capital":0},"geometry":{"type":"Point","coordinates":[-87.035,35.615]}},{"type":"Feature","properties":{"name":"Barlett","rank":1,"capital":0},"geometry":{"type":"Point","coordinates":[-89.841,35.223]}},{"type":"Feature","properties":{"name":"Blacksburg","rank":1,"capital":0},"geometry":{"type":"Point","coordinates":[-80.414,37.229]}},{"type":"Feature","properties":{"name":"Harrisonburg","rank":1,"capital":0},"geometry":{"type":"Point","coordinates":[-78.869,38.449]}},{"type":"Feature","properties":{"name":"Petersburg","rank":1,"capital":0},"geometry":{"type":"Point","coordinates":[-77.402,37.228]}},{"type":"Feature","properties":{"name":"Hampton","rank":1,"capital":0},"geometry":{"type":"Point","coordinates":[-76.35,37.03]}},{"type":"Feature","properties":{"name":"Sheboygan","rank":1,"capital":0},"geometry":{"type":"Point","coordinates":[-87.714,43.751]}},{"type":"Feature","properties":{"name":"Waukesha","rank":1,"capital":0},"geometry":{"type":"Point","coordinates":[-88.231,43.012]}},{"type":"Feature","properties":{"name":"La Crosse","rank":1,"capital":0},"geometry":{"type":"Point","coordinates":[-91.239,43.801]}},{"type":"Feature","properties":{"name":"Eau Claire","rank":1,"capital":0},"geometry":{"type":"Point","coordinates":[-91.498,44.811]}},{"type":"Feature","properties":{"name":"Tomah","rank":1,"capital":0},"geometry":{"type":"Point","coordinates":[-90.504,43.985]}},{"type":"Feature","properties":{"name":"Janesville","rank":1,"capital":0},"geometry":{"type":"Point","coordinates":[-89.022,42.683]}},{"type":"Feature","properties":{"name":"Appleton","rank":1,"capital":0},"geometry":{"type":"Point","coordinates":[-88.401,44.269]}},{"type":"Feature","properties":{"name":"Parkersburg","rank":1,"capital":0},"geometry":{"type":"Point","coordinates":[-81.562,39.267]}},{"type":"Feature","properties":{"name":"White Sulphur Springs","rank":1,"capital":0},"geometry":{"type":"Point","coordinates":[-80.303,37.794]}},{"type":"Feature","properties":{"name":"Clarksburg","rank":1,"capital":0},"geometry":{"type":"Point","coordinates":[-80.337,39.283]}},{"type":"Feature","properties":{"name":"Dover","rank":1,"capital":0},"geometry":{"type":"Point","coordinates":[-75.525,39.158]}},{"type":"Feature","properties":{"name":"St. Charles","rank":1,"capital":0},"geometry":{"type":"Point","coordinates":[-76.939,38.603]}},{"type":"Feature","properties":{"name":"Annapolis","rank":1,"capital":0},"geometry":{"type":"Point","coordinates":[-76.492,38.978]}},{"type":"Feature","properties":{"name":"Hagerstown","rank":1,"capital":0},"geometry":{"type":"Point","coordinates":[-77.72,39.642]}},{"type":"Feature","properties":{"name":"Paterson","rank":1,"capital":0},"geometry":{"type":"Point","coordinates":[-74.17,40.92]}},{"type":"Feature","properties":{"name":"Saratoga Springs","rank":1,"capital":0},"geometry":{"type":"Point","coordinates":[-73.785,43.083]}},{"type":"Feature","properties":{"name":"Poughkeepsie","rank":1,"capital":0},"geometry":{"type":"Point","coordinates":[-73.921,41.7]}},{"type":"Feature","properties":{"name":"Plattsburgh","rank":1,"capital":0},"geometry":{"type":"Point","coordinates":[-73.458,44.695]}},{"type":"Feature","properties":{"name":"Beaver Falls","rank":1,"capital":0},"geometry":{"type":"Point","coordinates":[-80.319,40.752]}},{"type":"Feature","properties":{"name":"Altoona","rank":1,"capital":0},"geometry":{"type":"Point","coordinates":[-78.395,40.519]}},{"type":"Feature","properties":{"name":"Williamsport","rank":1,"capital":0},"geometry":{"type":"Point","coordinates":[-77.001,41.241]}},{"type":"Feature","properties":{"name":"Lancaster","rank":1,"capital":0},"geometry":{"type":"Point","coordinates":[-76.306,40.038]}},{"type":"Feature","properties":{"name":"Allentown","rank":1,"capital":0},"geometry":{"type":"Point","coordinates":[-75.5,40.6]}},{"type":"Feature","properties":{"name":"Waterville","rank":1,"capital":0},"geometry":{"type":"Point","coordinates":[-69.646,44.552]}},{"type":"Feature","properties":{"name":"Calais","rank":1,"capital":0},"geometry":{"type":"Point","coordinates":[-67.242,45.166]}},{"type":"Feature","properties":{"name":"Houlton","rank":1,"capital":0},"geometry":{"type":"Point","coordinates":[-67.84,46.126]}},{"type":"Feature","properties":{"name":"Benton Harbor","rank":1,"capital":0},"geometry":{"type":"Point","coordinates":[-86.454,42.117]}},{"type":"Feature","properties":{"name":"Battle Creek","rank":1,"capital":0},"geometry":{"type":"Point","coordinates":[-85.18,42.321]}},{"type":"Feature","properties":{"name":"Bay City","rank":1,"capital":0},"geometry":{"type":"Point","coordinates":[-83.889,43.594]}},{"type":"Feature","properties":{"name":"Alpena","rank":1,"capital":0},"geometry":{"type":"Point","coordinates":[-83.433,45.062]}},{"type":"Feature","properties":{"name":"Iron Mountain","rank":1,"capital":0},"geometry":{"type":"Point","coordinates":[-88.064,45.822]}},{"type":"Feature","properties":{"name":"Ironwood","rank":1,"capital":0},"geometry":{"type":"Point","coordinates":[-90.159,46.456]}},{"type":"Feature","properties":{"name":"Sand Point","rank":1,"capital":0},"geometry":{"type":"Point","coordinates":[-160.497,55.34]}},{"type":"Feature","properties":{"name":"Hydaburg","rank":1,"capital":0},"geometry":{"type":"Point","coordinates":[-132.801,55.214]}},{"type":"Feature","properties":{"name":"Mekoryuk","rank":1,"capital":0},"geometry":{"type":"Point","coordinates":[-166.19,60.389]}},{"type":"Feature","properties":{"name":"Atqasuk","rank":1,"capital":0},"geometry":{"type":"Point","coordinates":[-157.396,70.469]}},{"type":"Feature","properties":{"name":"Port Heiden","rank":1,"capital":0},"geometry":{"type":"Point","coordinates":[-158.627,56.949]}},{"type":"Feature","properties":{"name":"Perryville","rank":1,"capital":0},"geometry":{"type":"Point","coordinates":[-159.151,55.919]}},{"type":"Feature","properties":{"name":"Dillingham","rank":1,"capital":0},"geometry":{"type":"Point","coordinates":[-158.48,59.057]}},{"type":"Feature","properties":{"name":"Goodnews Bay","rank":1,"capital":0},"geometry":{"type":"Point","coordinates":[-161.587,59.121]}},{"type":"Feature","properties":{"name":"Nyac","rank":1,"capital":0},"geometry":{"type":"Point","coordinates":[-159.94,61.004]}},{"type":"Feature","properties":{"name":"Tununak","rank":1,"capital":0},"geometry":{"type":"Point","coordinates":[-165.256,60.585]}},{"type":"Feature","properties":{"name":"Mountain Village","rank":1,"capital":0},"geometry":{"type":"Point","coordinates":[-163.729,62.086]}},{"type":"Feature","properties":{"name":"Emmonak","rank":1,"capital":0},"geometry":{"type":"Point","coordinates":[-164.523,62.777]}},{"type":"Feature","properties":{"name":"Kaltag","rank":1,"capital":0},"geometry":{"type":"Point","coordinates":[-158.722,64.327]}},{"type":"Feature","properties":{"name":"Teller","rank":1,"capital":0},"geometry":{"type":"Point","coordinates":[-166.361,65.264]}},{"type":"Feature","properties":{"name":"Koyukuk","rank":1,"capital":0},"geometry":{"type":"Point","coordinates":[-157.701,64.88]}},{"type":"Feature","properties":{"name":"Kobuk","rank":1,"capital":0},"geometry":{"type":"Point","coordinates":[-156.881,66.907]}},{"type":"Feature","properties":{"name":"Selawik","rank":1,"capital":0},"geometry":{"type":"Point","coordinates":[-160.009,66.604]}},{"type":"Feature","properties":{"name":"Talkeetna","rank":1,"capital":0},"geometry":{"type":"Point","coordinates":[-150.109,62.324]}},{"type":"Feature","properties":{"name":"Whittier","rank":1,"capital":0},"geometry":{"type":"Point","coordinates":[-148.678,60.784]}},{"type":"Feature","properties":{"name":"Montana","rank":1,"capital":0},"geometry":{"type":"Point","coordinates":[-150.073,62.08]}},{"type":"Feature","properties":{"name":"Lake Minchumina","rank":1,"capital":0},"geometry":{"type":"Point","coordinates":[-152.312,63.883]}},{"type":"Feature","properties":{"name":"Cantwell","rank":1,"capital":0},"geometry":{"type":"Point","coordinates":[-148.951,63.392]}},{"type":"Feature","properties":{"name":"Gulkana","rank":1,"capital":0},"geometry":{"type":"Point","coordinates":[-145.382,62.271]}},{"type":"Feature","properties":{"name":"Eagle","rank":1,"capital":0},"geometry":{"type":"Point","coordinates":[-141.2,64.788]}},{"type":"Feature","properties":{"name":"Nenana","rank":1,"capital":0},"geometry":{"type":"Point","coordinates":[-149.093,64.564]}},{"type":"Feature","properties":{"name":"Big Delta","rank":1,"capital":0},"geometry":{"type":"Point","coordinates":[-145.842,64.153]}},{"type":"Feature","properties":{"name":"Allakaket","rank":1,"capital":0},"geometry":{"type":"Point","coordinates":[-152.645,66.565]}},{"type":"Feature","properties":{"name":"Tanana","rank":1,"capital":0},"geometry":{"type":"Point","coordinates":[-152.079,65.172]}},{"type":"Feature","properties":{"name":"Yumen","rank":1,"capital":0},"geometry":{"type":"Point","coordinates":[97.73,39.83]}},{"type":"Feature","properties":{"name":"Linxia","rank":1,"capital":0},"geometry":{"type":"Point","coordinates":[103.2,35.6]}},{"type":"Feature","properties":{"name":"Zhuozhou","rank":1,"capital":0},"geometry":{"type":"Point","coordinates":[115.79,39.54]}},{"type":"Feature","properties":{"name":"Sanming","rank":1,"capital":0},"geometry":{"type":"Point","coordinates":[117.58,26.23]}},{"type":"Feature","properties":{"name":"Huizhou","rank":1,"capital":0},"geometry":{"type":"Point","coordinates":[114.4,23.08]}},{"type":"Feature","properties":{"name":"Chaozhou","rank":1,"capital":0},"geometry":{"type":"Point","coordinates":[116.63,23.68]}},{"type":"Feature","properties":{"name":"Gyangze","rank":1,"capital":0},"geometry":{"type":"Point","coordinates":[89.633,28.95]}},{"type":"Feature","properties":{"name":"Dali","rank":1,"capital":0},"geometry":{"type":"Point","coordinates":[109.938,34.795]}},{"type":"Feature","properties":{"name":"Yangquan","rank":1,"capital":0},"geometry":{"type":"Point","coordinates":[113.57,37.87]}},{"type":"Feature","properties":{"name":"Shiyan","rank":1,"capital":0},"geometry":{"type":"Point","coordinates":[110.78,32.57]}},{"type":"Feature","properties":{"name":"Danjiangkou","rank":1,"capital":0},"geometry":{"type":"Point","coordinates":[111.5,32.52]}},{"type":"Feature","properties":{"name":"Jingzhou","rank":1,"capital":0},"geometry":{"type":"Point","coordinates":[112.23,30.32]}},{"type":"Feature","properties":{"name":"Anlu","rank":1,"capital":0},"geometry":{"type":"Point","coordinates":[113.67,31.27]}},{"type":"Feature","properties":{"name":"Zixing","rank":1,"capital":0},"geometry":{"type":"Point","coordinates":[113.4,25.97]}},{"type":"Feature","properties":{"name":"Deyang","rank":1,"capital":0},"geometry":{"type":"Point","coordinates":[104.4,31.133]}},{"type":"Feature","properties":{"name":"Tengchong","rank":1,"capital":0},"geometry":{"type":"Point","coordinates":[98.467,25.033]}},{"type":"Feature","properties":{"name":"Mengzi","rank":1,"capital":0},"geometry":{"type":"Point","coordinates":[103.406,23.362]}},{"type":"Feature","properties":{"name":"Chuxiong","rank":1,"capital":0},"geometry":{"type":"Point","coordinates":[101.546,25.036]}},{"type":"Feature","properties":{"name":"Hengshui","rank":1,"capital":0},"geometry":{"type":"Point","coordinates":[115.7,37.72]}},{"type":"Feature","properties":{"name":"Xuanhua","rank":1,"capital":0},"geometry":{"type":"Point","coordinates":[115.024,40.594]}},{"type":"Feature","properties":{"name":"Luohe","rank":1,"capital":0},"geometry":{"type":"Point","coordinates":[114.03,33.57]}},{"type":"Feature","properties":{"name":"Beipiao","rank":1,"capital":0},"geometry":{"type":"Point","coordinates":[120.76,41.81]}},{"type":"Feature","properties":{"name":"Wafangdian","rank":1,"capital":0},"geometry":{"type":"Point","coordinates":[121.996,39.626]}},{"type":"Feature","properties":{"name":"Zhucheng","rank":1,"capital":0},"geometry":{"type":"Point","coordinates":[119.38,35.99]}},{"type":"Feature","properties":{"name":"Hangu","rank":1,"capital":0},"geometry":{"type":"Point","coordinates":[117.777,39.232]}},{"type":"Feature","properties":{"name":"Xinyi","rank":1,"capital":0},"geometry":{"type":"Point","coordinates":[118.35,34.38]}},{"type":"Feature","properties":{"name":"Yangzhou","rank":1,"capital":0},"geometry":{"type":"Point","coordinates":[119.43,32.4]}},{"type":"Feature","properties":{"name":"Linhai","rank":1,"capital":0},"geometry":{"type":"Point","coordinates":[121.12,28.85]}},{"type":"Feature","properties":{"name":"Huangyan","rank":1,"capital":0},"geometry":{"type":"Point","coordinates":[121.25,28.65]}},{"type":"Feature","properties":{"name":"Daan","rank":1,"capital":0},"geometry":{"type":"Point","coordinates":[124.3,45.5]}},{"type":"Feature","properties":{"name":"Changling","rank":1,"capital":0},"geometry":{"type":"Point","coordinates":[123.99,44.27]}},{"type":"Feature","properties":{"name":"Tonghua","rank":1,"capital":0},"geometry":{"type":"Point","coordinates":[125.75,41.68]}},{"type":"Feature","properties":{"name":"Baishan","rank":1,"capital":0},"geometry":{"type":"Point","coordinates":[126.43,41.9]}},{"type":"Feature","properties":{"name":"Yanji","rank":1,"capital":0},"geometry":{"type":"Point","coordinates":[129.513,42.882]}},{"type":"Feature","properties":{"name":"Genhe","rank":1,"capital":0},"geometry":{"type":"Point","coordinates":[121.517,50.783]}},{"type":"Feature","properties":{"name":"Shangdu","rank":1,"capital":0},"geometry":{"type":"Point","coordinates":[113.534,41.549]}},{"type":"Feature","properties":{"name":"Orongen Zizhiqi","rank":1,"capital":0},"geometry":{"type":"Point","coordinates":[123.717,50.567]}},{"type":"Feature","properties":{"name":"Zalantun","rank":1,"capital":0},"geometry":{"type":"Point","coordinates":[122.72,48.0]}},{"type":"Feature","properties":{"name":"Wuchuan","rank":1,"capital":0},"geometry":{"type":"Point","coordinates":[111.441,41.096]}},{"type":"Feature","properties":{"name":"Hanggin Houqi","rank":1,"capital":0},"geometry":{"type":"Point","coordinates":[107.14,40.885]}},{"type":"Feature","properties":{"name":"Anda","rank":1,"capital":0},"geometry":{"type":"Point","coordinates":[125.32,46.4]}},{"type":"Feature","properties":{"name":"Qinggang","rank":1,"capital":0},"geometry":{"type":"Point","coordinates":[126.1,46.69]}},{"type":"Feature","properties":{"name":"Angangxi","rank":1,"capital":0},"geometry":{"type":"Point","coordinates":[123.8,47.16]}},{"type":"Feature","properties":{"name":"Hulan Ergi","rank":1,"capital":0},"geometry":{"type":"Point","coordinates":[123.61,47.21]}},{"type":"Feature","properties":{"name":"Qingan","rank":1,"capital":0},"geometry":{"type":"Point","coordinates":[127.512,46.872]}},{"type":"Feature","properties":{"name":"Baiquan","rank":1,"capital":0},"geometry":{"type":"Point","coordinates":[126.082,47.602]}},{"type":"Feature","properties":{"name":"Suileng","rank":1,"capital":0},"geometry":{"type":"Point","coordinates":[127.106,47.246]}},{"type":"Feature","properties":{"name":"Linkou","rank":1,"capital":0},"geometry":{"type":"Point","coordinates":[130.252,45.282]}},{"type":"Feature","properties":{"name":"Simla","rank":1,"capital":0},"geometry":{"type":"Point","coordinates":[77.167,31.1]}},{"type":"Feature","properties":{"name":"Gurgaon","rank":1,"capital":0},"geometry":{"type":"Point","coordinates":[77.02,28.45]}},{"type":"Feature","properties":{"name":"Sonipat","rank":1,"capital":0},"geometry":{"type":"Point","coordinates":[77.02,29.0]}},{"type":"Feature","properties":{"name":"Rohtak","rank":1,"capital":0},"geometry":{"type":"Point","coordinates":[76.58,28.9]}},{"type":"Feature","properties":{"name":"Hisar","rank":1,"capital":0},"geometry":{"type":"Point","coordinates":[75.725,29.17]}},{"type":"Feature","properties":{"name":"Bhiwani","rank":1,"capital":0},"geometry":{"type":"Point","coordinates":[76.125,28.81]}},{"type":"Feature","properties":{"name":"Ambala","rank":1,"capital":0},"geometry":{"type":"Point","coordinates":[76.792,30.377]}},{"type":"Feature","properties":{"name":"Sopore","rank":1,"capital":0},"geometry":{"type":"Point","coordinates":[74.467,34.3]}},{"type":"Feature","properties":{"name":"Silvassa","rank":1,"capital":0},"geometry":{"type":"Point","coordinates":[73.017,20.267]}},{"type":"Feature","properties":{"name":"Kalyan","rank":1,"capital":0},"geometry":{"type":"Point","coordinates":[73.16,19.25]}},{"type":"Feature","properties":{"name":"Bhusawal","rank":1,"capital":0},"geometry":{"type":"Point","coordinates":[75.83,21.02]}},{"type":"Feature","properties":{"name":"Jorhat","rank":1,"capital":0},"geometry":{"type":"Point","coordinates":[94.217,26.75]}},{"type":"Feature","properties":{"name":"Hoshiarpur","rank":1,"capital":0},"geometry":{"type":"Point","coordinates":[75.98,31.52]}},{"type":"Feature","properties":{"name":"Ajmer","rank":1,"capital":0},"geometry":{"type":"Point","coordinates":[74.64,26.45]}},{"type":"Feature","properties":{"name":"Hathras","rank":1,"capital":0},"geometry":{"type":"Point","coordinates":[78.05,27.6]}},{"type":"Feature","properties":{"name":"Sitapur","rank":1,"capital":0},"geometry":{"type":"Point","coordinates":[80.683,27.552]}},{"type":"Feature","properties":{"name":"Pilibhit","rank":1,"capital":0},"geometry":{"type":"Point","coordinates":[79.81,28.64]}},{"type":"Feature","properties":{"name":"Budaun","rank":1,"capital":0},"geometry":{"type":"Point","coordinates":[79.09,28.03]}},{"type":"Feature","properties":{"name":"Firozabad","rank":1,"capital":0},"geometry":{"type":"Point","coordinates":[78.395,27.15]}},{"type":"Feature","properties":{"name":"Mathura","rank":1,"capital":0},"geometry":{"type":"Point","coordinates":[77.67,27.5]}},{"type":"Feature","properties":{"name":"Bulandshahr","rank":1,"capital":0},"geometry":{"type":"Point","coordinates":[77.848,28.41]}},{"type":"Feature","properties":{"name":"Hapur","rank":1,"capital":0},"geometry":{"type":"Point","coordinates":[77.763,28.744]}},{"type":"Feature","properties":{"name":"Muzaffarnagar","rank":1,"capital":0},"geometry":{"type":"Point","coordinates":[77.695,29.485]}},{"type":"Feature","properties":{"name":"Gangtok","rank":1,"capital":0},"geometry":{"type":"Point","coordinates":[88.617,27.333]}},{"type":"Feature","properties":{"name":"Grajau","rank":1,"capital":0},"geometry":{"type":"Point","coordinates":[-46.15,-5.81]}},{"type":"Feature","properties":{"name":"Presidente Dutra","rank":1,"capital":0},"geometry":{"type":"Point","coordinates":[-44.52,-5.25]}},{"type":"Feature","properties":{"name":"Itapecuru Mirim","rank":1,"capital":0},"geometry":{"type":"Point","coordinates":[-44.36,-3.4]}},{"type":"Feature","properties":{"name":"S\u00e3o Jos\u00e9 de Ribamar","rank":1,"capital":0},"geometry":{"type":"Point","coordinates":[-44.07,-2.55]}},{"type":"Feature","properties":{"name":"Santa In\u00eas","rank":1,"capital":0},"geometry":{"type":"Point","coordinates":[-45.39,-3.66]}},{"type":"Feature","properties":{"name":"Ros\u00e1rio","rank":1,"capital":0},"geometry":{"type":"Point","coordinates":[-44.26,-2.94]}},{"type":"Feature","properties":{"name":"Timon","rank":1,"capital":0},"geometry":{"type":"Point","coordinates":[-42.845,-5.115]}},{"type":"Feature","properties":{"name":"Capanema","rank":1,"capital":0},"geometry":{"type":"Point","coordinates":[-47.18,-1.19]}},{"type":"Feature","properties":{"name":"Portel","rank":1,"capital":0},"geometry":{"type":"Point","coordinates":[-50.82,-1.95]}},{"type":"Feature","properties":{"name":"Itupiranga","rank":1,"capital":0},"geometry":{"type":"Point","coordinates":[-49.3,-5.12]}},{"type":"Feature","properties":{"name":"Pimenta Bueno","rank":1,"capital":0},"geometry":{"type":"Point","coordinates":[-61.21,-11.64]}},{"type":"Feature","properties":{"name":"Ponta Por\u00e3","rank":1,"capital":0},"geometry":{"type":"Point","coordinates":[-55.73,-22.53]}},{"type":"Feature","properties":{"name":"Maracaju","rank":1,"capital":0},"geometry":{"type":"Point","coordinates":[-55.18,-21.61]}},{"type":"Feature","properties":{"name":"Jardim","rank":1,"capital":0},"geometry":{"type":"Point","coordinates":[-56.15,-21.48]}},{"type":"Feature","properties":{"name":"Tr\u00eas Lagoas","rank":1,"capital":0},"geometry":{"type":"Point","coordinates":[-51.72,-20.79]}},{"type":"Feature","properties":{"name":"Guanh\u00e3es","rank":1,"capital":0},"geometry":{"type":"Point","coordinates":[-42.95,-18.78]}},{"type":"Feature","properties":{"name":"Leopoldina","rank":1,"capital":0},"geometry":{"type":"Point","coordinates":[-42.64,-21.53]}},{"type":"Feature","properties":{"name":"Nova Lima","rank":1,"capital":0},"geometry":{"type":"Point","coordinates":[-43.85,-19.98]}},{"type":"Feature","properties":{"name":"Pouso Alegre","rank":1,"capital":0},"geometry":{"type":"Point","coordinates":[-45.94,-22.22]}},{"type":"Feature","properties":{"name":"Ita\u00fana","rank":1,"capital":0},"geometry":{"type":"Point","coordinates":[-44.57,-20.06]}},{"type":"Feature","properties":{"name":"Caratinga","rank":1,"capital":0},"geometry":{"type":"Point","coordinates":[-42.14,-19.79]}},{"type":"Feature","properties":{"name":"Diamantina","rank":1,"capital":0},"geometry":{"type":"Point","coordinates":[-43.61,-18.24]}},{"type":"Feature","properties":{"name":"Nanuque","rank":1,"capital":0},"geometry":{"type":"Point","coordinates":[-40.35,-17.84]}},{"type":"Feature","properties":{"name":"Barbacena","rank":1,"capital":0},"geometry":{"type":"Point","coordinates":[-43.77,-21.22]}},{"type":"Feature","properties":{"name":"Po\u00e7os de Caldas","rank":1,"capital":0},"geometry":{"type":"Point","coordinates":[-46.57,-21.78]}},{"type":"Feature","properties":{"name":"Guaxup\u00e9","rank":1,"capital":0},"geometry":{"type":"Point","coordinates":[-46.71,-21.29]}},{"type":"Feature","properties":{"name":"S\u00e3o Jo\u00e3o del Rei","rank":1,"capital":0},"geometry":{"type":"Point","coordinates":[-44.25,-21.13]}},{"type":"Feature","properties":{"name":"Muria\u00e9","rank":1,"capital":0},"geometry":{"type":"Point","coordinates":[-42.39,-21.13]}},{"type":"Feature","properties":{"name":"Passos","rank":1,"capital":0},"geometry":{"type":"Point","coordinates":[-46.61,-20.71]}},{"type":"Feature","properties":{"name":"Conselheiro Lafaiete","rank":1,"capital":0},"geometry":{"type":"Point","coordinates":[-43.79,-20.67]}},{"type":"Feature","properties":{"name":"Formiga","rank":1,"capital":0},"geometry":{"type":"Point","coordinates":[-45.43,-20.46]}},{"type":"Feature","properties":{"name":"Frutal","rank":1,"capital":0},"geometry":{"type":"Point","coordinates":[-48.94,-20.03]}},{"type":"Feature","properties":{"name":"Iturama","rank":1,"capital":0},"geometry":{"type":"Point","coordinates":[-50.2,-19.73]}},{"type":"Feature","properties":{"name":"Ituiutaba","rank":1,"capital":0},"geometry":{"type":"Point","coordinates":[-49.46,-18.97]}},{"type":"Feature","properties":{"name":"Araguari","rank":1,"capital":0},"geometry":{"type":"Point","coordinates":[-48.2,-18.64]}},{"type":"Feature","properties":{"name":"Almenara","rank":1,"capital":0},"geometry":{"type":"Point","coordinates":[-40.7,-16.17]}},{"type":"Feature","properties":{"name":"V\u00e1rzea Grande","rank":1,"capital":0},"geometry":{"type":"Point","coordinates":[-56.14,-15.65]}},{"type":"Feature","properties":{"name":"C\u00e1ceres","rank":1,"capital":0},"geometry":{"type":"Point","coordinates":[-57.51,-16.05]}},{"type":"Feature","properties":{"name":"Santana do Livramento","rank":1,"capital":0},"geometry":{"type":"Point","coordinates":[-55.53,-30.88]}},{"type":"Feature","properties":{"name":"Canoas","rank":1,"capital":0},"geometry":{"type":"Point","coordinates":[-51.18,-29.92]}},{"type":"Feature","properties":{"name":"Quara\u00ed","rank":1,"capital":0},"geometry":{"type":"Point","coordinates":[-56.46,-30.38]}},{"type":"Feature","properties":{"name":"Santa Vit\u00f3ria do Palmar","rank":1,"capital":0},"geometry":{"type":"Point","coordinates":[-53.37,-33.52]}},{"type":"Feature","properties":{"name":"S\u00e3o Louren\u00e7o do Sul","rank":1,"capital":0},"geometry":{"type":"Point","coordinates":[-51.98,-31.37]}},{"type":"Feature","properties":{"name":"Canela","rank":1,"capital":0},"geometry":{"type":"Point","coordinates":[-50.81,-29.36]}},{"type":"Feature","properties":{"name":"S\u00e3o Gabriel","rank":1,"capital":0},"geometry":{"type":"Point","coordinates":[-54.32,-30.32]}},{"type":"Feature","properties":{"name":"Ros\u00e1rio do Sul","rank":1,"capital":0},"geometry":{"type":"Point","coordinates":[-54.92,-30.25]}},{"type":"Feature","properties":{"name":"Cachoeira do Sul","rank":1,"capital":0},"geometry":{"type":"Point","coordinates":[-52.91,-30.03]}},{"type":"Feature","properties":{"name":"Os\u00f3rio","rank":1,"capital":0},"geometry":{"type":"Point","coordinates":[-50.27,-29.88]}},{"type":"Feature","properties":{"name":"Santa Cruz do Sul","rank":1,"capital":0},"geometry":{"type":"Point","coordinates":[-52.44,-29.71]}},{"type":"Feature","properties":{"name":"S\u00e3o Luiz Gonzaga","rank":1,"capital":0},"geometry":{"type":"Point","coordinates":[-54.96,-28.41]}},{"type":"Feature","properties":{"name":"Santo \u00c2ngelo","rank":1,"capital":0},"geometry":{"type":"Point","coordinates":[-54.28,-28.3]}},{"type":"Feature","properties":{"name":"Carazinho","rank":1,"capital":0},"geometry":{"type":"Point","coordinates":[-52.8,-28.29]}},{"type":"Feature","properties":{"name":"Erechim","rank":1,"capital":0},"geometry":{"type":"Point","coordinates":[-52.27,-27.63]}},{"type":"Feature","properties":{"name":"Guaira","rank":1,"capital":0},"geometry":{"type":"Point","coordinates":[-54.27,-24.09]}},{"type":"Feature","properties":{"name":"Palmas","rank":1,"capital":0},"geometry":{"type":"Point","coordinates":[-52.0,-26.48]}},{"type":"Feature","properties":{"name":"Arapongas","rank":1,"capital":0},"geometry":{"type":"Point","coordinates":[-51.43,-23.41]}},{"type":"Feature","properties":{"name":"Paranagu\u00e1","rank":1,"capital":0},"geometry":{"type":"Point","coordinates":[-48.534,-25.528]}},{"type":"Feature","properties":{"name":"S\u00e3o Jos\u00e9 dos Pinhais","rank":1,"capital":0},"geometry":{"type":"Point","coordinates":[-49.18,-25.57]}},{"type":"Feature","properties":{"name":"Guarapuava","rank":1,"capital":0},"geometry":{"type":"Point","coordinates":[-51.48,-25.38]}},{"type":"Feature","properties":{"name":"Rio Negro","rank":1,"capital":0},"geometry":{"type":"Point","coordinates":[-49.79,-26.1]}},{"type":"Feature","properties":{"name":"Apucarana","rank":1,"capital":0},"geometry":{"type":"Point","coordinates":[-51.47,-23.55]}},{"type":"Feature","properties":{"name":"Lapa","rank":1,"capital":0},"geometry":{"type":"Point","coordinates":[-49.73,-25.76]}},{"type":"Feature","properties":{"name":"Irati","rank":1,"capital":0},"geometry":{"type":"Point","coordinates":[-50.66,-25.47]}},{"type":"Feature","properties":{"name":"Castro","rank":1,"capital":0},"geometry":{"type":"Point","coordinates":[-50.01,-24.79]}},{"type":"Feature","properties":{"name":"Tel\u00eamaco Borba","rank":1,"capital":0},"geometry":{"type":"Point","coordinates":[-50.62,-24.33]}},{"type":"Feature","properties":{"name":"Jacarezinho","rank":1,"capital":0},"geometry":{"type":"Point","coordinates":[-49.98,-23.16]}},{"type":"Feature","properties":{"name":"Conc\u00f3rdia","rank":1,"capital":0},"geometry":{"type":"Point","coordinates":[-52.03,-27.23]}},{"type":"Feature","properties":{"name":"Blumenau","rank":1,"capital":0},"geometry":{"type":"Point","coordinates":[-49.09,-26.92]}},{"type":"Feature","properties":{"name":"Brusque","rank":1,"capital":0},"geometry":{"type":"Point","coordinates":[-48.93,-27.13]}},{"type":"Feature","properties":{"name":"Ararangu\u00e1","rank":1,"capital":0},"geometry":{"type":"Point","coordinates":[-49.5,-28.94]}},{"type":"Feature","properties":{"name":"Jaragu\u00e1 do Sul","rank":1,"capital":0},"geometry":{"type":"Point","coordinates":[-49.1,-26.48]}},{"type":"Feature","properties":{"name":"Tubar\u00e3o","rank":1,"capital":0},"geometry":{"type":"Point","coordinates":[-49.02,-28.48]}},{"type":"Feature","properties":{"name":"Laguna","rank":1,"capital":0},"geometry":{"type":"Point","coordinates":[-48.78,-28.48]}},{"type":"Feature","properties":{"name":"Joa\u00e7aba","rank":1,"capital":0},"geometry":{"type":"Point","coordinates":[-51.5,-27.17]}},{"type":"Feature","properties":{"name":"Ca\u00e7ador","rank":1,"capital":0},"geometry":{"type":"Point","coordinates":[-51.02,-26.77]}},{"type":"Feature","properties":{"name":"Canoinhas","rank":1,"capital":0},"geometry":{"type":"Point","coordinates":[-50.4,-26.18]}},{"type":"Feature","properties":{"name":"Camocim","rank":1,"capital":0},"geometry":{"type":"Point","coordinates":[-40.85,-2.9]}},{"type":"Feature","properties":{"name":"Russas","rank":1,"capital":0},"geometry":{"type":"Point","coordinates":[-37.98,-4.94]}},{"type":"Feature","properties":{"name":"Sobral","rank":1,"capital":0},"geometry":{"type":"Point","coordinates":[-40.35,-3.69]}},{"type":"Feature","properties":{"name":"Iguatu","rank":1,"capital":0},"geometry":{"type":"Point","coordinates":[-39.3,-6.36]}},{"type":"Feature","properties":{"name":"Quixad\u00e1","rank":1,"capital":0},"geometry":{"type":"Point","coordinates":[-39.02,-4.97]}},{"type":"Feature","properties":{"name":"Canind\u00e9","rank":1,"capital":0},"geometry":{"type":"Point","coordinates":[-39.31,-4.35]}},{"type":"Feature","properties":{"name":"Campo Maior","rank":1,"capital":0},"geometry":{"type":"Point","coordinates":[-42.18,-4.82]}},{"type":"Feature","properties":{"name":"Barras","rank":1,"capital":0},"geometry":{"type":"Point","coordinates":[-42.3,-4.25]}},{"type":"Feature","properties":{"name":"Rio Largo","rank":1,"capital":0},"geometry":{"type":"Point","coordinates":[-35.84,-9.48]}},{"type":"Feature","properties":{"name":"Palmeira dos \u00cdndios","rank":1,"capital":0},"geometry":{"type":"Point","coordinates":[-36.617,-9.417]}},{"type":"Feature","properties":{"name":"Santa Cruz Cabr\u00e1lia","rank":1,"capital":0},"geometry":{"type":"Point","coordinates":[-39.03,-16.28]}},{"type":"Feature","properties":{"name":"Paulo Afonso","rank":1,"capital":0},"geometry":{"type":"Point","coordinates":[-38.222,-9.403]}},{"type":"Feature","properties":{"name":"Brumado","rank":1,"capital":0},"geometry":{"type":"Point","coordinates":[-41.67,-14.21]}},{"type":"Feature","properties":{"name":"Jaguaquara","rank":1,"capital":0},"geometry":{"type":"Point","coordinates":[-39.97,-13.53]}},{"type":"Feature","properties":{"name":"Itapetinga","rank":1,"capital":0},"geometry":{"type":"Point","coordinates":[-40.25,-15.25]}},{"type":"Feature","properties":{"name":"Ubaitaba","rank":1,"capital":0},"geometry":{"type":"Point","coordinates":[-39.33,-14.3]}},{"type":"Feature","properties":{"name":"Cachoeiro de Itapemirim","rank":1,"capital":0},"geometry":{"type":"Point","coordinates":[-41.13,-20.85]}},{"type":"Feature","properties":{"name":"Barra Mansa","rank":1,"capital":0},"geometry":{"type":"Point","coordinates":[-44.17,-22.56]}},{"type":"Feature","properties":{"name":"Nova Igua\u00e7u","rank":1,"capital":0},"geometry":{"type":"Point","coordinates":[-43.445,-22.755]}},{"type":"Feature","properties":{"name":"Duque de Caxias","rank":1,"capital":0},"geometry":{"type":"Point","coordinates":[-43.306,-22.796]}},{"type":"Feature","properties":{"name":"Niter\u00f3i","rank":1,"capital":0},"geometry":{"type":"Point","coordinates":[-43.106,-22.883]}},{"type":"Feature","properties":{"name":"Cabo Frio","rank":1,"capital":0},"geometry":{"type":"Point","coordinates":[-42.04,-22.89]}},{"type":"Feature","properties":{"name":"Maca\u00e9","rank":1,"capital":0},"geometry":{"type":"Point","coordinates":[-41.79,-22.38]}},{"type":"Feature","properties":{"name":"Miracema","rank":1,"capital":0},"geometry":{"type":"Point","coordinates":[-42.2,-21.41]}},{"type":"Feature","properties":{"name":"Apodi","rank":1,"capital":0},"geometry":{"type":"Point","coordinates":[-37.8,-5.65]}},{"type":"Feature","properties":{"name":"Santa Cruz","rank":1,"capital":0},"geometry":{"type":"Point","coordinates":[-36.03,-6.22]}},{"type":"Feature","properties":{"name":"Morrinhos","rank":1,"capital":0},"geometry":{"type":"Point","coordinates":[-49.11,-17.73]}},{"type":"Feature","properties":{"name":"Ceres","rank":1,"capital":0},"geometry":{"type":"Point","coordinates":[-49.605,-15.303]}},{"type":"Feature","properties":{"name":"Catal\u00e3o","rank":1,"capital":0},"geometry":{"type":"Point","coordinates":[-47.95,-18.18]}},{"type":"Feature","properties":{"name":"Cristalina","rank":1,"capital":0},"geometry":{"type":"Point","coordinates":[-47.61,-16.77]}},{"type":"Feature","properties":{"name":"Trindade","rank":1,"capital":0},"geometry":{"type":"Point","coordinates":[-49.5,-16.65]}},{"type":"Feature","properties":{"name":"Ipor\u00e1","rank":1,"capital":0},"geometry":{"type":"Point","coordinates":[-51.13,-16.45]}},{"type":"Feature","properties":{"name":"Inhumas","rank":1,"capital":0},"geometry":{"type":"Point","coordinates":[-49.5,-16.36]}},{"type":"Feature","properties":{"name":"Itabera\u00ed","rank":1,"capital":0},"geometry":{"type":"Point","coordinates":[-49.81,-16.02]}},{"type":"Feature","properties":{"name":"Santo Andr\u00e9","rank":1,"capital":0},"geometry":{"type":"Point","coordinates":[-46.528,-23.653]}},{"type":"Feature","properties":{"name":"Pindamonhangaba","rank":1,"capital":0},"geometry":{"type":"Point","coordinates":[-45.47,-22.92]}},{"type":"Feature","properties":{"name":"Rio Claro","rank":1,"capital":0},"geometry":{"type":"Point","coordinates":[-47.56,-22.41]}},{"type":"Feature","properties":{"name":"Ourinhos","rank":1,"capital":0},"geometry":{"type":"Point","coordinates":[-49.87,-22.97]}},{"type":"Feature","properties":{"name":"Itanhaem","rank":1,"capital":0},"geometry":{"type":"Point","coordinates":[-46.8,-24.18]}},{"type":"Feature","properties":{"name":"Jaboticabal","rank":1,"capital":0},"geometry":{"type":"Point","coordinates":[-48.33,-21.25]}},{"type":"Feature","properties":{"name":"Bragan\u00e7a Paulista","rank":1,"capital":0},"geometry":{"type":"Point","coordinates":[-46.533,-22.953]}},{"type":"Feature","properties":{"name":"Jundia\u00ed","rank":1,"capital":0},"geometry":{"type":"Point","coordinates":[-46.88,-23.2]}},{"type":"Feature","properties":{"name":"S\u00e3o Jos\u00e9 dos Campos","rank":1,"capital":0},"geometry":{"type":"Point","coordinates":[-45.88,-23.2]}},{"type":"Feature","properties":{"name":"Guaratinguet\u00e1","rank":1,"capital":0},"geometry":{"type":"Point","coordinates":[-45.19,-22.82]}},{"type":"Feature","properties":{"name":"Pirassununga","rank":1,"capital":0},"geometry":{"type":"Point","coordinates":[-47.43,-21.99]}},{"type":"Feature","properties":{"name":"Americana","rank":1,"capital":0},"geometry":{"type":"Point","coordinates":[-47.33,-22.75]}},{"type":"Feature","properties":{"name":"Piracicaba","rank":1,"capital":0},"geometry":{"type":"Point","coordinates":[-47.641,-22.73]}},{"type":"Feature","properties":{"name":"S\u00e3o Jo\u00e3o da Boa Vista","rank":1,"capital":0},"geometry":{"type":"Point","coordinates":[-46.79,-21.98]}},{"type":"Feature","properties":{"name":"S\u00e3o Carlos","rank":1,"capital":0},"geometry":{"type":"Point","coordinates":[-47.89,-22.02]}},{"type":"Feature","properties":{"name":"Tup\u00e3","rank":1,"capital":0},"geometry":{"type":"Point","coordinates":[-50.52,-21.93]}},{"type":"Feature","properties":{"name":"Pen\u00e1polis","rank":1,"capital":0},"geometry":{"type":"Point","coordinates":[-50.08,-21.41]}},{"type":"Feature","properties":{"name":"Presidente Prudente","rank":1,"capital":0},"geometry":{"type":"Point","coordinates":[-51.39,-22.12]}},{"type":"Feature","properties":{"name":"Registro","rank":1,"capital":0},"geometry":{"type":"Point","coordinates":[-47.84,-24.49]}},{"type":"Feature","properties":{"name":"Tatu\u00ed","rank":1,"capital":0},"geometry":{"type":"Point","coordinates":[-47.86,-23.35]}},{"type":"Feature","properties":{"name":"Avar\u00e9","rank":1,"capital":0},"geometry":{"type":"Point","coordinates":[-48.93,-23.11]}},{"type":"Feature","properties":{"name":"Gar\u00e7a","rank":1,"capital":0},"geometry":{"type":"Point","coordinates":[-49.66,-22.22]}},{"type":"Feature","properties":{"name":"Catanduva","rank":1,"capital":0},"geometry":{"type":"Point","coordinates":[-48.98,-21.14]}},{"type":"Feature","properties":{"name":"Batatais","rank":1,"capital":0},"geometry":{"type":"Point","coordinates":[-47.59,-20.89]}},{"type":"Feature","properties":{"name":"Barretos","rank":1,"capital":0},"geometry":{"type":"Point","coordinates":[-48.58,-20.55]}},{"type":"Feature","properties":{"name":"Mar\u00edlia","rank":1,"capital":0},"geometry":{"type":"Point","coordinates":[-49.95,-22.21]}},{"type":"Feature","properties":{"name":"Itu","rank":1,"capital":0},"geometry":{"type":"Point","coordinates":[-47.3,-23.26]}},{"type":"Feature","properties":{"name":"Itapetininga","rank":1,"capital":0},"geometry":{"type":"Point","coordinates":[-48.04,-23.59]}},{"type":"Feature","properties":{"name":"Jaboatao","rank":1,"capital":0},"geometry":{"type":"Point","coordinates":[-35.02,-8.11]}},{"type":"Feature","properties":{"name":"Olinda","rank":1,"capital":0},"geometry":{"type":"Point","coordinates":[-34.85,-8.0]}},{"type":"Feature","properties":{"name":"Cabo de Santo Agostinho","rank":1,"capital":0},"geometry":{"type":"Point","coordinates":[-35.03,-8.29]}},{"type":"Feature","properties":{"name":"Carpina","rank":1,"capital":0},"geometry":{"type":"Point","coordinates":[-35.254,-7.847]}},{"type":"Feature","properties":{"name":"Arcoverde","rank":1,"capital":0},"geometry":{"type":"Point","coordinates":[-37.07,-8.42]}},{"type":"Feature","properties":{"name":"Diu","rank":1,"capital":0},"geometry":{"type":"Point","coordinates":[70.99,20.72]}},{"type":"Feature","properties":{"name":"Virginia","rank":1,"capital":0},"geometry":{"type":"Point","coordinates":[-92.536,47.524]}},{"type":"Feature","properties":{"name":"Winona","rank":1,"capital":0},"geometry":{"type":"Point","coordinates":[-91.639,44.05]}},{"type":"Feature","properties":{"name":"Rochester","rank":1,"capital":0},"geometry":{"type":"Point","coordinates":[-92.47,44.022]}},{"type":"Feature","properties":{"name":"Lakeville","rank":1,"capital":0},"geometry":{"type":"Point","coordinates":[-93.243,44.65]}},{"type":"Feature","properties":{"name":"Ely","rank":1,"capital":0},"geometry":{"type":"Point","coordinates":[-91.826,47.9]}},{"type":"Feature","properties":{"name":"Moorhead","rank":1,"capital":0},"geometry":{"type":"Point","coordinates":[-96.742,46.874]}},{"type":"Feature","properties":{"name":"St. Cloud","rank":1,"capital":0},"geometry":{"type":"Point","coordinates":[-94.162,45.561]}},{"type":"Feature","properties":{"name":"Miles City","rank":1,"capital":0},"geometry":{"type":"Point","coordinates":[-105.84,46.409]}},{"type":"Feature","properties":{"name":"Bozeman","rank":1,"capital":0},"geometry":{"type":"Point","coordinates":[-111.038,45.68]}},{"type":"Feature","properties":{"name":"Glasgow","rank":1,"capital":0},"geometry":{"type":"Point","coordinates":[-106.635,48.184]}},{"type":"Feature","properties":{"name":"Dickinson","rank":1,"capital":0},"geometry":{"type":"Point","coordinates":[-102.789,46.884]}},{"type":"Feature","properties":{"name":"Jamestown","rank":1,"capital":0},"geometry":{"type":"Point","coordinates":[-98.703,46.906]}},{"type":"Feature","properties":{"name":"Williston","rank":1,"capital":0},"geometry":{"type":"Point","coordinates":[-103.628,48.157]}},{"type":"Feature","properties":{"name":"Lihue","rank":1,"capital":0},"geometry":{"type":"Point","coordinates":[-159.369,21.976]}},{"type":"Feature","properties":{"name":"Wahiawa","rank":1,"capital":0},"geometry":{"type":"Point","coordinates":[-158.024,21.503]}},{"type":"Feature","properties":{"name":"Wailuku","rank":1,"capital":0},"geometry":{"type":"Point","coordinates":[-156.505,20.891]}},{"type":"Feature","properties":{"name":"Montpelier","rank":1,"capital":0},"geometry":{"type":"Point","coordinates":[-111.297,42.323]}},{"type":"Feature","properties":{"name":"Twin Falls","rank":1,"capital":0},"geometry":{"type":"Point","coordinates":[-114.461,42.561]}},{"type":"Feature","properties":{"name":"Caldwell","rank":1,"capital":0},"geometry":{"type":"Point","coordinates":[-116.671,43.661]}},{"type":"Feature","properties":{"name":"Salmon","rank":1,"capital":0},"geometry":{"type":"Point","coordinates":[-113.895,45.176]}},{"type":"Feature","properties":{"name":"Coeur d'Alene","rank":1,"capital":0},"geometry":{"type":"Point","coordinates":[-116.779,47.678]}},{"type":"Feature","properties":{"name":"Richland","rank":1,"capital":0},"geometry":{"type":"Point","coordinates":[-119.291,46.292]}},{"type":"Feature","properties":{"name":"Bellingham","rank":1,"capital":0},"geometry":{"type":"Point","coordinates":[-122.487,48.76]}},{"type":"Feature","properties":{"name":"Longview","rank":1,"capital":0},"geometry":{"type":"Point","coordinates":[-122.937,46.139]}},{"type":"Feature","properties":{"name":"Walla Walla","rank":1,"capital":0},"geometry":{"type":"Point","coordinates":[-118.342,46.065]}},{"type":"Feature","properties":{"name":"Aberdeen","rank":1,"capital":0},"geometry":{"type":"Point","coordinates":[-123.814,46.975]}},{"type":"Feature","properties":{"name":"Bremerton","rank":1,"capital":0},"geometry":{"type":"Point","coordinates":[-122.642,47.574]}},{"type":"Feature","properties":{"name":"Everett","rank":1,"capital":0},"geometry":{"type":"Point","coordinates":[-122.2,47.96]}},{"type":"Feature","properties":{"name":"Bullhead City","rank":1,"capital":0},"geometry":{"type":"Point","coordinates":[-114.567,35.148]}},{"type":"Feature","properties":{"name":"Winslow","rank":1,"capital":0},"geometry":{"type":"Point","coordinates":[-110.697,35.024]}},{"type":"Feature","properties":{"name":"Gila Bend","rank":1,"capital":0},"geometry":{"type":"Point","coordinates":[-112.725,32.95]}},{"type":"Feature","properties":{"name":"Tombstone","rank":1,"capital":0},"geometry":{"type":"Point","coordinates":[-110.067,31.713]}},{"type":"Feature","properties":{"name":"Willcox","rank":1,"capital":0},"geometry":{"type":"Point","coordinates":[-109.831,32.253]}},{"type":"Feature","properties":{"name":"Scottsdale","rank":1,"capital":0},"geometry":{"type":"Point","coordinates":[-111.925,33.489]}},{"type":"Feature","properties":{"name":"Kingman","rank":1,"capital":0},"geometry":{"type":"Point","coordinates":[-114.052,35.19]}},{"type":"Feature","properties":{"name":"Grand Canyon","rank":1,"capital":0},"geometry":{"type":"Point","coordinates":[-112.139,36.055]}},{"type":"Feature","properties":{"name":"Arcata","rank":1,"capital":0},"geometry":{"type":"Point","coordinates":[-124.083,40.863]}},{"type":"Feature","properties":{"name":"Stockton","rank":1,"capital":0},"geometry":{"type":"Point","coordinates":[-121.29,37.958]}},{"type":"Feature","properties":{"name":"Barstow","rank":1,"capital":0},"geometry":{"type":"Point","coordinates":[-117.022,34.899]}},{"type":"Feature","properties":{"name":"Victorville","rank":1,"capital":0},"geometry":{"type":"Point","coordinates":[-117.29,34.537]}},{"type":"Feature","properties":{"name":"Pasadena","rank":1,"capital":0},"geometry":{"type":"Point","coordinates":[-118.139,34.16]}},{"type":"Feature","properties":{"name":"Visalia","rank":1,"capital":0},"geometry":{"type":"Point","coordinates":[-119.316,36.325]}},{"type":"Feature","properties":{"name":"El Centro","rank":1,"capital":0},"geometry":{"type":"Point","coordinates":[-115.558,32.792]}},{"type":"Feature","properties":{"name":"San Luis Obispo","rank":1,"capital":0},"geometry":{"type":"Point","coordinates":[-120.659,35.283]}},{"type":"Feature","properties":{"name":"Merced","rank":1,"capital":0},"geometry":{"type":"Point","coordinates":[-120.482,37.303]}},{"type":"Feature","properties":{"name":"Yuba City","rank":1,"capital":0},"geometry":{"type":"Point","coordinates":[-121.616,39.141]}},{"type":"Feature","properties":{"name":"Redding","rank":1,"capital":0},"geometry":{"type":"Point","coordinates":[-122.391,40.587]}},{"type":"Feature","properties":{"name":"Santa Rosa","rank":1,"capital":0},"geometry":{"type":"Point","coordinates":[-122.7,38.45]}},{"type":"Feature","properties":{"name":"Oceanside","rank":1,"capital":0},"geometry":{"type":"Point","coordinates":[-117.346,33.191]}},{"type":"Feature","properties":{"name":"Modesto","rank":1,"capital":0},"geometry":{"type":"Point","coordinates":[-120.99,37.655]}},{"type":"Feature","properties":{"name":"Irvine","rank":1,"capital":0},"geometry":{"type":"Point","coordinates":[-117.83,33.68]}},{"type":"Feature","properties":{"name":"Ukiah","rank":1,"capital":0},"geometry":{"type":"Point","coordinates":[-123.211,39.154]}},{"type":"Feature","properties":{"name":"Needles","rank":1,"capital":0},"geometry":{"type":"Point","coordinates":[-114.613,34.848]}},{"type":"Feature","properties":{"name":"Bishop","rank":1,"capital":0},"geometry":{"type":"Point","coordinates":[-118.394,37.364]}},{"type":"Feature","properties":{"name":"Palm Springs","rank":1,"capital":0},"geometry":{"type":"Point","coordinates":[-116.533,33.777]}},{"type":"Feature","properties":{"name":"Santa Maria","rank":1,"capital":0},"geometry":{"type":"Point","coordinates":[-120.437,34.94]}},{"type":"Feature","properties":{"name":"Tulare","rank":1,"capital":0},"geometry":{"type":"Point","coordinates":[-119.344,36.207]}},{"type":"Feature","properties":{"name":"Mt. Shasta","rank":1,"capital":0},"geometry":{"type":"Point","coordinates":[-122.309,41.31]}},{"type":"Feature","properties":{"name":"Crescent City","rank":1,"capital":0},"geometry":{"type":"Point","coordinates":[-124.2,41.756]}},{"type":"Feature","properties":{"name":"Fort Collins","rank":1,"capital":0},"geometry":{"type":"Point","coordinates":[-105.059,40.561]}},{"type":"Feature","properties":{"name":"Pueblo","rank":1,"capital":0},"geometry":{"type":"Point","coordinates":[-104.63,38.28]}},{"type":"Feature","properties":{"name":"Lamar","rank":1,"capital":0},"geometry":{"type":"Point","coordinates":[-102.619,38.086]}},{"type":"Feature","properties":{"name":"Trinidad","rank":1,"capital":0},"geometry":{"type":"Point","coordinates":[-104.506,37.171]}},{"type":"Feature","properties":{"name":"Gunnison","rank":1,"capital":0},"geometry":{"type":"Point","coordinates":[-106.928,38.545]}},{"type":"Feature","properties":{"name":"Durango","rank":1,"capital":0},"geometry":{"type":"Point","coordinates":[-107.88,37.276]}},{"type":"Feature","properties":{"name":"Montrose","rank":1,"capital":0},"geometry":{"type":"Point","coordinates":[-107.866,38.477]}},{"type":"Feature","properties":{"name":"Craig","rank":1,"capital":0},"geometry":{"type":"Point","coordinates":[-107.55,40.517]}},{"type":"Feature","properties":{"name":"Boulder","rank":1,"capital":0},"geometry":{"type":"Point","coordinates":[-105.245,40.008]}},{"type":"Feature","properties":{"name":"Boulder City","rank":1,"capital":0},"geometry":{"type":"Point","coordinates":[-114.832,35.979]}},{"type":"Feature","properties":{"name":"Winnemucca","rank":1,"capital":0},"geometry":{"type":"Point","coordinates":[-117.735,40.973]}},{"type":"Feature","properties":{"name":"Roswell","rank":1,"capital":0},"geometry":{"type":"Point","coordinates":[-104.522,33.395]}},{"type":"Feature","properties":{"name":"Clovis","rank":1,"capital":0},"geometry":{"type":"Point","coordinates":[-103.205,34.405]}},{"type":"Feature","properties":{"name":"Las Cruces","rank":1,"capital":0},"geometry":{"type":"Point","coordinates":[-106.778,32.313]}},{"type":"Feature","properties":{"name":"Hobbs","rank":1,"capital":0},"geometry":{"type":"Point","coordinates":[-103.141,32.713]}},{"type":"Feature","properties":{"name":"Socorro","rank":1,"capital":0},"geometry":{"type":"Point","coordinates":[-106.899,34.062]}},{"type":"Feature","properties":{"name":"Gallup","rank":1,"capital":0},"geometry":{"type":"Point","coordinates":[-108.734,35.524]}},{"type":"Feature","properties":{"name":"Raton","rank":1,"capital":0},"geometry":{"type":"Point","coordinates":[-104.44,36.897]}},{"type":"Feature","properties":{"name":"Tucumcari","rank":1,"capital":0},"geometry":{"type":"Point","coordinates":[-103.726,35.17]}},{"type":"Feature","properties":{"name":"Roseburg","rank":1,"capital":0},"geometry":{"type":"Point","coordinates":[-123.356,43.218]}},{"type":"Feature","properties":{"name":"Pendleton","rank":1,"capital":0},"geometry":{"type":"Point","coordinates":[-118.787,45.673]}},{"type":"Feature","properties":{"name":"John Day","rank":1,"capital":0},"geometry":{"type":"Point","coordinates":[-118.952,44.417]}},{"type":"Feature","properties":{"name":"Grants Pass","rank":1,"capital":0},"geometry":{"type":"Point","coordinates":[-123.327,42.44]}},{"type":"Feature","properties":{"name":"Corvallis","rank":1,"capital":0},"geometry":{"type":"Point","coordinates":[-123.28,44.572]}},{"type":"Feature","properties":{"name":"Albany","rank":1,"capital":0},"geometry":{"type":"Point","coordinates":[-123.087,44.62]}},{"type":"Feature","properties":{"name":"Astoria","rank":1,"capital":0},"geometry":{"type":"Point","coordinates":[-123.83,46.188]}},{"type":"Feature","properties":{"name":"Logan","rank":1,"capital":0},"geometry":{"type":"Point","coordinates":[-111.834,41.736]}},{"type":"Feature","properties":{"name":"Parowan","rank":1,"capital":0},"geometry":{"type":"Point","coordinates":[-112.827,37.843]}},{"type":"Feature","properties":{"name":"Kanab","rank":1,"capital":0},"geometry":{"type":"Point","coordinates":[-112.525,37.047]}},{"type":"Feature","properties":{"name":"Monticello","rank":1,"capital":0},"geometry":{"type":"Point","coordinates":[-109.342,37.872]}},{"type":"Feature","properties":{"name":"Moab","rank":1,"capital":0},"geometry":{"type":"Point","coordinates":[-109.549,38.574]}},{"type":"Feature","properties":{"name":"Price","rank":1,"capital":0},"geometry":{"type":"Point","coordinates":[-110.81,39.6]}},{"type":"Feature","properties":{"name":"Cedar City","rank":1,"capital":0},"geometry":{"type":"Point","coordinates":[-113.061,37.677]}},{"type":"Feature","properties":{"name":"Vernal","rank":1,"capital":0},"geometry":{"type":"Point","coordinates":[-109.528,40.455]}},{"type":"Feature","properties":{"name":"Ogden","rank":1,"capital":0},"geometry":{"type":"Point","coordinates":[-111.968,41.232]}},{"type":"Feature","properties":{"name":"Green River","rank":1,"capital":0},"geometry":{"type":"Point","coordinates":[-109.465,41.515]}},{"type":"Feature","properties":{"name":"Rawlins","rank":1,"capital":0},"geometry":{"type":"Point","coordinates":[-107.234,41.791]}},{"type":"Feature","properties":{"name":"Douglas","rank":1,"capital":0},"geometry":{"type":"Point","coordinates":[-105.385,42.756]}},{"type":"Feature","properties":{"name":"Riverton","rank":1,"capital":0},"geometry":{"type":"Point","coordinates":[-108.395,43.028]}},{"type":"Feature","properties":{"name":"Thermopolis","rank":1,"capital":0},"geometry":{"type":"Point","coordinates":[-108.215,43.646]}},{"type":"Feature","properties":{"name":"Gillette","rank":1,"capital":0},"geometry":{"type":"Point","coordinates":[-105.505,44.283]}},{"type":"Feature","properties":{"name":"Jonesboro","rank":1,"capital":0},"geometry":{"type":"Point","coordinates":[-90.704,35.843]}},{"type":"Feature","properties":{"name":"Texarkana","rank":1,"capital":0},"geometry":{"type":"Point","coordinates":[-94.037,33.442]}},{"type":"Feature","properties":{"name":"Pine Bluff","rank":1,"capital":0},"geometry":{"type":"Point","coordinates":[-92.003,34.229]}},{"type":"Feature","properties":{"name":"Hot Springs","rank":1,"capital":0},"geometry":{"type":"Point","coordinates":[-93.055,34.504]}},{"type":"Feature","properties":{"name":"Fort Smith","rank":1,"capital":0},"geometry":{"type":"Point","coordinates":[-94.398,35.386]}},{"type":"Feature","properties":{"name":"Fayetteville","rank":1,"capital":0},"geometry":{"type":"Point","coordinates":[-94.157,36.063]}},{"type":"Feature","properties":{"name":"Conway","rank":1,"capital":0},"geometry":{"type":"Point","coordinates":[-92.451,35.091]}},{"type":"Feature","properties":{"name":"El Dorado","rank":1,"capital":0},"geometry":{"type":"Point","coordinates":[-92.663,33.214]}},{"type":"Feature","properties":{"name":"Davenport","rank":1,"capital":0},"geometry":{"type":"Point","coordinates":[-90.588,41.554]}},{"type":"Feature","properties":{"name":"Burlington","rank":1,"capital":0},"geometry":{"type":"Point","coordinates":[-91.113,40.808]}},{"type":"Feature","properties":{"name":"Dubuque","rank":1,"capital":0},"geometry":{"type":"Point","coordinates":[-90.664,42.501]}},{"type":"Feature","properties":{"name":"Waterloo","rank":1,"capital":0},"geometry":{"type":"Point","coordinates":[-92.343,42.493]}},{"type":"Feature","properties":{"name":"Sioux City","rank":1,"capital":0},"geometry":{"type":"Point","coordinates":[-96.4,42.5]}},{"type":"Feature","properties":{"name":"Council Bluffs","rank":1,"capital":0},"geometry":{"type":"Point","coordinates":[-95.861,41.262]}},{"type":"Feature","properties":{"name":"Ames","rank":1,"capital":0},"geometry":{"type":"Point","coordinates":[-93.623,42.019]}},{"type":"Feature","properties":{"name":"Mason City","rank":1,"capital":0},"geometry":{"type":"Point","coordinates":[-93.201,43.154]}},{"type":"Feature","properties":{"name":"Emporia","rank":1,"capital":0},"geometry":{"type":"Point","coordinates":[-96.181,38.404]}},{"type":"Feature","properties":{"name":"Salina","rank":1,"capital":0},"geometry":{"type":"Point","coordinates":[-97.607,38.825]}},{"type":"Feature","properties":{"name":"Dodge City","rank":1,"capital":0},"geometry":{"type":"Point","coordinates":[-100.018,37.76]}},{"type":"Feature","properties":{"name":"Coffeyville","rank":1,"capital":0},"geometry":{"type":"Point","coordinates":[-95.626,37.038]}},{"type":"Feature","properties":{"name":"St. Charles","rank":1,"capital":0},"geometry":{"type":"Point","coordinates":[-90.506,38.784]}},{"type":"Feature","properties":{"name":"Poplar Bluff","rank":1,"capital":0},"geometry":{"type":"Point","coordinates":[-90.403,36.76]}},{"type":"Feature","properties":{"name":"Joplin","rank":1,"capital":0},"geometry":{"type":"Point","coordinates":[-94.513,37.085]}},{"type":"Feature","properties":{"name":"Columbia","rank":1,"capital":0},"geometry":{"type":"Point","coordinates":[-92.334,38.952]}},{"type":"Feature","properties":{"name":"St. Joseph","rank":1,"capital":0},"geometry":{"type":"Point","coordinates":[-94.846,39.769]}},{"type":"Feature","properties":{"name":"McCook","rank":1,"capital":0},"geometry":{"type":"Point","coordinates":[-100.626,40.206]}},{"type":"Feature","properties":{"name":"Norfolk","rank":1,"capital":0},"geometry":{"type":"Point","coordinates":[-97.434,42.029]}},{"type":"Feature","properties":{"name":"North Platte","rank":1,"capital":0},"geometry":{"type":"Point","coordinates":[-100.77,41.136]}},{"type":"Feature","properties":{"name":"Sidney","rank":1,"capital":0},"geometry":{"type":"Point","coordinates":[-102.978,41.14]}},{"type":"Feature","properties":{"name":"Scottsbluff","rank":1,"capital":0},"geometry":{"type":"Point","coordinates":[-103.661,41.868]}},{"type":"Feature","properties":{"name":"Chadron","rank":1,"capital":0},"geometry":{"type":"Point","coordinates":[-103.003,42.828]}},{"type":"Feature","properties":{"name":"Lawton","rank":1,"capital":0},"geometry":{"type":"Point","coordinates":[-98.41,34.599]}},{"type":"Feature","properties":{"name":"Norman","rank":1,"capital":0},"geometry":{"type":"Point","coordinates":[-97.442,35.22]}},{"type":"Feature","properties":{"name":"Muskogee","rank":1,"capital":0},"geometry":{"type":"Point","coordinates":[-95.369,35.748]}},{"type":"Feature","properties":{"name":"Ponca City","rank":1,"capital":0},"geometry":{"type":"Point","coordinates":[-97.085,36.707]}},{"type":"Feature","properties":{"name":"Shawnee","rank":1,"capital":0},"geometry":{"type":"Point","coordinates":[-96.934,35.343]}},{"type":"Feature","properties":{"name":"Woodward","rank":1,"capital":0},"geometry":{"type":"Point","coordinates":[-99.398,36.433]}},{"type":"Feature","properties":{"name":"Guymon","rank":1,"capital":0},"geometry":{"type":"Point","coordinates":[-101.48,36.686]}},{"type":"Feature","properties":{"name":"Yankton","rank":1,"capital":0},"geometry":{"type":"Point","coordinates":[-97.392,42.882]}},{"type":"Feature","properties":{"name":"Brookings","rank":1,"capital":0},"geometry":{"type":"Point","coordinates":[-96.788,44.307]}},{"type":"Feature","properties":{"name":"Mitchell","rank":1,"capital":0},"geometry":{"type":"Point","coordinates":[-98.026,43.714]}},{"type":"Feature","properties":{"name":"Aberdeen","rank":1,"capital":0},"geometry":{"type":"Point","coordinates":[-98.486,45.465]}},{"type":"Feature","properties":{"name":"Mobridge","rank":1,"capital":0},"geometry":{"type":"Point","coordinates":[-100.435,45.54]}},{"type":"Feature","properties":{"name":"Houma","rank":1,"capital":0},"geometry":{"type":"Point","coordinates":[-90.719,29.596]}},{"type":"Feature","properties":{"name":"Monroe","rank":1,"capital":0},"geometry":{"type":"Point","coordinates":[-92.119,32.51]}},{"type":"Feature","properties":{"name":"Conroe","rank":1,"capital":0},"geometry":{"type":"Point","coordinates":[-95.456,30.312]}},{"type":"Feature","properties":{"name":"Nacogdoches","rank":1,"capital":0},"geometry":{"type":"Point","coordinates":[-94.655,31.604]}},{"type":"Feature","properties":{"name":"Eagle Pass","rank":1,"capital":0},"geometry":{"type":"Point","coordinates":[-100.489,28.711]}},{"type":"Feature","properties":{"name":"Edinburg","rank":1,"capital":0},"geometry":{"type":"Point","coordinates":[-98.16,26.303]}},{"type":"Feature","properties":{"name":"Kingsville","rank":1,"capital":0},"geometry":{"type":"Point","coordinates":[-97.856,27.516]}},{"type":"Feature","properties":{"name":"Port Arthur","rank":1,"capital":0},"geometry":{"type":"Point","coordinates":[-93.929,29.899]}},{"type":"Feature","properties":{"name":"Huntsville","rank":1,"capital":0},"geometry":{"type":"Point","coordinates":[-95.551,30.724]}},{"type":"Feature","properties":{"name":"Killeen","rank":1,"capital":0},"geometry":{"type":"Point","coordinates":[-97.727,31.117]}},{"type":"Feature","properties":{"name":"Lufkin","rank":1,"capital":0},"geometry":{"type":"Point","coordinates":[-94.729,31.338]}},{"type":"Feature","properties":{"name":"Del Rio","rank":1,"capital":0},"geometry":{"type":"Point","coordinates":[-100.896,29.363]}},{"type":"Feature","properties":{"name":"San Angelo","rank":1,"capital":0},"geometry":{"type":"Point","coordinates":[-100.437,31.464]}},{"type":"Feature","properties":{"name":"Sherman","rank":1,"capital":0},"geometry":{"type":"Point","coordinates":[-96.609,33.636]}},{"type":"Feature","properties":{"name":"Beaumont","rank":1,"capital":0},"geometry":{"type":"Point","coordinates":[-94.102,30.086]}},{"type":"Feature","properties":{"name":"Bay City","rank":1,"capital":0},"geometry":{"type":"Point","coordinates":[-95.964,28.981]}},{"type":"Feature","properties":{"name":"Port Lavaca","rank":1,"capital":0},"geometry":{"type":"Point","coordinates":[-96.63,28.616]}},{"type":"Feature","properties":{"name":"Falfurrias","rank":1,"capital":0},"geometry":{"type":"Point","coordinates":[-98.145,27.227]}},{"type":"Feature","properties":{"name":"Beeville","rank":1,"capital":0},"geometry":{"type":"Point","coordinates":[-97.751,28.406]}},{"type":"Feature","properties":{"name":"Fort Stockton","rank":1,"capital":0},"geometry":{"type":"Point","coordinates":[-102.885,30.892]}},{"type":"Feature","properties":{"name":"Pecos","rank":1,"capital":0},"geometry":{"type":"Point","coordinates":[-103.5,31.416]}},{"type":"Feature","properties":{"name":"Dumas","rank":1,"capital":0},"geometry":{"type":"Point","coordinates":[-101.967,35.862]}},{"type":"Feature","properties":{"name":"Denton","rank":1,"capital":0},"geometry":{"type":"Point","coordinates":[-97.129,33.216]}},{"type":"Feature","properties":{"name":"Midland","rank":1,"capital":0},"geometry":{"type":"Point","coordinates":[-102.097,32.031]}},{"type":"Feature","properties":{"name":"Temple","rank":1,"capital":0},"geometry":{"type":"Point","coordinates":[-97.363,31.102]}},{"type":"Feature","properties":{"name":"New Haven","rank":1,"capital":0},"geometry":{"type":"Point","coordinates":[-72.9,41.33]}},{"type":"Feature","properties":{"name":"Lowell","rank":1,"capital":0},"geometry":{"type":"Point","coordinates":[-71.317,42.634]}},{"type":"Feature","properties":{"name":"Worcester","rank":1,"capital":0},"geometry":{"type":"Point","coordinates":[-71.8,42.27]}},{"type":"Feature","properties":{"name":"Manchester","rank":1,"capital":0},"geometry":{"type":"Point","coordinates":[-71.455,42.996]}},{"type":"Feature","properties":{"name":"Newport","rank":1,"capital":0},"geometry":{"type":"Point","coordinates":[-71.313,41.49]}},{"type":"Feature","properties":{"name":"Dothan","rank":1,"capital":0},"geometry":{"type":"Point","coordinates":[-85.391,31.223]}},{"type":"Feature","properties":{"name":"Tuscaloosa","rank":1,"capital":0},"geometry":{"type":"Point","coordinates":[-87.544,33.225]}},{"type":"Feature","properties":{"name":"Gadsden","rank":1,"capital":0},"geometry":{"type":"Point","coordinates":[-86.007,34.015]}},{"type":"Feature","properties":{"name":"Enterprise","rank":1,"capital":0},"geometry":{"type":"Point","coordinates":[-85.844,31.328]}},{"type":"Feature","properties":{"name":"Selma","rank":1,"capital":0},"geometry":{"type":"Point","coordinates":[-87.021,32.408]}},{"type":"Feature","properties":{"name":"Coral Gables","rank":1,"capital":0},"geometry":{"type":"Point","coordinates":[-80.291,25.715]}},{"type":"Feature","properties":{"name":"Cape Coral","rank":1,"capital":0},"geometry":{"type":"Point","coordinates":[-81.98,26.603]}},{"type":"Feature","properties":{"name":"Naples","rank":1,"capital":0},"geometry":{"type":"Point","coordinates":[-81.795,26.142]}},{"type":"Feature","properties":{"name":"Fort Pierce","rank":1,"capital":0},"geometry":{"type":"Point","coordinates":[-80.326,27.447]}},{"type":"Feature","properties":{"name":"Kissimmee","rank":1,"capital":0},"geometry":{"type":"Point","coordinates":[-81.408,28.292]}},{"type":"Feature","properties":{"name":"Titusville","rank":1,"capital":0},"geometry":{"type":"Point","coordinates":[-80.808,28.612]}},{"type":"Feature","properties":{"name":"St. Augustine","rank":1,"capital":0},"geometry":{"type":"Point","coordinates":[-81.315,29.895]}},{"type":"Feature","properties":{"name":"Ocala","rank":1,"capital":0},"geometry":{"type":"Point","coordinates":[-82.14,29.187]}},{"type":"Feature","properties":{"name":"Fort Lauderdale","rank":1,"capital":0},"geometry":{"type":"Point","coordinates":[-80.142,26.136]}},{"type":"Feature","properties":{"name":"Apalachicola","rank":1,"capital":0},"geometry":{"type":"Point","coordinates":[-84.993,29.726]}},{"type":"Feature","properties":{"name":"Vero Beach","rank":1,"capital":0},"geometry":{"type":"Point","coordinates":[-80.391,27.642]}},{"type":"Feature","properties":{"name":"Valdosta","rank":1,"capital":0},"geometry":{"type":"Point","coordinates":[-83.279,30.833]}},{"type":"Feature","properties":{"name":"Albany","rank":1,"capital":0},"geometry":{"type":"Point","coordinates":[-84.156,31.579]}},{"type":"Feature","properties":{"name":"Athens","rank":1,"capital":0},"geometry":{"type":"Point","coordinates":[-83.378,33.961]}},{"type":"Feature","properties":{"name":"Macon","rank":1,"capital":0},"geometry":{"type":"Point","coordinates":[-83.63,32.85]}},{"type":"Feature","properties":{"name":"Columbus","rank":1,"capital":0},"geometry":{"type":"Point","coordinates":[-84.98,32.47]}},{"type":"Feature","properties":{"name":"Douglas","rank":1,"capital":0},"geometry":{"type":"Point","coordinates":[-82.851,31.508]}},{"type":"Feature","properties":{"name":"Dublin","rank":1,"capital":0},"geometry":{"type":"Point","coordinates":[-82.918,32.537]}},{"type":"Feature","properties":{"name":"Gulfport","rank":1,"capital":0},"geometry":{"type":"Point","coordinates":[-89.093,30.368]}},{"type":"Feature","properties":{"name":"Hattiesburg","rank":1,"capital":0},"geometry":{"type":"Point","coordinates":[-89.29,31.327]}},{"type":"Feature","properties":{"name":"Tupelo","rank":1,"capital":0},"geometry":{"type":"Point","coordinates":[-88.703,34.258]}},{"type":"Feature","properties":{"name":"Greenville","rank":1,"capital":0},"geometry":{"type":"Point","coordinates":[-91.062,33.41]}},{"type":"Feature","properties":{"name":"Natchez","rank":1,"capital":0},"geometry":{"type":"Point","coordinates":[-91.388,31.555]}},{"type":"Feature","properties":{"name":"Florence","rank":1,"capital":0},"geometry":{"type":"Point","coordinates":[-79.763,34.196]}},{"type":"Feature","properties":{"name":"Greenville","rank":1,"capital":0},"geometry":{"type":"Point","coordinates":[-82.394,34.853]}},{"type":"Feature","properties":{"name":"Sumter","rank":1,"capital":0},"geometry":{"type":"Point","coordinates":[-80.342,33.921]}},{"type":"Feature","properties":{"name":"Anderson","rank":1,"capital":0},"geometry":{"type":"Point","coordinates":[-82.65,34.504]}},{"type":"Feature","properties":{"name":"Aiken","rank":1,"capital":0},"geometry":{"type":"Point","coordinates":[-81.721,33.549]}},{"type":"Feature","properties":{"name":"Beaufort","rank":1,"capital":0},"geometry":{"type":"Point","coordinates":[-80.69,32.432]}},{"type":"Feature","properties":{"name":"Rock Hill","rank":1,"capital":0},"geometry":{"type":"Point","coordinates":[-81.03,34.94]}},{"type":"Feature","properties":{"name":"Decatur","rank":1,"capital":0},"geometry":{"type":"Point","coordinates":[-88.955,39.841]}},{"type":"Feature","properties":{"name":"Alton","rank":1,"capital":0},"geometry":{"type":"Point","coordinates":[-90.184,38.891]}},{"type":"Feature","properties":{"name":"Quincy","rank":1,"capital":0},"geometry":{"type":"Point","coordinates":[-91.41,39.936]}},{"type":"Feature","properties":{"name":"Urbana","rank":1,"capital":0},"geometry":{"type":"Point","coordinates":[-88.204,40.11]}},{"type":"Feature","properties":{"name":"Bloomington","rank":1,"capital":0},"geometry":{"type":"Point","coordinates":[-88.994,40.485]}},{"type":"Feature","properties":{"name":"Kankakee","rank":1,"capital":0},"geometry":{"type":"Point","coordinates":[-87.861,41.12]}},{"type":"Feature","properties":{"name":"Waukegan","rank":1,"capital":0},"geometry":{"type":"Point","coordinates":[-87.845,42.364]}},{"type":"Feature","properties":{"name":"Aurora","rank":1,"capital":0},"geometry":{"type":"Point","coordinates":[-88.3,41.765]}},{"type":"Feature","properties":{"name":"Carbondale","rank":1,"capital":0},"geometry":{"type":"Point","coordinates":[-89.22,37.727]}},{"type":"Feature","properties":{"name":"Belleville","rank":1,"capital":0},"geometry":{"type":"Point","coordinates":[-90.0,38.525]}},{"type":"Feature","properties":{"name":"Bloomington","rank":1,"capital":0},"geometry":{"type":"Point","coordinates":[-86.526,39.166]}},{"type":"Feature","properties":{"name":"Muncie","rank":1,"capital":0},"geometry":{"type":"Point","coordinates":[-85.386,40.194]}},{"type":"Feature","properties":{"name":"Kokomo","rank":1,"capital":0},"geometry":{"type":"Point","coordinates":[-86.134,40.487]}},{"type":"Feature","properties":{"name":"Gary","rank":1,"capital":0},"geometry":{"type":"Point","coordinates":[-87.33,41.58]}},{"type":"Feature","properties":{"name":"Fort Wayne","rank":1,"capital":0},"geometry":{"type":"Point","coordinates":[-85.13,41.08]}},{"type":"Feature","properties":{"name":"Covington","rank":1,"capital":0},"geometry":{"type":"Point","coordinates":[-84.509,39.084]}},{"type":"Feature","properties":{"name":"Bowling Green","rank":1,"capital":0},"geometry":{"type":"Point","coordinates":[-86.444,36.991]}},{"type":"Feature","properties":{"name":"Paducah","rank":1,"capital":0},"geometry":{"type":"Point","coordinates":[-88.6,37.084]}},{"type":"Feature","properties":{"name":"Owensboro","rank":1,"capital":0},"geometry":{"type":"Point","coordinates":[-87.113,37.775]}},{"type":"Feature","properties":{"name":"Jacksonville","rank":1,"capital":0},"geometry":{"type":"Point","coordinates":[-77.431,34.754]}},{"type":"Feature","properties":{"name":"Goldsboro","rank":1,"capital":0},"geometry":{"type":"Point","coordinates":[-77.993,35.385]}},{"type":"Feature","properties":{"name":"Greenville","rank":1,"capital":0},"geometry":{"type":"Point","coordinates":[-77.367,35.613]}},{"type":"Feature","properties":{"name":"Fayetteville","rank":1,"capital":0},"geometry":{"type":"Point","coordinates":[-78.887,35.051]}},{"type":"Feature","properties":{"name":"Hickory","rank":1,"capital":0},"geometry":{"type":"Point","coordinates":[-81.341,35.733]}},{"type":"Feature","properties":{"name":"Asheville","rank":1,"capital":0},"geometry":{"type":"Point","coordinates":[-82.554,35.601]}},{"type":"Feature","properties":{"name":"Winston-Salem","rank":1,"capital":0},"geometry":{"type":"Point","coordinates":[-80.26,36.105]}},{"type":"Feature","properties":{"name":"Kitty Hawk","rank":1,"capital":0},"geometry":{"type":"Point","coordinates":[-75.705,36.077]}},{"type":"Feature","properties":{"name":"Akron","rank":1,"capital":0},"geometry":{"type":"Point","coordinates":[-81.52,41.07]}},{"type":"Feature","properties":{"name":"Lima","rank":1,"capital":0},"geometry":{"type":"Point","coordinates":[-84.105,40.743]}},{"type":"Feature","properties":{"name":"Oak Ridge","rank":1,"capital":0},"geometry":{"type":"Point","coordinates":[-84.27,36.011]}},{"type":"Feature","properties":{"name":"Murfreesboro","rank":1,"capital":0},"geometry":{"type":"Point","coordinates":[-86.39,35.846]}},{"type":"Feature","properties":{"name":"Clarksville","rank":1,"capital":0},"geometry":{"type":"Point","coordinates":[-87.359,36.53]}},{"type":"Feature","properties":{"name":"Jackson","rank":1,"capital":0},"geometry":{"type":"Point","coordinates":[-88.814,35.615]}},{"type":"Feature","properties":{"name":"Alexandria","rank":1,"capital":0},"geometry":{"type":"Point","coordinates":[-77.055,38.804]}},{"type":"Feature","properties":{"name":"Fredericksburg","rank":1,"capital":0},"geometry":{"type":"Point","coordinates":[-77.461,38.304]}},{"type":"Feature","properties":{"name":"Roanoke","rank":1,"capital":0},"geometry":{"type":"Point","coordinates":[-79.942,37.271]}},{"type":"Feature","properties":{"name":"Danville","rank":1,"capital":0},"geometry":{"type":"Point","coordinates":[-79.395,36.586]}},{"type":"Feature","properties":{"name":"Winchester","rank":1,"capital":0},"geometry":{"type":"Point","coordinates":[-78.167,39.179]}},{"type":"Feature","properties":{"name":"Bristol","rank":1,"capital":0},"geometry":{"type":"Point","coordinates":[-82.176,36.612]}},{"type":"Feature","properties":{"name":"Superior","rank":1,"capital":0},"geometry":{"type":"Point","coordinates":[-92.104,46.721]}},{"type":"Feature","properties":{"name":"West Bend","rank":1,"capital":0},"geometry":{"type":"Point","coordinates":[-88.183,43.426]}},{"type":"Feature","properties":{"name":"Fond du Lac","rank":1,"capital":0},"geometry":{"type":"Point","coordinates":[-88.447,43.773]}},{"type":"Feature","properties":{"name":"Oshkosh","rank":1,"capital":0},"geometry":{"type":"Point","coordinates":[-88.543,44.025]}},{"type":"Feature","properties":{"name":"Rhinelander","rank":1,"capital":0},"geometry":{"type":"Point","coordinates":[-89.412,45.64]}},{"type":"Feature","properties":{"name":"Racine","rank":1,"capital":0},"geometry":{"type":"Point","coordinates":[-87.812,42.728]}},{"type":"Feature","properties":{"name":"Marinette","rank":1,"capital":0},"geometry":{"type":"Point","coordinates":[-87.63,45.1]}},{"type":"Feature","properties":{"name":"Wheeling","rank":1,"capital":0},"geometry":{"type":"Point","coordinates":[-80.721,40.064]}},{"type":"Feature","properties":{"name":"Morgantown","rank":1,"capital":0},"geometry":{"type":"Point","coordinates":[-79.956,39.63]}},{"type":"Feature","properties":{"name":"Huntington","rank":1,"capital":0},"geometry":{"type":"Point","coordinates":[-82.445,38.42]}},{"type":"Feature","properties":{"name":"Beckley","rank":1,"capital":0},"geometry":{"type":"Point","coordinates":[-81.183,37.78]}},{"type":"Feature","properties":{"name":"Wilmington","rank":1,"capital":0},"geometry":{"type":"Point","coordinates":[-75.547,39.746]}},{"type":"Feature","properties":{"name":"Cumberland","rank":1,"capital":0},"geometry":{"type":"Point","coordinates":[-78.763,39.653]}},{"type":"Feature","properties":{"name":"Atlantic City","rank":1,"capital":0},"geometry":{"type":"Point","coordinates":[-74.423,39.365]}},{"type":"Feature","properties":{"name":"Newark","rank":1,"capital":0},"geometry":{"type":"Point","coordinates":[-74.17,40.7]}},{"type":"Feature","properties":{"name":"Schenectady","rank":1,"capital":0},"geometry":{"type":"Point","coordinates":[-73.94,42.815]}},{"type":"Feature","properties":{"name":"Binghamton","rank":1,"capital":0},"geometry":{"type":"Point","coordinates":[-75.918,42.099]}},{"type":"Feature","properties":{"name":"Utica","rank":1,"capital":0},"geometry":{"type":"Point","coordinates":[-75.233,43.101]}},{"type":"Feature","properties":{"name":"Watertown","rank":1,"capital":0},"geometry":{"type":"Point","coordinates":[-75.911,43.975]}},{"type":"Feature","properties":{"name":"Niagara Falls","rank":1,"capital":0},"geometry":{"type":"Point","coordinates":[-79.037,43.095]}},{"type":"Feature","properties":{"name":"Jamestown","rank":1,"capital":0},"geometry":{"type":"Point","coordinates":[-79.236,42.097]}},{"type":"Feature","properties":{"name":"Elmira","rank":1,"capital":0},"geometry":{"type":"Point","coordinates":[-76.808,42.09]}},{"type":"Feature","properties":{"name":"York","rank":1,"capital":0},"geometry":{"type":"Point","coordinates":[-76.728,39.963]}},{"type":"Feature","properties":{"name":"Johnstown","rank":1,"capital":0},"geometry":{"type":"Point","coordinates":[-78.922,40.327]}},{"type":"Feature","properties":{"name":"Scranton","rank":1,"capital":0},"geometry":{"type":"Point","coordinates":[-75.663,41.409]}},{"type":"Feature","properties":{"name":"State College","rank":1,"capital":0},"geometry":{"type":"Point","coordinates":[-77.86,40.794]}},{"type":"Feature","properties":{"name":"Erie","rank":1,"capital":0},"geometry":{"type":"Point","coordinates":[-80.085,42.13]}},{"type":"Feature","properties":{"name":"Wilkes-Barre","rank":1,"capital":0},"geometry":{"type":"Point","coordinates":[-75.878,41.249]}},{"type":"Feature","properties":{"name":"Bar Harbor","rank":1,"capital":0},"geometry":{"type":"Point","coordinates":[-68.204,44.388]}},{"type":"Feature","properties":{"name":"Lewiston","rank":1,"capital":0},"geometry":{"type":"Point","coordinates":[-70.215,44.101]}},{"type":"Feature","properties":{"name":"Presque Isle","rank":1,"capital":0},"geometry":{"type":"Point","coordinates":[-68.012,46.676]}},{"type":"Feature","properties":{"name":"Ann Arbor","rank":1,"capital":0},"geometry":{"type":"Point","coordinates":[-83.72,42.3]}},{"type":"Feature","properties":{"name":"Kalamazoo","rank":1,"capital":0},"geometry":{"type":"Point","coordinates":[-85.587,42.292]}},{"type":"Feature","properties":{"name":"Muskegon","rank":1,"capital":0},"geometry":{"type":"Point","coordinates":[-86.248,43.235]}},{"type":"Feature","properties":{"name":"Flint","rank":1,"capital":0},"geometry":{"type":"Point","coordinates":[-83.688,43.013]}},{"type":"Feature","properties":{"name":"Grand Rapids","rank":1,"capital":0},"geometry":{"type":"Point","coordinates":[-85.67,42.964]}},{"type":"Feature","properties":{"name":"Pontiac","rank":1,"capital":0},"geometry":{"type":"Point","coordinates":[-83.29,42.652]}},{"type":"Feature","properties":{"name":"Cadillac","rank":1,"capital":0},"geometry":{"type":"Point","coordinates":[-85.414,44.251]}},{"type":"Feature","properties":{"name":"Traverse City","rank":1,"capital":0},"geometry":{"type":"Point","coordinates":[-85.622,44.768]}},{"type":"Feature","properties":{"name":"Petoskey","rank":1,"capital":0},"geometry":{"type":"Point","coordinates":[-84.955,45.374]}},{"type":"Feature","properties":{"name":"Escanaba","rank":1,"capital":0},"geometry":{"type":"Point","coordinates":[-87.064,45.746]}},{"type":"Feature","properties":{"name":"Marquette","rank":1,"capital":0},"geometry":{"type":"Point","coordinates":[-87.407,46.547]}},{"type":"Feature","properties":{"name":"Hancock","rank":1,"capital":0},"geometry":{"type":"Point","coordinates":[-88.581,47.127]}},{"type":"Feature","properties":{"name":"Wrangell","rank":1,"capital":0},"geometry":{"type":"Point","coordinates":[-132.372,56.471]}},{"type":"Feature","properties":{"name":"Shishmaref","rank":1,"capital":0},"geometry":{"type":"Point","coordinates":[-166.072,66.257]}},{"type":"Feature","properties":{"name":"Hoonah","rank":1,"capital":0},"geometry":{"type":"Point","coordinates":[-135.439,58.115]}},{"type":"Feature","properties":{"name":"Atka","rank":1,"capital":0},"geometry":{"type":"Point","coordinates":[-174.2,52.196]}},{"type":"Feature","properties":{"name":"Nikolski","rank":1,"capital":0},"geometry":{"type":"Point","coordinates":[-168.868,52.938]}},{"type":"Feature","properties":{"name":"Karluk","rank":1,"capital":0},"geometry":{"type":"Point","coordinates":[-154.455,57.572]}},{"type":"Feature","properties":{"name":"False Pass","rank":1,"capital":0},"geometry":{"type":"Point","coordinates":[-163.415,54.851]}},{"type":"Feature","properties":{"name":"Kivalina","rank":1,"capital":0},"geometry":{"type":"Point","coordinates":[-164.486,67.731]}},{"type":"Feature","properties":{"name":"Newhalen","rank":1,"capital":0},"geometry":{"type":"Point","coordinates":[-154.897,59.72]}},{"type":"Feature","properties":{"name":"Pilot Point","rank":1,"capital":0},"geometry":{"type":"Point","coordinates":[-157.569,57.565]}},{"type":"Feature","properties":{"name":"Chignik","rank":1,"capital":0},"geometry":{"type":"Point","coordinates":[-158.402,56.296]}},{"type":"Feature","properties":{"name":"King Salmon","rank":1,"capital":0},"geometry":{"type":"Point","coordinates":[-156.661,58.689]}},{"type":"Feature","properties":{"name":"Quinhagak","rank":1,"capital":0},"geometry":{"type":"Point","coordinates":[-161.916,59.749]}},{"type":"Feature","properties":{"name":"Aniak","rank":1,"capital":0},"geometry":{"type":"Point","coordinates":[-159.522,61.579]}},{"type":"Feature","properties":{"name":"Kotlit","rank":1,"capital":0},"geometry":{"type":"Point","coordinates":[-163.553,63.035]}},{"type":"Feature","properties":{"name":"Unalakleet","rank":1,"capital":0},"geometry":{"type":"Point","coordinates":[-160.788,63.873]}},{"type":"Feature","properties":{"name":"Koyuk","rank":1,"capital":0},"geometry":{"type":"Point","coordinates":[-161.157,64.94]}},{"type":"Feature","properties":{"name":"McGrath","rank":1,"capital":0},"geometry":{"type":"Point","coordinates":[-155.596,62.957]}},{"type":"Feature","properties":{"name":"Hughes","rank":1,"capital":0},"geometry":{"type":"Point","coordinates":[-154.255,66.049]}},{"type":"Feature","properties":{"name":"Ambler","rank":1,"capital":0},"geometry":{"type":"Point","coordinates":[-157.851,67.086]}},{"type":"Feature","properties":{"name":"Wales","rank":1,"capital":0},"geometry":{"type":"Point","coordinates":[-168.088,65.61]}},{"type":"Feature","properties":{"name":"Kotzebue","rank":1,"capital":0},"geometry":{"type":"Point","coordinates":[-162.597,66.899]}},{"type":"Feature","properties":{"name":"Wasilla","rank":1,"capital":0},"geometry":{"type":"Point","coordinates":[-149.439,61.582]}},{"type":"Feature","properties":{"name":"Circle","rank":1,"capital":0},"geometry":{"type":"Point","coordinates":[-144.061,65.826]}},{"type":"Feature","properties":{"name":"Denali Park","rank":1,"capital":0},"geometry":{"type":"Point","coordinates":[-148.914,63.733]}},{"type":"Feature","properties":{"name":"Yakutat","rank":1,"capital":0},"geometry":{"type":"Point","coordinates":[-139.727,59.547]}},{"type":"Feature","properties":{"name":"Homer","rank":1,"capital":0},"geometry":{"type":"Point","coordinates":[-151.548,59.643]}},{"type":"Feature","properties":{"name":"Tanacross","rank":1,"capital":0},"geometry":{"type":"Point","coordinates":[-143.346,63.386]}},{"type":"Feature","properties":{"name":"Wiseman","rank":1,"capital":0},"geometry":{"type":"Point","coordinates":[-150.107,67.41]}},{"type":"Feature","properties":{"name":"Binjai","rank":1,"capital":0},"geometry":{"type":"Point","coordinates":[98.5,3.62]}},{"type":"Feature","properties":{"name":"Padangsidempuan","rank":1,"capital":0},"geometry":{"type":"Point","coordinates":[99.273,1.389]}},{"type":"Feature","properties":{"name":"Tarutung","rank":1,"capital":0},"geometry":{"type":"Point","coordinates":[98.967,2.017]}},{"type":"Feature","properties":{"name":"Tebingtinggi","rank":1,"capital":0},"geometry":{"type":"Point","coordinates":[99.13,3.33]}},{"type":"Feature","properties":{"name":"Tidore","rank":1,"capital":0},"geometry":{"type":"Point","coordinates":[127.436,0.696]}},{"type":"Feature","properties":{"name":"Bukittinggi","rank":1,"capital":0},"geometry":{"type":"Point","coordinates":[100.361,-0.303]}},{"type":"Feature","properties":{"name":"Sawahlunto","rank":1,"capital":0},"geometry":{"type":"Point","coordinates":[100.783,-0.666]}},{"type":"Feature","properties":{"name":"Padangpanjang","rank":1,"capital":0},"geometry":{"type":"Point","coordinates":[100.417,-0.45]}},{"type":"Feature","properties":{"name":"Amahai","rank":1,"capital":0},"geometry":{"type":"Point","coordinates":[128.94,-3.328]}},{"type":"Feature","properties":{"name":"Mataram","rank":1,"capital":0},"geometry":{"type":"Point","coordinates":[116.135,-8.58]}},{"type":"Feature","properties":{"name":"Praya","rank":1,"capital":0},"geometry":{"type":"Point","coordinates":[116.292,-8.722]}},{"type":"Feature","properties":{"name":"Baubau","rank":1,"capital":0},"geometry":{"type":"Point","coordinates":[122.616,-5.47]}},{"type":"Feature","properties":{"name":"Luwuk","rank":1,"capital":0},"geometry":{"type":"Point","coordinates":[122.79,-0.94]}},{"type":"Feature","properties":{"name":"Poso","rank":1,"capital":0},"geometry":{"type":"Point","coordinates":[120.76,-1.39]}},{"type":"Feature","properties":{"name":"Biak","rank":1,"capital":0},"geometry":{"type":"Point","coordinates":[136.048,-1.161]}},{"type":"Feature","properties":{"name":"Timika","rank":1,"capital":0},"geometry":{"type":"Point","coordinates":[136.89,-4.55]}},{"type":"Feature","properties":{"name":"Saint-Georges","rank":1,"capital":0},"geometry":{"type":"Point","coordinates":[-51.81,3.91]}},{"type":"Feature","properties":{"name":"Langsa","rank":1,"capital":0},"geometry":{"type":"Point","coordinates":[97.966,4.674]}},{"type":"Feature","properties":{"name":"Longxi","rank":1,"capital":0},"geometry":{"type":"Point","coordinates":[104.671,35.003]}},{"type":"Feature","properties":{"name":"Pingliang","rank":1,"capital":0},"geometry":{"type":"Point","coordinates":[106.68,35.53]}},{"type":"Feature","properties":{"name":"Anxi","rank":1,"capital":0},"geometry":{"type":"Point","coordinates":[95.8,40.5]}},{"type":"Feature","properties":{"name":"Minxian","rank":1,"capital":0},"geometry":{"type":"Point","coordinates":[104.031,34.436]}},{"type":"Feature","properties":{"name":"Jinchang","rank":1,"capital":0},"geometry":{"type":"Point","coordinates":[102.174,38.496]}},{"type":"Feature","properties":{"name":"Guide","rank":1,"capital":0},"geometry":{"type":"Point","coordinates":[101.424,36.045]}},{"type":"Feature","properties":{"name":"Qinzhou","rank":1,"capital":0},"geometry":{"type":"Point","coordinates":[108.62,21.95]}},{"type":"Feature","properties":{"name":"Pingxiang","rank":1,"capital":0},"geometry":{"type":"Point","coordinates":[106.757,22.097]}},{"type":"Feature","properties":{"name":"Yishan","rank":1,"capital":0},"geometry":{"type":"Point","coordinates":[108.667,24.5]}},{"type":"Feature","properties":{"name":"Beihai","rank":1,"capital":0},"geometry":{"type":"Point","coordinates":[109.1,21.48]}},{"type":"Feature","properties":{"name":"Hechi","rank":1,"capital":0},"geometry":{"type":"Point","coordinates":[108.083,24.695]}},{"type":"Feature","properties":{"name":"Tongren","rank":1,"capital":0},"geometry":{"type":"Point","coordinates":[109.13,27.68]}},{"type":"Feature","properties":{"name":"Fengjie","rank":1,"capital":0},"geometry":{"type":"Point","coordinates":[109.517,31.05]}},{"type":"Feature","properties":{"name":"Changping","rank":1,"capital":0},"geometry":{"type":"Point","coordinates":[116.194,40.225]}},{"type":"Feature","properties":{"name":"Shaowu","rank":1,"capital":0},"geometry":{"type":"Point","coordinates":[117.5,27.3]}},{"type":"Feature","properties":{"name":"Longyan","rank":1,"capital":0},"geometry":{"type":"Point","coordinates":[116.995,25.074]}},{"type":"Feature","properties":{"name":"Zhangzhou","rank":1,"capital":0},"geometry":{"type":"Point","coordinates":[117.67,24.52]}},{"type":"Feature","properties":{"name":"Putian","rank":1,"capital":0},"geometry":{"type":"Point","coordinates":[119.02,25.43]}},{"type":"Feature","properties":{"name":"Fuan","rank":1,"capital":0},"geometry":{"type":"Point","coordinates":[119.62,27.07]}},{"type":"Feature","properties":{"name":"Changting","rank":1,"capital":0},"geometry":{"type":"Point","coordinates":[116.317,25.867]}},{"type":"Feature","properties":{"name":"Nanping","rank":1,"capital":0},"geometry":{"type":"Point","coordinates":[118.17,26.63]}},{"type":"Feature","properties":{"name":"Ninde","rank":1,"capital":0},"geometry":{"type":"Point","coordinates":[119.53,26.68]}},{"type":"Feature","properties":{"name":"Jieshou","rank":1,"capital":0},"geometry":{"type":"Point","coordinates":[115.35,33.25]}},{"type":"Feature","properties":{"name":"Tongling","rank":1,"capital":0},"geometry":{"type":"Point","coordinates":[117.78,30.95]}},{"type":"Feature","properties":{"name":"Maanshan","rank":1,"capital":0},"geometry":{"type":"Point","coordinates":[118.485,31.673]}},{"type":"Feature","properties":{"name":"Fuyang","rank":1,"capital":0},"geometry":{"type":"Point","coordinates":[115.82,32.9]}},{"type":"Feature","properties":{"name":"Yangjiang","rank":1,"capital":0},"geometry":{"type":"Point","coordinates":[111.97,21.85]}},{"type":"Feature","properties":{"name":"Meizhou","rank":1,"capital":0},"geometry":{"type":"Point","coordinates":[116.12,24.3]}},{"type":"Feature","properties":{"name":"Heyuan","rank":1,"capital":0},"geometry":{"type":"Point","coordinates":[114.68,23.73]}},{"type":"Feature","properties":{"name":"Qingyuan","rank":1,"capital":0},"geometry":{"type":"Point","coordinates":[113.03,23.7]}},{"type":"Feature","properties":{"name":"Zhaoqing","rank":1,"capital":0},"geometry":{"type":"Point","coordinates":[112.45,23.05]}},{"type":"Feature","properties":{"name":"Lianxian","rank":1,"capital":0},"geometry":{"type":"Point","coordinates":[112.383,24.782]}},{"type":"Feature","properties":{"name":"Jiangmen","rank":1,"capital":0},"geometry":{"type":"Point","coordinates":[113.08,22.58]}},{"type":"Feature","properties":{"name":"Maoming","rank":1,"capital":0},"geometry":{"type":"Point","coordinates":[110.87,21.92]}},{"type":"Feature","properties":{"name":"Indramayu","rank":1,"capital":0},"geometry":{"type":"Point","coordinates":[108.319,-6.336]}},{"type":"Feature","properties":{"name":"Sukabumi","rank":1,"capital":0},"geometry":{"type":"Point","coordinates":[106.9,-6.91]}},{"type":"Feature","properties":{"name":"Cilacap","rank":1,"capital":0},"geometry":{"type":"Point","coordinates":[109.015,-7.719]}},{"type":"Feature","properties":{"name":"Pati","rank":1,"capital":0},"geometry":{"type":"Point","coordinates":[111.035,-6.742]}},{"type":"Feature","properties":{"name":"Pakalongan","rank":1,"capital":0},"geometry":{"type":"Point","coordinates":[109.67,-6.88]}},{"type":"Feature","properties":{"name":"Tegal","rank":1,"capital":0},"geometry":{"type":"Point","coordinates":[109.12,-6.87]}},{"type":"Feature","properties":{"name":"Salatiga","rank":1,"capital":0},"geometry":{"type":"Point","coordinates":[110.49,-7.31]}},{"type":"Feature","properties":{"name":"Magelang","rank":1,"capital":0},"geometry":{"type":"Point","coordinates":[110.18,-7.47]}},{"type":"Feature","properties":{"name":"Serang","rank":1,"capital":0},"geometry":{"type":"Point","coordinates":[106.15,-6.11]}},{"type":"Feature","properties":{"name":"Bekasi","rank":1,"capital":0},"geometry":{"type":"Point","coordinates":[106.972,-6.217]}},{"type":"Feature","properties":{"name":"Singkawang","rank":1,"capital":0},"geometry":{"type":"Point","coordinates":[108.965,0.912]}},{"type":"Feature","properties":{"name":"Bandar Lampung","rank":1,"capital":0},"geometry":{"type":"Point","coordinates":[105.3,-5.45]}},{"type":"Feature","properties":{"name":"Perabumulih","rank":1,"capital":0},"geometry":{"type":"Point","coordinates":[104.231,-3.443]}},{"type":"Feature","properties":{"name":"Kuta","rank":1,"capital":0},"geometry":{"type":"Point","coordinates":[115.184,-8.715]}},{"type":"Feature","properties":{"name":"Singaraja","rank":1,"capital":0},"geometry":{"type":"Point","coordinates":[115.094,-8.115]}},{"type":"Feature","properties":{"name":"Sumenep","rank":1,"capital":0},"geometry":{"type":"Point","coordinates":[113.85,-7.005]}},{"type":"Feature","properties":{"name":"Banyuwangi","rank":1,"capital":0},"geometry":{"type":"Point","coordinates":[114.37,-8.195]}},{"type":"Feature","properties":{"name":"Tuban","rank":1,"capital":0},"geometry":{"type":"Point","coordinates":[112.05,-6.9]}},{"type":"Feature","properties":{"name":"Probolinggo","rank":1,"capital":0},"geometry":{"type":"Point","coordinates":[113.15,-7.75]}},{"type":"Feature","properties":{"name":"Pasuruan","rank":1,"capital":0},"geometry":{"type":"Point","coordinates":[112.9,-7.63]}},{"type":"Feature","properties":{"name":"Mojokerto","rank":1,"capital":0},"geometry":{"type":"Point","coordinates":[112.43,-7.47]}},{"type":"Feature","properties":{"name":"Madiun","rank":1,"capital":0},"geometry":{"type":"Point","coordinates":[111.515,-7.635]}},{"type":"Feature","properties":{"name":"Kediri","rank":1,"capital":0},"geometry":{"type":"Point","coordinates":[112.0,-7.79]}},{"type":"Feature","properties":{"name":"Blitar","rank":1,"capital":0},"geometry":{"type":"Point","coordinates":[112.15,-8.07]}},{"type":"Feature","properties":{"name":"Waingapu","rank":1,"capital":0},"geometry":{"type":"Point","coordinates":[120.253,-9.658]}},{"type":"Feature","properties":{"name":"Maumere","rank":1,"capital":0},"geometry":{"type":"Point","coordinates":[122.212,-8.619]}},{"type":"Feature","properties":{"name":"Ende","rank":1,"capital":0},"geometry":{"type":"Point","coordinates":[121.649,-8.862]}},{"type":"Feature","properties":{"name":"Makale","rank":1,"capital":0},"geometry":{"type":"Point","coordinates":[119.853,-3.097]}},{"type":"Feature","properties":{"name":"Palopo","rank":1,"capital":0},"geometry":{"type":"Point","coordinates":[120.236,-3.1]}},{"type":"Feature","properties":{"name":"Watampone","rank":1,"capital":0},"geometry":{"type":"Point","coordinates":[120.333,-4.533]}},{"type":"Feature","properties":{"name":"Pinrang","rank":1,"capital":0},"geometry":{"type":"Point","coordinates":[119.652,-3.786]}},{"type":"Feature","properties":{"name":"Majene","rank":1,"capital":0},"geometry":{"type":"Point","coordinates":[118.966,-3.534]}},{"type":"Feature","properties":{"name":"Gar","rank":1,"capital":0},"geometry":{"type":"Point","coordinates":[79.983,32.2]}},{"type":"Feature","properties":{"name":"Turpan","rank":1,"capital":0},"geometry":{"type":"Point","coordinates":[89.165,42.935]}},{"type":"Feature","properties":{"name":"Quiemo","rank":1,"capital":0},"geometry":{"type":"Point","coordinates":[85.533,38.134]}},{"type":"Feature","properties":{"name":"Koktokay","rank":1,"capital":0},"geometry":{"type":"Point","coordinates":[89.53,46.991]}},{"type":"Feature","properties":{"name":"Tanjungpinang","rank":1,"capital":0},"geometry":{"type":"Point","coordinates":[104.471,0.917]}},{"type":"Feature","properties":{"name":"Telukbutun","rank":1,"capital":0},"geometry":{"type":"Point","coordinates":[108.2,4.217]}},{"type":"Feature","properties":{"name":"Hancheng","rank":1,"capital":0},"geometry":{"type":"Point","coordinates":[110.43,35.47]}},{"type":"Feature","properties":{"name":"Weinan","rank":1,"capital":0},"geometry":{"type":"Point","coordinates":[109.5,34.5]}},{"type":"Feature","properties":{"name":"Shuozhou","rank":1,"capital":0},"geometry":{"type":"Point","coordinates":[112.42,39.3]}},{"type":"Feature","properties":{"name":"Xinzhou","rank":1,"capital":0},"geometry":{"type":"Point","coordinates":[112.72,38.41]}},{"type":"Feature","properties":{"name":"Jincheng","rank":1,"capital":0},"geometry":{"type":"Point","coordinates":[112.83,35.5]}},{"type":"Feature","properties":{"name":"Jiexiu","rank":1,"capital":0},"geometry":{"type":"Point","coordinates":[111.9,37.04]}},{"type":"Feature","properties":{"name":"Changzhi","rank":1,"capital":0},"geometry":{"type":"Point","coordinates":[113.105,36.184]}},{"type":"Feature","properties":{"name":"Guangshui","rank":1,"capital":0},"geometry":{"type":"Point","coordinates":[114.0,31.62]}},{"type":"Feature","properties":{"name":"Jingmen","rank":1,"capital":0},"geometry":{"type":"Point","coordinates":[112.201,31.031]}},{"type":"Feature","properties":{"name":"Zicheng","rank":1,"capital":0},"geometry":{"type":"Point","coordinates":[111.5,30.3]}},{"type":"Feature","properties":{"name":"Shishou","rank":1,"capital":0},"geometry":{"type":"Point","coordinates":[112.4,29.7]}},{"type":"Feature","properties":{"name":"Xiaogan","rank":1,"capital":0},"geometry":{"type":"Point","coordinates":[113.9,30.92]}},{"type":"Feature","properties":{"name":"Puqi","rank":1,"capital":0},"geometry":{"type":"Point","coordinates":[113.88,29.72]}},{"type":"Feature","properties":{"name":"Yunxian","rank":1,"capital":0},"geometry":{"type":"Point","coordinates":[110.814,32.808]}},{"type":"Feature","properties":{"name":"Jinshi","rank":1,"capital":0},"geometry":{"type":"Point","coordinates":[111.852,29.632]}},{"type":"Feature","properties":{"name":"Chenzhou","rank":1,"capital":0},"geometry":{"type":"Point","coordinates":[113.03,25.8]}},{"type":"Feature","properties":{"name":"Zhijiang","rank":1,"capital":0},"geometry":{"type":"Point","coordinates":[109.678,27.441]}},{"type":"Feature","properties":{"name":"Xiangtan","rank":1,"capital":0},"geometry":{"type":"Point","coordinates":[112.9,27.85]}},{"type":"Feature","properties":{"name":"Zigong","rank":1,"capital":0},"geometry":{"type":"Point","coordinates":[104.778,29.402]}},{"type":"Feature","properties":{"name":"Yaan","rank":1,"capital":0},"geometry":{"type":"Point","coordinates":[103.08,29.98]}},{"type":"Feature","properties":{"name":"Langzhong","rank":1,"capital":0},"geometry":{"type":"Point","coordinates":[105.966,31.576]}},{"type":"Feature","properties":{"name":"Rongzhag","rank":1,"capital":0},"geometry":{"type":"Point","coordinates":[101.917,30.95]}},{"type":"Feature","properties":{"name":"Simao","rank":1,"capital":0},"geometry":{"type":"Point","coordinates":[100.978,22.781]}},{"type":"Feature","properties":{"name":"Wenshan","rank":1,"capital":0},"geometry":{"type":"Point","coordinates":[104.25,23.372]}},{"type":"Feature","properties":{"name":"Zhanyi","rank":1,"capital":0},"geometry":{"type":"Point","coordinates":[103.817,25.6]}},{"type":"Feature","properties":{"name":"Huize","rank":1,"capital":0},"geometry":{"type":"Point","coordinates":[103.417,26.35]}},{"type":"Feature","properties":{"name":"Chengde","rank":1,"capital":0},"geometry":{"type":"Point","coordinates":[117.93,40.96]}},{"type":"Feature","properties":{"name":"Cangzhou","rank":1,"capital":0},"geometry":{"type":"Point","coordinates":[116.87,38.32]}},{"type":"Feature","properties":{"name":"Baoding","rank":1,"capital":0},"geometry":{"type":"Point","coordinates":[115.469,38.858]}},{"type":"Feature","properties":{"name":"Huanghua","rank":1,"capital":0},"geometry":{"type":"Point","coordinates":[117.33,38.37]}},{"type":"Feature","properties":{"name":"Dingzhou","rank":1,"capital":0},"geometry":{"type":"Point","coordinates":[115.0,38.5]}},{"type":"Feature","properties":{"name":"Nangong","rank":1,"capital":0},"geometry":{"type":"Point","coordinates":[115.37,37.37]}},{"type":"Feature","properties":{"name":"Linqing","rank":1,"capital":0},"geometry":{"type":"Point","coordinates":[115.68,36.85]}},{"type":"Feature","properties":{"name":"Xiangtai","rank":1,"capital":0},"geometry":{"type":"Point","coordinates":[114.5,37.05]}},{"type":"Feature","properties":{"name":"Puyang","rank":1,"capital":0},"geometry":{"type":"Point","coordinates":[114.98,35.7]}},{"type":"Feature","properties":{"name":"Hebi","rank":1,"capital":0},"geometry":{"type":"Point","coordinates":[114.22,35.95]}},{"type":"Feature","properties":{"name":"Xuchang","rank":1,"capital":0},"geometry":{"type":"Point","coordinates":[113.82,34.02]}},{"type":"Feature","properties":{"name":"Zhoukou","rank":1,"capital":0},"geometry":{"type":"Point","coordinates":[114.63,33.63]}},{"type":"Feature","properties":{"name":"Dengzhou","rank":1,"capital":0},"geometry":{"type":"Point","coordinates":[112.08,32.68]}},{"type":"Feature","properties":{"name":"Tieling","rank":1,"capital":0},"geometry":{"type":"Point","coordinates":[123.82,42.3]}},{"type":"Feature","properties":{"name":"Chaoyang","rank":1,"capital":0},"geometry":{"type":"Point","coordinates":[120.42,41.55]}},{"type":"Feature","properties":{"name":"Huanren","rank":1,"capital":0},"geometry":{"type":"Point","coordinates":[125.346,41.256]}},{"type":"Feature","properties":{"name":"Zhuanghe","rank":1,"capital":0},"geometry":{"type":"Point","coordinates":[122.962,39.682]}},{"type":"Feature","properties":{"name":"Yishui","rank":1,"capital":0},"geometry":{"type":"Point","coordinates":[118.62,35.79]}},{"type":"Feature","properties":{"name":"Shanxian","rank":1,"capital":0},"geometry":{"type":"Point","coordinates":[116.08,34.79]}},{"type":"Feature","properties":{"name":"Pingyi","rank":1,"capital":0},"geometry":{"type":"Point","coordinates":[117.62,35.51]}},{"type":"Feature","properties":{"name":"Pingdu","rank":1,"capital":0},"geometry":{"type":"Point","coordinates":[119.94,36.79]}},{"type":"Feature","properties":{"name":"Laiwu","rank":1,"capital":0},"geometry":{"type":"Point","coordinates":[117.66,36.2]}},{"type":"Feature","properties":{"name":"Buizhou","rank":1,"capital":0},"geometry":{"type":"Point","coordinates":[117.984,37.38]}},{"type":"Feature","properties":{"name":"Liaocheng","rank":1,"capital":0},"geometry":{"type":"Point","coordinates":[115.97,36.43]}},{"type":"Feature","properties":{"name":"Rizhao","rank":1,"capital":0},"geometry":{"type":"Point","coordinates":[119.45,35.43]}},{"type":"Feature","properties":{"name":"Dezhou","rank":1,"capital":0},"geometry":{"type":"Point","coordinates":[116.3,37.45]}},{"type":"Feature","properties":{"name":"Linchuan","rank":1,"capital":0},"geometry":{"type":"Point","coordinates":[116.36,27.97]}},{"type":"Feature","properties":{"name":"Fengcheng","rank":1,"capital":0},"geometry":{"type":"Point","coordinates":[115.77,28.2]}},{"type":"Feature","properties":{"name":"Jian","rank":1,"capital":0},"geometry":{"type":"Point","coordinates":[115.0,27.13]}},{"type":"Feature","properties":{"name":"Shangrao","rank":1,"capital":0},"geometry":{"type":"Point","coordinates":[117.97,28.47]}},{"type":"Feature","properties":{"name":"Jingdezhen","rank":1,"capital":0},"geometry":{"type":"Point","coordinates":[117.18,29.27]}},{"type":"Feature","properties":{"name":"Taizhou","rank":1,"capital":0},"geometry":{"type":"Point","coordinates":[119.9,32.49]}},{"type":"Feature","properties":{"name":"Shuyang","rank":1,"capital":0},"geometry":{"type":"Point","coordinates":[118.773,34.13]}},{"type":"Feature","properties":{"name":"Lianyungang","rank":1,"capital":0},"geometry":{"type":"Point","coordinates":[119.226,34.587]}},{"type":"Feature","properties":{"name":"Lishui","rank":1,"capital":0},"geometry":{"type":"Point","coordinates":[119.9,28.45]}},{"type":"Feature","properties":{"name":"Jiaojing","rank":1,"capital":0},"geometry":{"type":"Point","coordinates":[121.45,28.68]}},{"type":"Feature","properties":{"name":"Quzhou","rank":1,"capital":0},"geometry":{"type":"Point","coordinates":[118.87,28.97]}},{"type":"Feature","properties":{"name":"Songyuan","rank":1,"capital":0},"geometry":{"type":"Point","coordinates":[124.82,45.18]}},{"type":"Feature","properties":{"name":"Dunhua","rank":1,"capital":0},"geometry":{"type":"Point","coordinates":[128.22,43.35]}},{"type":"Feature","properties":{"name":"Nongan","rank":1,"capital":0},"geometry":{"type":"Point","coordinates":[125.17,44.43]}},{"type":"Feature","properties":{"name":"Taonan","rank":1,"capital":0},"geometry":{"type":"Point","coordinates":[122.78,45.33]}},{"type":"Feature","properties":{"name":"Liuhe","rank":1,"capital":0},"geometry":{"type":"Point","coordinates":[125.717,42.279]}},{"type":"Feature","properties":{"name":"Huinan","rank":1,"capital":0},"geometry":{"type":"Point","coordinates":[126.261,42.623]}},{"type":"Feature","properties":{"name":"Panshi","rank":1,"capital":0},"geometry":{"type":"Point","coordinates":[126.056,42.943]}},{"type":"Feature","properties":{"name":"Jiaohe","rank":1,"capital":0},"geometry":{"type":"Point","coordinates":[127.346,43.716]}},{"type":"Feature","properties":{"name":"Linjiang","rank":1,"capital":0},"geometry":{"type":"Point","coordinates":[126.936,41.836]}},{"type":"Feature","properties":{"name":"Wangqing","rank":1,"capital":0},"geometry":{"type":"Point","coordinates":[129.734,43.325]}},{"type":"Feature","properties":{"name":"Helong","rank":1,"capital":0},"geometry":{"type":"Point","coordinates":[129.004,42.535]}},{"type":"Feature","properties":{"name":"Shulan","rank":1,"capital":0},"geometry":{"type":"Point","coordinates":[126.949,44.409]}},{"type":"Feature","properties":{"name":"Jiutai","rank":1,"capital":0},"geometry":{"type":"Point","coordinates":[125.844,44.145]}},{"type":"Feature","properties":{"name":"Alxa Zuoqi","rank":1,"capital":0},"geometry":{"type":"Point","coordinates":[105.669,38.839]}},{"type":"Feature","properties":{"name":"Linxi","rank":1,"capital":0},"geometry":{"type":"Point","coordinates":[118.033,43.517]}},{"type":"Feature","properties":{"name":"Kailu","rank":1,"capital":0},"geometry":{"type":"Point","coordinates":[121.2,43.584]}},{"type":"Feature","properties":{"name":"Bairin Zuoqi","rank":1,"capital":0},"geometry":{"type":"Point","coordinates":[119.183,43.984]}},{"type":"Feature","properties":{"name":"Yitulihe","rank":1,"capital":0},"geometry":{"type":"Point","coordinates":[121.517,50.652]}},{"type":"Feature","properties":{"name":"Yakeshi","rank":1,"capital":0},"geometry":{"type":"Point","coordinates":[120.73,49.28]}},{"type":"Feature","properties":{"name":"Bugt","rank":1,"capital":0},"geometry":{"type":"Point","coordinates":[121.933,48.784]}},{"type":"Feature","properties":{"name":"Wuyuan","rank":1,"capital":0},"geometry":{"type":"Point","coordinates":[108.272,41.09]}},{"type":"Feature","properties":{"name":"Bayan Obo","rank":1,"capital":0},"geometry":{"type":"Point","coordinates":[109.971,41.768]}},{"type":"Feature","properties":{"name":"Fengzhen","rank":1,"capital":0},"geometry":{"type":"Point","coordinates":[113.144,40.455]}},{"type":"Feature","properties":{"name":"Suihua","rank":1,"capital":0},"geometry":{"type":"Point","coordinates":[126.98,46.63]}},{"type":"Feature","properties":{"name":"Shuangyashan","rank":1,"capital":0},"geometry":{"type":"Point","coordinates":[131.35,46.67]}},{"type":"Feature","properties":{"name":"Shangzhi","rank":1,"capital":0},"geometry":{"type":"Point","coordinates":[127.97,45.22]}},{"type":"Feature","properties":{"name":"Fujin","rank":1,"capital":0},"geometry":{"type":"Point","coordinates":[132.02,47.27]}},{"type":"Feature","properties":{"name":"Yian","rank":1,"capital":0},"geometry":{"type":"Point","coordinates":[125.3,47.88]}},{"type":"Feature","properties":{"name":"Tailai","rank":1,"capital":0},"geometry":{"type":"Point","coordinates":[123.41,46.39]}},{"type":"Feature","properties":{"name":"Longjiang","rank":1,"capital":0},"geometry":{"type":"Point","coordinates":[123.18,47.34]}},{"type":"Feature","properties":{"name":"Gannan","rank":1,"capital":0},"geometry":{"type":"Point","coordinates":[123.51,47.92]}},{"type":"Feature","properties":{"name":"Hailun","rank":1,"capital":0},"geometry":{"type":"Point","coordinates":[126.93,47.45]}},{"type":"Feature","properties":{"name":"Mishan","rank":1,"capital":0},"geometry":{"type":"Point","coordinates":[131.88,45.55]}},{"type":"Feature","properties":{"name":"Tieli","rank":1,"capital":0},"geometry":{"type":"Point","coordinates":[128.05,46.95]}},{"type":"Feature","properties":{"name":"Shuangcheng","rank":1,"capital":0},"geometry":{"type":"Point","coordinates":[126.28,45.35]}},{"type":"Feature","properties":{"name":"Zhaodong","rank":1,"capital":0},"geometry":{"type":"Point","coordinates":[125.98,46.08]}},{"type":"Feature","properties":{"name":"Lanxi","rank":1,"capital":0},"geometry":{"type":"Point","coordinates":[126.276,46.266]}},{"type":"Feature","properties":{"name":"Keshan","rank":1,"capital":0},"geometry":{"type":"Point","coordinates":[125.866,48.026]}},{"type":"Feature","properties":{"name":"Nancha","rank":1,"capital":0},"geometry":{"type":"Point","coordinates":[129.286,47.136]}},{"type":"Feature","properties":{"name":"Xinqing","rank":1,"capital":0},"geometry":{"type":"Point","coordinates":[129.506,48.236]}},{"type":"Feature","properties":{"name":"Hulin","rank":1,"capital":0},"geometry":{"type":"Point","coordinates":[132.992,45.769]}},{"type":"Feature","properties":{"name":"Boli","rank":1,"capital":0},"geometry":{"type":"Point","coordinates":[130.576,45.756]}},{"type":"Feature","properties":{"name":"Ningan","rank":1,"capital":0},"geometry":{"type":"Point","coordinates":[129.466,44.331]}},{"type":"Feature","properties":{"name":"Sungaipenuh","rank":1,"capital":0},"geometry":{"type":"Point","coordinates":[101.396,-2.063]}},{"type":"Feature","properties":{"name":"Sampit","rank":1,"capital":0},"geometry":{"type":"Point","coordinates":[112.95,-2.533]}},{"type":"Feature","properties":{"name":"Kualakapuas","rank":1,"capital":0},"geometry":{"type":"Point","coordinates":[114.384,-2.984]}},{"type":"Feature","properties":{"name":"Palangkaraya","rank":1,"capital":0},"geometry":{"type":"Point","coordinates":[113.91,-2.21]}},{"type":"Feature","properties":{"name":"Pathankot","rank":1,"capital":0},"geometry":{"type":"Point","coordinates":[75.72,32.27]}},{"type":"Feature","properties":{"name":"Sirsa","rank":1,"capital":0},"geometry":{"type":"Point","coordinates":[75.03,29.49]}},{"type":"Feature","properties":{"name":"Panipat","rank":1,"capital":0},"geometry":{"type":"Point","coordinates":[76.97,29.4]}},{"type":"Feature","properties":{"name":"Karnal","rank":1,"capital":0},"geometry":{"type":"Point","coordinates":[76.97,29.68]}},{"type":"Feature","properties":{"name":"Baramula","rank":1,"capital":0},"geometry":{"type":"Point","coordinates":[74.35,34.2]}},{"type":"Feature","properties":{"name":"Proddatur","rank":1,"capital":0},"geometry":{"type":"Point","coordinates":[78.57,14.75]}},{"type":"Feature","properties":{"name":"Nandyal","rank":1,"capital":0},"geometry":{"type":"Point","coordinates":[78.487,15.464]}},{"type":"Feature","properties":{"name":"Hindupur","rank":1,"capital":0},"geometry":{"type":"Point","coordinates":[77.49,13.78]}},{"type":"Feature","properties":{"name":"Tirupati","rank":1,"capital":0},"geometry":{"type":"Point","coordinates":[79.42,13.65]}},{"type":"Feature","properties":{"name":"Ongole","rank":1,"capital":0},"geometry":{"type":"Point","coordinates":[80.058,15.506]}},{"type":"Feature","properties":{"name":"Vizianagaram","rank":1,"capital":0},"geometry":{"type":"Point","coordinates":[83.401,18.111]}},{"type":"Feature","properties":{"name":"Rajahmundry","rank":1,"capital":0},"geometry":{"type":"Point","coordinates":[81.79,17.03]}},{"type":"Feature","properties":{"name":"Machilipatnam","rank":1,"capital":0},"geometry":{"type":"Point","coordinates":[81.18,16.2]}},{"type":"Feature","properties":{"name":"Khammam","rank":1,"capital":0},"geometry":{"type":"Point","coordinates":[80.16,17.28]}},{"type":"Feature","properties":{"name":"Chirala","rank":1,"capital":0},"geometry":{"type":"Point","coordinates":[80.34,15.86]}},{"type":"Feature","properties":{"name":"Karimnagar","rank":1,"capital":0},"geometry":{"type":"Point","coordinates":[79.11,18.46]}},{"type":"Feature","properties":{"name":"Nizamabad","rank":1,"capital":0},"geometry":{"type":"Point","coordinates":[78.1,18.67]}},{"type":"Feature","properties":{"name":"Kollam","rank":1,"capital":0},"geometry":{"type":"Point","coordinates":[76.57,8.9]}},{"type":"Feature","properties":{"name":"Alappuzha","rank":1,"capital":0},"geometry":{"type":"Point","coordinates":[76.37,9.5]}},{"type":"Feature","properties":{"name":"Puri","rank":1,"capital":0},"geometry":{"type":"Point","coordinates":[85.9,19.82]}},{"type":"Feature","properties":{"name":"Sambalpur","rank":1,"capital":0},"geometry":{"type":"Point","coordinates":[83.97,21.47]}},{"type":"Feature","properties":{"name":"Raurkela","rank":1,"capital":0},"geometry":{"type":"Point","coordinates":[84.83,22.23]}},{"type":"Feature","properties":{"name":"Kavaratti","rank":1,"capital":0},"geometry":{"type":"Point","coordinates":[72.637,10.563]}},{"type":"Feature","properties":{"name":"Mandya","rank":1,"capital":0},"geometry":{"type":"Point","coordinates":[76.92,12.57]}},{"type":"Feature","properties":{"name":"Kolar","rank":1,"capital":0},"geometry":{"type":"Point","coordinates":[78.133,13.134]}},{"type":"Feature","properties":{"name":"Shivamogga","rank":1,"capital":0},"geometry":{"type":"Point","coordinates":[75.56,13.93]}},{"type":"Feature","properties":{"name":"Raichur","rank":1,"capital":0},"geometry":{"type":"Point","coordinates":[77.355,16.21]}},{"type":"Feature","properties":{"name":"Hosapete","rank":1,"capital":0},"geometry":{"type":"Point","coordinates":[76.375,15.28]}},{"type":"Feature","properties":{"name":"Bidar","rank":1,"capital":0},"geometry":{"type":"Point","coordinates":[77.518,17.923]}},{"type":"Feature","properties":{"name":"Sangli","rank":1,"capital":0},"geometry":{"type":"Point","coordinates":[74.575,16.86]}},{"type":"Feature","properties":{"name":"Parbhani","rank":1,"capital":0},"geometry":{"type":"Point","coordinates":[76.76,19.27]}},{"type":"Feature","properties":{"name":"Malegaon","rank":1,"capital":0},"geometry":{"type":"Point","coordinates":[74.525,20.56]}},{"type":"Feature","properties":{"name":"Port Blair","rank":1,"capital":0},"geometry":{"type":"Point","coordinates":[92.736,11.667]}},{"type":"Feature","properties":{"name":"Tezpur","rank":1,"capital":0},"geometry":{"type":"Point","coordinates":[92.8,26.634]}},{"type":"Feature","properties":{"name":"Silchar","rank":1,"capital":0},"geometry":{"type":"Point","coordinates":[92.79,24.79]}},{"type":"Feature","properties":{"name":"Kohima","rank":1,"capital":0},"geometry":{"type":"Point","coordinates":[94.117,25.667]}},{"type":"Feature","properties":{"name":"Shillong","rank":1,"capital":0},"geometry":{"type":"Point","coordinates":[91.88,25.57]}},{"type":"Feature","properties":{"name":"Abohar","rank":1,"capital":0},"geometry":{"type":"Point","coordinates":[74.182,30.126]}},{"type":"Feature","properties":{"name":"Patiala","rank":1,"capital":0},"geometry":{"type":"Point","coordinates":[76.385,30.32]}},{"type":"Feature","properties":{"name":"Bhilwara","rank":1,"capital":0},"geometry":{"type":"Point","coordinates":[74.635,25.35]}},{"type":"Feature","properties":{"name":"Pali","rank":1,"capital":0},"geometry":{"type":"Point","coordinates":[73.33,25.79]}},{"type":"Feature","properties":{"name":"Tonk","rank":1,"capital":0},"geometry":{"type":"Point","coordinates":[75.79,26.15]}},{"type":"Feature","properties":{"name":"Sikar","rank":1,"capital":0},"geometry":{"type":"Point","coordinates":[75.14,27.61]}},{"type":"Feature","properties":{"name":"Bikaner","rank":1,"capital":0},"geometry":{"type":"Point","coordinates":[73.332,28.015]}},{"type":"Feature","properties":{"name":"Bharatpur","rank":1,"capital":0},"geometry":{"type":"Point","coordinates":[77.507,27.209]}},{"type":"Feature","properties":{"name":"Alwar","rank":1,"capital":0},"geometry":{"type":"Point","coordinates":[76.605,27.545]}},{"type":"Feature","properties":{"name":"Fatehpur","rank":1,"capital":0},"geometry":{"type":"Point","coordinates":[80.8,25.88]}},{"type":"Feature","properties":{"name":"Faizabad","rank":1,"capital":0},"geometry":{"type":"Point","coordinates":[82.17,26.75]}},{"type":"Feature","properties":{"name":"Bahraich","rank":1,"capital":0},"geometry":{"type":"Point","coordinates":[81.606,27.567]}},{"type":"Feature","properties":{"name":"Mirzapur","rank":1,"capital":0},"geometry":{"type":"Point","coordinates":[82.57,25.145]}},{"type":"Feature","properties":{"name":"Jhansi","rank":1,"capital":0},"geometry":{"type":"Point","coordinates":[78.557,25.453]}},{"type":"Feature","properties":{"name":"Shahjahanpur","rank":1,"capital":0},"geometry":{"type":"Point","coordinates":[79.905,27.88]}},{"type":"Feature","properties":{"name":"Rampur","rank":1,"capital":0},"geometry":{"type":"Point","coordinates":[79.025,28.815]}},{"type":"Feature","properties":{"name":"Bareilly","rank":1,"capital":0},"geometry":{"type":"Point","coordinates":[79.418,28.347]}},{"type":"Feature","properties":{"name":"Etawah","rank":1,"capital":0},"geometry":{"type":"Point","coordinates":[79.015,26.785]}},{"type":"Feature","properties":{"name":"Dehra Dun","rank":1,"capital":0},"geometry":{"type":"Point","coordinates":[78.05,30.32]}},{"type":"Feature","properties":{"name":"Haora","rank":1,"capital":0},"geometry":{"type":"Point","coordinates":[88.319,22.585]}},{"type":"Feature","properties":{"name":"Alipur Duar","rank":1,"capital":0},"geometry":{"type":"Point","coordinates":[89.567,26.484]}},{"type":"Feature","properties":{"name":"Haldia","rank":1,"capital":0},"geometry":{"type":"Point","coordinates":[88.058,22.026]}},{"type":"Feature","properties":{"name":"Bhatpara","rank":1,"capital":0},"geometry":{"type":"Point","coordinates":[88.414,22.853]}},{"type":"Feature","properties":{"name":"Medinipur","rank":1,"capital":0},"geometry":{"type":"Point","coordinates":[87.334,22.4]}},{"type":"Feature","properties":{"name":"Siliguri","rank":1,"capital":0},"geometry":{"type":"Point","coordinates":[88.455,26.72]}},{"type":"Feature","properties":{"name":"Purnia","rank":1,"capital":0},"geometry":{"type":"Point","coordinates":[87.48,25.785]}},{"type":"Feature","properties":{"name":"Muzaffarpur","rank":1,"capital":0},"geometry":{"type":"Point","coordinates":[85.38,26.12]}},{"type":"Feature","properties":{"name":"Aurangabad","rank":1,"capital":0},"geometry":{"type":"Point","coordinates":[84.38,24.77]}},{"type":"Feature","properties":{"name":"Bilaspur","rank":1,"capital":0},"geometry":{"type":"Point","coordinates":[82.16,22.09]}},{"type":"Feature","properties":{"name":"Burhanpur","rank":1,"capital":0},"geometry":{"type":"Point","coordinates":[76.172,21.285]}},{"type":"Feature","properties":{"name":"Ujjain","rank":1,"capital":0},"geometry":{"type":"Point","coordinates":[75.79,23.19]}},{"type":"Feature","properties":{"name":"Ratlam","rank":1,"capital":0},"geometry":{"type":"Point","coordinates":[75.03,23.35]}},{"type":"Feature","properties":{"name":"Sagar","rank":1,"capital":0},"geometry":{"type":"Point","coordinates":[78.75,23.85]}},{"type":"Feature","properties":{"name":"Vellore","rank":1,"capital":0},"geometry":{"type":"Point","coordinates":[79.15,12.92]}},{"type":"Feature","properties":{"name":"Tiruvannamalai","rank":1,"capital":0},"geometry":{"type":"Point","coordinates":[79.1,12.26]}},{"type":"Feature","properties":{"name":"Rajapalaiyam","rank":1,"capital":0},"geometry":{"type":"Point","coordinates":[77.58,9.42]}},{"type":"Feature","properties":{"name":"Cuddalore","rank":1,"capital":0},"geometry":{"type":"Point","coordinates":[79.77,11.72]}},{"type":"Feature","properties":{"name":"Karur","rank":1,"capital":0},"geometry":{"type":"Point","coordinates":[78.083,10.95]}},{"type":"Feature","properties":{"name":"Kanchipuram","rank":1,"capital":0},"geometry":{"type":"Point","coordinates":[79.717,12.834]}},{"type":"Feature","properties":{"name":"Tirunelveli","rank":1,"capital":0},"geometry":{"type":"Point","coordinates":[77.69,8.73]}},{"type":"Feature","properties":{"name":"Nagercoil","rank":1,"capital":0},"geometry":{"type":"Point","coordinates":[77.43,8.18]}},{"type":"Feature","properties":{"name":"Thanjavur","rank":1,"capital":0},"geometry":{"type":"Point","coordinates":[79.15,10.77]}},{"type":"Feature","properties":{"name":"Kumbakonam","rank":1,"capital":0},"geometry":{"type":"Point","coordinates":[79.388,10.951]}},{"type":"Feature","properties":{"name":"Valparai","rank":1,"capital":0},"geometry":{"type":"Point","coordinates":[76.97,10.32]}},{"type":"Feature","properties":{"name":"Tiruppur","rank":1,"capital":0},"geometry":{"type":"Point","coordinates":[77.33,11.08]}},{"type":"Feature","properties":{"name":"Daman","rank":1,"capital":0},"geometry":{"type":"Point","coordinates":[72.85,20.417]}},{"type":"Feature","properties":{"name":"Navsari","rank":1,"capital":0},"geometry":{"type":"Point","coordinates":[72.92,20.85]}},{"type":"Feature","properties":{"name":"Bhuj","rank":1,"capital":0},"geometry":{"type":"Point","coordinates":[69.674,23.234]}},{"type":"Feature","properties":{"name":"Bhavnagar","rank":1,"capital":0},"geometry":{"type":"Point","coordinates":[72.13,21.778]}},{"type":"Feature","properties":{"name":"Gandhinagar","rank":1,"capital":0},"geometry":{"type":"Point","coordinates":[72.644,23.219]}},{"type":"Feature","properties":{"name":"Itanagar","rank":1,"capital":0},"geometry":{"type":"Point","coordinates":[93.617,27.1]}},{"type":"Feature","properties":{"name":"Aizawl","rank":1,"capital":0},"geometry":{"type":"Point","coordinates":[92.72,23.71]}},{"type":"Feature","properties":{"name":"Agartala","rank":1,"capital":0},"geometry":{"type":"Point","coordinates":[91.28,23.835]}},{"type":"Feature","properties":{"name":"Manacapuru","rank":1,"capital":0},"geometry":{"type":"Point","coordinates":[-60.62,-3.29]}},{"type":"Feature","properties":{"name":"Mau\u00e9s","rank":1,"capital":0},"geometry":{"type":"Point","coordinates":[-57.72,-3.39]}},{"type":"Feature","properties":{"name":"Pedreiras","rank":1,"capital":0},"geometry":{"type":"Point","coordinates":[-44.67,-4.57]}},{"type":"Feature","properties":{"name":"Cod\u00f3","rank":1,"capital":0},"geometry":{"type":"Point","coordinates":[-43.88,-4.48]}},{"type":"Feature","properties":{"name":"Coroat\u00e1","rank":1,"capital":0},"geometry":{"type":"Point","coordinates":[-44.15,-4.13]}},{"type":"Feature","properties":{"name":"Chapadinha","rank":1,"capital":0},"geometry":{"type":"Point","coordinates":[-43.36,-3.74]}},{"type":"Feature","properties":{"name":"Pinheiro","rank":1,"capital":0},"geometry":{"type":"Point","coordinates":[-45.09,-2.52]}},{"type":"Feature","properties":{"name":"Barra do Corda","rank":1,"capital":0},"geometry":{"type":"Point","coordinates":[-45.26,-5.51]}},{"type":"Feature","properties":{"name":"Viana","rank":1,"capital":0},"geometry":{"type":"Point","coordinates":[-45.0,-3.21]}},{"type":"Feature","properties":{"name":"Colinas","rank":1,"capital":0},"geometry":{"type":"Point","coordinates":[-44.24,-6.04]}},{"type":"Feature","properties":{"name":"Viseu","rank":1,"capital":0},"geometry":{"type":"Point","coordinates":[-46.14,-1.196]}},{"type":"Feature","properties":{"name":"Capit\u00e3o Po\u00e7o","rank":1,"capital":0},"geometry":{"type":"Point","coordinates":[-47.09,-1.75]}},{"type":"Feature","properties":{"name":"Castanhal","rank":1,"capital":0},"geometry":{"type":"Point","coordinates":[-47.93,-1.29]}},{"type":"Feature","properties":{"name":"Salin\u00f3polis","rank":1,"capital":0},"geometry":{"type":"Point","coordinates":[-47.34,-0.609]}},{"type":"Feature","properties":{"name":"Alenquer","rank":1,"capital":0},"geometry":{"type":"Point","coordinates":[-54.79,-1.94]}},{"type":"Feature","properties":{"name":"Oriximin\u00e1","rank":1,"capital":0},"geometry":{"type":"Point","coordinates":[-55.87,-1.76]}},{"type":"Feature","properties":{"name":"Xinguara","rank":1,"capital":0},"geometry":{"type":"Point","coordinates":[-49.948,-7.101]}},{"type":"Feature","properties":{"name":"Jacund\u00e1","rank":1,"capital":0},"geometry":{"type":"Point","coordinates":[-49.116,-4.439]}},{"type":"Feature","properties":{"name":"Uruar\u00e1","rank":1,"capital":0},"geometry":{"type":"Point","coordinates":[-54.03,-3.83]}},{"type":"Feature","properties":{"name":"Altamira","rank":1,"capital":0},"geometry":{"type":"Point","coordinates":[-52.21,-3.2]}},{"type":"Feature","properties":{"name":"Paragominas","rank":1,"capital":0},"geometry":{"type":"Point","coordinates":[-47.49,-2.96]}},{"type":"Feature","properties":{"name":"Camet\u00e1","rank":1,"capital":0},"geometry":{"type":"Point","coordinates":[-49.51,-2.24]}},{"type":"Feature","properties":{"name":"Rolim de Moura","rank":1,"capital":0},"geometry":{"type":"Point","coordinates":[-61.781,-11.73]}},{"type":"Feature","properties":{"name":"Ariquemes","rank":1,"capital":0},"geometry":{"type":"Point","coordinates":[-63.08,-9.94]}},{"type":"Feature","properties":{"name":"Abun\u00e3","rank":1,"capital":0},"geometry":{"type":"Point","coordinates":[-65.36,-9.695]}},{"type":"Feature","properties":{"name":"Tocantin\u00f3polis","rank":1,"capital":0},"geometry":{"type":"Point","coordinates":[-47.42,-6.32]}},{"type":"Feature","properties":{"name":"Gurupi","rank":1,"capital":0},"geometry":{"type":"Point","coordinates":[-49.06,-11.72]}},{"type":"Feature","properties":{"name":"Aquidauana","rank":1,"capital":0},"geometry":{"type":"Point","coordinates":[-55.79,-20.47]}},{"type":"Feature","properties":{"name":"Parana\u00edba","rank":1,"capital":0},"geometry":{"type":"Point","coordinates":[-51.2,-19.68]}},{"type":"Feature","properties":{"name":"Sete Lagoas","rank":1,"capital":0},"geometry":{"type":"Point","coordinates":[-44.25,-19.45]}},{"type":"Feature","properties":{"name":"Divin\u00f3polis","rank":1,"capital":0},"geometry":{"type":"Point","coordinates":[-44.9,-20.15]}},{"type":"Feature","properties":{"name":"Ipatinga","rank":1,"capital":0},"geometry":{"type":"Point","coordinates":[-42.52,-19.48]}},{"type":"Feature","properties":{"name":"Arax\u00e1","rank":1,"capital":0},"geometry":{"type":"Point","coordinates":[-46.95,-19.58]}},{"type":"Feature","properties":{"name":"Lavras","rank":1,"capital":0},"geometry":{"type":"Point","coordinates":[-45.01,-21.25]}},{"type":"Feature","properties":{"name":"Ub\u00e1","rank":1,"capital":0},"geometry":{"type":"Point","coordinates":[-42.95,-21.12]}},{"type":"Feature","properties":{"name":"Campo Belo","rank":1,"capital":0},"geometry":{"type":"Point","coordinates":[-45.28,-20.89]}},{"type":"Feature","properties":{"name":"Ponte Nova","rank":1,"capital":0},"geometry":{"type":"Point","coordinates":[-42.9,-20.41]}},{"type":"Feature","properties":{"name":"Curvelo","rank":1,"capital":0},"geometry":{"type":"Point","coordinates":[-44.43,-18.76]}},{"type":"Feature","properties":{"name":"Paracatu","rank":1,"capital":0},"geometry":{"type":"Point","coordinates":[-46.87,-17.2]}},{"type":"Feature","properties":{"name":"Bocai\u00fava","rank":1,"capital":0},"geometry":{"type":"Point","coordinates":[-43.81,-17.11]}},{"type":"Feature","properties":{"name":"Ara\u00e7ua\u00ed","rank":1,"capital":0},"geometry":{"type":"Point","coordinates":[-42.07,-16.86]}},{"type":"Feature","properties":{"name":"Jana\u00faba","rank":1,"capital":0},"geometry":{"type":"Point","coordinates":[-43.31,-15.8]}},{"type":"Feature","properties":{"name":"Juina","rank":1,"capital":0},"geometry":{"type":"Point","coordinates":[-58.766,-11.43]}},{"type":"Feature","properties":{"name":"Barra do Gar\u00e7as","rank":1,"capital":0},"geometry":{"type":"Point","coordinates":[-52.26,-15.88]}},{"type":"Feature","properties":{"name":"Pontes e Lacerda","rank":1,"capital":0},"geometry":{"type":"Point","coordinates":[-59.35,-15.22]}},{"type":"Feature","properties":{"name":"Barra do Bugres","rank":1,"capital":0},"geometry":{"type":"Point","coordinates":[-57.19,-15.07]}},{"type":"Feature","properties":{"name":"Rondon\u00f3polis","rank":1,"capital":0},"geometry":{"type":"Point","coordinates":[-54.64,-16.47]}},{"type":"Feature","properties":{"name":"Uruguaiana","rank":1,"capital":0},"geometry":{"type":"Point","coordinates":[-57.09,-29.77]}},{"type":"Feature","properties":{"name":"S\u00e3o Borja","rank":1,"capital":0},"geometry":{"type":"Point","coordinates":[-56.01,-28.66]}},{"type":"Feature","properties":{"name":"Novo Hamburgo","rank":1,"capital":0},"geometry":{"type":"Point","coordinates":[-51.14,-29.71]}},{"type":"Feature","properties":{"name":"Rio Grande","rank":1,"capital":0},"geometry":{"type":"Point","coordinates":[-52.12,-32.049]}},{"type":"Feature","properties":{"name":"Camaqu\u00e3","rank":1,"capital":0},"geometry":{"type":"Point","coordinates":[-51.81,-30.84]}},{"type":"Feature","properties":{"name":"Bento Gon\u00e7alves","rank":1,"capital":0},"geometry":{"type":"Point","coordinates":[-51.52,-29.169]}},{"type":"Feature","properties":{"name":"Vacaria","rank":1,"capital":0},"geometry":{"type":"Point","coordinates":[-50.94,-28.5]}},{"type":"Feature","properties":{"name":"Iju\u00ed","rank":1,"capital":0},"geometry":{"type":"Point","coordinates":[-53.92,-28.39]}},{"type":"Feature","properties":{"name":"Santa Rosa","rank":1,"capital":0},"geometry":{"type":"Point","coordinates":[-54.46,-27.87]}},{"type":"Feature","properties":{"name":"Maring\u00e1","rank":1,"capital":0},"geometry":{"type":"Point","coordinates":[-51.93,-23.41]}},{"type":"Feature","properties":{"name":"Cascavel","rank":1,"capital":0},"geometry":{"type":"Point","coordinates":[-53.46,-24.96]}},{"type":"Feature","properties":{"name":"Campo Murao","rank":1,"capital":0},"geometry":{"type":"Point","coordinates":[-52.42,-24.05]}},{"type":"Feature","properties":{"name":"Foz do Igua\u00e7u","rank":1,"capital":0},"geometry":{"type":"Point","coordinates":[-54.53,-25.523]}},{"type":"Feature","properties":{"name":"S\u00e3o Francisco do Sul","rank":1,"capital":0},"geometry":{"type":"Point","coordinates":[-48.6,-26.24]}},{"type":"Feature","properties":{"name":"Porto Uni\u00e3o","rank":1,"capital":0},"geometry":{"type":"Point","coordinates":[-51.08,-26.24]}},{"type":"Feature","properties":{"name":"Itaja\u00ed","rank":1,"capital":0},"geometry":{"type":"Point","coordinates":[-48.68,-26.9]}},{"type":"Feature","properties":{"name":"Imbituba","rank":1,"capital":0},"geometry":{"type":"Point","coordinates":[-48.66,-28.23]}},{"type":"Feature","properties":{"name":"Lajes","rank":1,"capital":0},"geometry":{"type":"Point","coordinates":[-50.31,-27.81]}},{"type":"Feature","properties":{"name":"Granja","rank":1,"capital":0},"geometry":{"type":"Point","coordinates":[-40.84,-3.12]}},{"type":"Feature","properties":{"name":"Crato","rank":1,"capital":0},"geometry":{"type":"Point","coordinates":[-39.42,-7.23]}},{"type":"Feature","properties":{"name":"Itapipoca","rank":1,"capital":0},"geometry":{"type":"Point","coordinates":[-39.58,-3.5]}},{"type":"Feature","properties":{"name":"Paracuru","rank":1,"capital":0},"geometry":{"type":"Point","coordinates":[-39.04,-3.4]}},{"type":"Feature","properties":{"name":"Acara\u00fa","rank":1,"capital":0},"geometry":{"type":"Point","coordinates":[-40.12,-2.89]}},{"type":"Feature","properties":{"name":"Tau\u00e1","rank":1,"capital":0},"geometry":{"type":"Point","coordinates":[-40.31,-5.999]}},{"type":"Feature","properties":{"name":"Crate\u00fas","rank":1,"capital":0},"geometry":{"type":"Point","coordinates":[-40.666,-5.166]}},{"type":"Feature","properties":{"name":"Baturit\u00e9","rank":1,"capital":0},"geometry":{"type":"Point","coordinates":[-38.88,-4.33]}},{"type":"Feature","properties":{"name":"Ip\u00fa","rank":1,"capital":0},"geometry":{"type":"Point","coordinates":[-40.72,-4.32]}},{"type":"Feature","properties":{"name":"Floriano","rank":1,"capital":0},"geometry":{"type":"Point","coordinates":[-43.03,-6.77]}},{"type":"Feature","properties":{"name":"Piripiri","rank":1,"capital":0},"geometry":{"type":"Point","coordinates":[-41.79,-4.27]}},{"type":"Feature","properties":{"name":"Penedo","rank":1,"capital":0},"geometry":{"type":"Point","coordinates":[-36.58,-10.27]}},{"type":"Feature","properties":{"name":"Itabuna","rank":1,"capital":0},"geometry":{"type":"Point","coordinates":[-39.28,-14.79]}},{"type":"Feature","properties":{"name":"Itamaraju","rank":1,"capital":0},"geometry":{"type":"Point","coordinates":[-39.53,-17.04]}},{"type":"Feature","properties":{"name":"Guanambi","rank":1,"capital":0},"geometry":{"type":"Point","coordinates":[-42.79,-14.23]}},{"type":"Feature","properties":{"name":"Porto Seguro","rank":1,"capital":0},"geometry":{"type":"Point","coordinates":[-39.08,-16.43]}},{"type":"Feature","properties":{"name":"Valen\u00e7a","rank":1,"capital":0},"geometry":{"type":"Point","coordinates":[-39.08,-13.36]}},{"type":"Feature","properties":{"name":"Serrinha","rank":1,"capital":0},"geometry":{"type":"Point","coordinates":[-39.01,-11.65]}},{"type":"Feature","properties":{"name":"Tucano","rank":1,"capital":0},"geometry":{"type":"Point","coordinates":[-38.79,-10.97]}},{"type":"Feature","properties":{"name":"Senhor do Bonfim","rank":1,"capital":0},"geometry":{"type":"Point","coordinates":[-40.19,-10.45]}},{"type":"Feature","properties":{"name":"Remanso","rank":1,"capital":0},"geometry":{"type":"Point","coordinates":[-42.11,-9.6]}},{"type":"Feature","properties":{"name":"Itamb\u00e9","rank":1,"capital":0},"geometry":{"type":"Point","coordinates":[-40.63,-15.24]}},{"type":"Feature","properties":{"name":"Bom Jesus da Lapa","rank":1,"capital":0},"geometry":{"type":"Point","coordinates":[-43.44,-13.25]}},{"type":"Feature","properties":{"name":"Itaberaba","rank":1,"capital":0},"geometry":{"type":"Point","coordinates":[-40.3,-12.52]}},{"type":"Feature","properties":{"name":"S\u00e3o Mateus","rank":1,"capital":0},"geometry":{"type":"Point","coordinates":[-39.86,-18.73]}},{"type":"Feature","properties":{"name":"Patos","rank":1,"capital":0},"geometry":{"type":"Point","coordinates":[-37.29,-7.02]}},{"type":"Feature","properties":{"name":"Volta Redonda","rank":1,"capital":0},"geometry":{"type":"Point","coordinates":[-44.095,-22.52]}},{"type":"Feature","properties":{"name":"Petr\u00f3polis","rank":1,"capital":0},"geometry":{"type":"Point","coordinates":[-43.2,-22.509]}},{"type":"Feature","properties":{"name":"Nova Cruz","rank":1,"capital":0},"geometry":{"type":"Point","coordinates":[-35.44,-6.47]}},{"type":"Feature","properties":{"name":"Caic\u00f3","rank":1,"capital":0},"geometry":{"type":"Point","coordinates":[-37.1,-6.46]}},{"type":"Feature","properties":{"name":"A\u00e7u","rank":1,"capital":0},"geometry":{"type":"Point","coordinates":[-36.91,-5.58]}},{"type":"Feature","properties":{"name":"Est\u00e2ncia","rank":1,"capital":0},"geometry":{"type":"Point","coordinates":[-37.45,-11.27]}},{"type":"Feature","properties":{"name":"Caracara\u00ed","rank":1,"capital":0},"geometry":{"type":"Point","coordinates":[-61.128,1.816]}},{"type":"Feature","properties":{"name":"Porto Santana","rank":1,"capital":0},"geometry":{"type":"Point","coordinates":[-51.18,-0.04]}},{"type":"Feature","properties":{"name":"Rio Verde","rank":1,"capital":0},"geometry":{"type":"Point","coordinates":[-50.93,-17.82]}},{"type":"Feature","properties":{"name":"Pires do Rio","rank":1,"capital":0},"geometry":{"type":"Point","coordinates":[-48.28,-17.3]}},{"type":"Feature","properties":{"name":"An\u00e1polis","rank":1,"capital":0},"geometry":{"type":"Point","coordinates":[-48.96,-16.32]}},{"type":"Feature","properties":{"name":"Goian\u00e9sia","rank":1,"capital":0},"geometry":{"type":"Point","coordinates":[-49.13,-15.31]}},{"type":"Feature","properties":{"name":"Niquel\u00e2ndia","rank":1,"capital":0},"geometry":{"type":"Point","coordinates":[-48.47,-14.47]}},{"type":"Feature","properties":{"name":"Itumbiara","rank":1,"capital":0},"geometry":{"type":"Point","coordinates":[-49.21,-18.4]}},{"type":"Feature","properties":{"name":"Jata\u00ed","rank":1,"capital":0},"geometry":{"type":"Point","coordinates":[-51.75,-17.88]}},{"type":"Feature","properties":{"name":"Mineiros","rank":1,"capital":0},"geometry":{"type":"Point","coordinates":[-52.56,-17.57]}},{"type":"Feature","properties":{"name":"Formosa","rank":1,"capital":0},"geometry":{"type":"Point","coordinates":[-47.34,-15.539]}},{"type":"Feature","properties":{"name":"S\u00e3o Jos\u00e9 do Rio Preto","rank":1,"capital":0},"geometry":{"type":"Point","coordinates":[-49.39,-20.8]}},{"type":"Feature","properties":{"name":"Limeira","rank":1,"capital":0},"geometry":{"type":"Point","coordinates":[-47.402,-22.565]}},{"type":"Feature","properties":{"name":"Taubat\u00e9","rank":1,"capital":0},"geometry":{"type":"Point","coordinates":[-45.56,-23.02]}},{"type":"Feature","properties":{"name":"Ja\u00fa","rank":1,"capital":0},"geometry":{"type":"Point","coordinates":[-48.57,-22.29]}},{"type":"Feature","properties":{"name":"Assis","rank":1,"capital":0},"geometry":{"type":"Point","coordinates":[-50.42,-22.66]}},{"type":"Feature","properties":{"name":"Itapeva","rank":1,"capital":0},"geometry":{"type":"Point","coordinates":[-48.88,-23.98]}},{"type":"Feature","properties":{"name":"Botucatu","rank":1,"capital":0},"geometry":{"type":"Point","coordinates":[-48.45,-22.88]}},{"type":"Feature","properties":{"name":"Novo Horizonte","rank":1,"capital":0},"geometry":{"type":"Point","coordinates":[-49.22,-21.46]}},{"type":"Feature","properties":{"name":"Andradina","rank":1,"capital":0},"geometry":{"type":"Point","coordinates":[-51.38,-20.91]}},{"type":"Feature","properties":{"name":"Fernand\u00f3polis","rank":1,"capital":0},"geometry":{"type":"Point","coordinates":[-50.26,-20.27]}},{"type":"Feature","properties":{"name":"Barreiros","rank":1,"capital":0},"geometry":{"type":"Point","coordinates":[-35.2,-8.83]}},{"type":"Feature","properties":{"name":"Salgueiro","rank":1,"capital":0},"geometry":{"type":"Point","coordinates":[-39.13,-8.06]}},{"type":"Feature","properties":{"name":"Goiana","rank":1,"capital":0},"geometry":{"type":"Point","coordinates":[-35.0,-7.56]}},{"type":"Feature","properties":{"name":"Timba\u00faba","rank":1,"capital":0},"geometry":{"type":"Point","coordinates":[-35.32,-7.5]}},{"type":"Feature","properties":{"name":"Kailua-Kona","rank":1,"capital":0},"geometry":{"type":"Point","coordinates":[-155.988,19.638]}},{"type":"Feature","properties":{"name":"Butte","rank":1,"capital":0},"geometry":{"type":"Point","coordinates":[-112.534,46.004]}},{"type":"Feature","properties":{"name":"Grand Forks","rank":1,"capital":0},"geometry":{"type":"Point","coordinates":[-97.032,47.925]}},{"type":"Feature","properties":{"name":"Pocatello","rank":1,"capital":0},"geometry":{"type":"Point","coordinates":[-112.445,42.871]}},{"type":"Feature","properties":{"name":"Tacoma","rank":1,"capital":0},"geometry":{"type":"Point","coordinates":[-122.447,47.241]}},{"type":"Feature","properties":{"name":"Yuma","rank":1,"capital":0},"geometry":{"type":"Point","coordinates":[-114.624,32.685]}},{"type":"Feature","properties":{"name":"Prescott","rank":1,"capital":0},"geometry":{"type":"Point","coordinates":[-112.448,34.59]}},{"type":"Feature","properties":{"name":"Long Beach","rank":1,"capital":0},"geometry":{"type":"Point","coordinates":[-118.2,33.777]}},{"type":"Feature","properties":{"name":"Grand Junction","rank":1,"capital":0},"geometry":{"type":"Point","coordinates":[-108.55,39.094]}},{"type":"Feature","properties":{"name":"Ely","rank":1,"capital":0},"geometry":{"type":"Point","coordinates":[-114.888,39.247]}},{"type":"Feature","properties":{"name":"Carson City","rank":1,"capital":0},"geometry":{"type":"Point","coordinates":[-119.766,39.164]}},{"type":"Feature","properties":{"name":"Carlsbad","rank":1,"capital":0},"geometry":{"type":"Point","coordinates":[-104.228,32.421]}},{"type":"Feature","properties":{"name":"Alamogordo","rank":1,"capital":0},"geometry":{"type":"Point","coordinates":[-105.96,32.899]}},{"type":"Feature","properties":{"name":"Medford","rank":1,"capital":0},"geometry":{"type":"Point","coordinates":[-122.874,42.327]}},{"type":"Feature","properties":{"name":"Klamath Falls","rank":1,"capital":0},"geometry":{"type":"Point","coordinates":[-121.781,42.225]}},{"type":"Feature","properties":{"name":"St. George","rank":1,"capital":0},"geometry":{"type":"Point","coordinates":[-113.583,37.104]}},{"type":"Feature","properties":{"name":"Provo","rank":1,"capital":0},"geometry":{"type":"Point","coordinates":[-111.638,40.249]}},{"type":"Feature","properties":{"name":"Laramie","rank":1,"capital":0},"geometry":{"type":"Point","coordinates":[-105.591,41.311]}},{"type":"Feature","properties":{"name":"Little Rock","rank":1,"capital":0},"geometry":{"type":"Point","coordinates":[-92.331,34.736]}},{"type":"Feature","properties":{"name":"Wichita","rank":1,"capital":0},"geometry":{"type":"Point","coordinates":[-97.328,37.676]}},{"type":"Feature","properties":{"name":"Jefferson City","rank":1,"capital":0},"geometry":{"type":"Point","coordinates":[-92.173,38.577]}},{"type":"Feature","properties":{"name":"Rapid City","rank":1,"capital":0},"geometry":{"type":"Point","coordinates":[-103.231,44.081]}},{"type":"Feature","properties":{"name":"Lafayette","rank":1,"capital":0},"geometry":{"type":"Point","coordinates":[-92.02,30.2]}},{"type":"Feature","properties":{"name":"Galveston","rank":1,"capital":0},"geometry":{"type":"Point","coordinates":[-94.797,29.301]}},{"type":"Feature","properties":{"name":"Freeport","rank":1,"capital":0},"geometry":{"type":"Point","coordinates":[-95.357,28.959]}},{"type":"Feature","properties":{"name":"Victoria","rank":1,"capital":0},"geometry":{"type":"Point","coordinates":[-97.003,28.805]}},{"type":"Feature","properties":{"name":"Odessa","rank":1,"capital":0},"geometry":{"type":"Point","coordinates":[-102.367,31.846]}},{"type":"Feature","properties":{"name":"Wichita Falls","rank":1,"capital":0},"geometry":{"type":"Point","coordinates":[-98.493,33.914]}},{"type":"Feature","properties":{"name":"Waco","rank":1,"capital":0},"geometry":{"type":"Point","coordinates":[-97.146,31.549]}},{"type":"Feature","properties":{"name":"Lubbock","rank":1,"capital":0},"geometry":{"type":"Point","coordinates":[-101.88,33.58]}},{"type":"Feature","properties":{"name":"Hartford","rank":1,"capital":0},"geometry":{"type":"Point","coordinates":[-72.682,41.772]}},{"type":"Feature","properties":{"name":"Providence","rank":1,"capital":0},"geometry":{"type":"Point","coordinates":[-71.417,41.823]}},{"type":"Feature","properties":{"name":"Birmingham","rank":1,"capital":0},"geometry":{"type":"Point","coordinates":[-86.825,33.53]}},{"type":"Feature","properties":{"name":"Mobile","rank":1,"capital":0},"geometry":{"type":"Point","coordinates":[-88.05,30.68]}},{"type":"Feature","properties":{"name":"Pensacola","rank":1,"capital":0},"geometry":{"type":"Point","coordinates":[-87.217,30.421]}},{"type":"Feature","properties":{"name":"St. Petersburg","rank":1,"capital":0},"geometry":{"type":"Point","coordinates":[-82.679,27.771]}},{"type":"Feature","properties":{"name":"Biloxi","rank":1,"capital":0},"geometry":{"type":"Point","coordinates":[-88.885,30.396]}},{"type":"Feature","properties":{"name":"Springfield","rank":1,"capital":0},"geometry":{"type":"Point","coordinates":[-89.637,39.788]}},{"type":"Feature","properties":{"name":"Frankfort","rank":1,"capital":0},"geometry":{"type":"Point","coordinates":[-84.873,38.201]}},{"type":"Feature","properties":{"name":"Greensboro","rank":1,"capital":0},"geometry":{"type":"Point","coordinates":[-79.8,36.07]}},{"type":"Feature","properties":{"name":"Dayton","rank":1,"capital":0},"geometry":{"type":"Point","coordinates":[-84.202,39.752]}},{"type":"Feature","properties":{"name":"Virginia Beach","rank":1,"capital":0},"geometry":{"type":"Point","coordinates":[-75.98,36.855]}},{"type":"Feature","properties":{"name":"Madison","rank":1,"capital":0},"geometry":{"type":"Point","coordinates":[-89.401,43.073]}},{"type":"Feature","properties":{"name":"Green Bay","rank":1,"capital":0},"geometry":{"type":"Point","coordinates":[-88.0,44.53]}},{"type":"Feature","properties":{"name":"Trenton","rank":1,"capital":0},"geometry":{"type":"Point","coordinates":[-74.743,40.217]}},{"type":"Feature","properties":{"name":"Lansing","rank":1,"capital":0},"geometry":{"type":"Point","coordinates":[-84.547,42.734]}},{"type":"Feature","properties":{"name":"Gambell","rank":1,"capital":0},"geometry":{"type":"Point","coordinates":[-171.731,63.78]}},{"type":"Feature","properties":{"name":"Palmer","rank":1,"capital":0},"geometry":{"type":"Point","coordinates":[-149.113,61.6]}},{"type":"Feature","properties":{"name":"Seward","rank":1,"capital":0},"geometry":{"type":"Point","coordinates":[-149.47,60.126]}},{"type":"Feature","properties":{"name":"Jyekundo","rank":1,"capital":0},"geometry":{"type":"Point","coordinates":[97.007,32.998]}},{"type":"Feature","properties":{"name":"Liuzhou","rank":1,"capital":0},"geometry":{"type":"Point","coordinates":[109.414,24.321]}},{"type":"Feature","properties":{"name":"Xingyi","rank":1,"capital":0},"geometry":{"type":"Point","coordinates":[104.888,25.092]}},{"type":"Feature","properties":{"name":"Anshun","rank":1,"capital":0},"geometry":{"type":"Point","coordinates":[105.928,26.252]}},{"type":"Feature","properties":{"name":"Zunyi","rank":1,"capital":0},"geometry":{"type":"Point","coordinates":[106.918,27.702]}},{"type":"Feature","properties":{"name":"Wanzhou","rank":1,"capital":0},"geometry":{"type":"Point","coordinates":[108.4,30.82]}},{"type":"Feature","properties":{"name":"Huaibei","rank":1,"capital":0},"geometry":{"type":"Point","coordinates":[116.748,33.952]}},{"type":"Feature","properties":{"name":"Wuhu","rank":1,"capital":0},"geometry":{"type":"Point","coordinates":[118.368,31.352]}},{"type":"Feature","properties":{"name":"Luan","rank":1,"capital":0},"geometry":{"type":"Point","coordinates":[116.478,31.752]}},{"type":"Feature","properties":{"name":"Bengbu","rank":1,"capital":0},"geometry":{"type":"Point","coordinates":[117.328,32.952]}},{"type":"Feature","properties":{"name":"Anqing","rank":1,"capital":0},"geometry":{"type":"Point","coordinates":[117.05,30.5]}},{"type":"Feature","properties":{"name":"Foshan","rank":1,"capital":0},"geometry":{"type":"Point","coordinates":[113.114,23.01]}},{"type":"Feature","properties":{"name":"Bontang","rank":1,"capital":0},"geometry":{"type":"Point","coordinates":[117.5,0.133]}},{"type":"Feature","properties":{"name":"Denpasar","rank":1,"capital":0},"geometry":{"type":"Point","coordinates":[115.22,-8.65]}},{"type":"Feature","properties":{"name":"Nagchu","rank":1,"capital":0},"geometry":{"type":"Point","coordinates":[92.05,31.48]}},{"type":"Feature","properties":{"name":"Nyingchi","rank":1,"capital":0},"geometry":{"type":"Point","coordinates":[94.367,29.651]}},{"type":"Feature","properties":{"name":"Chamdo","rank":1,"capital":0},"geometry":{"type":"Point","coordinates":[97.181,31.141]}},{"type":"Feature","properties":{"name":"Korla","rank":1,"capital":0},"geometry":{"type":"Point","coordinates":[86.15,41.73]}},{"type":"Feature","properties":{"name":"Kuqa","rank":1,"capital":0},"geometry":{"type":"Point","coordinates":[82.936,41.728]}},{"type":"Feature","properties":{"name":"Tacheng","rank":1,"capital":0},"geometry":{"type":"Point","coordinates":[82.95,46.75]}},{"type":"Feature","properties":{"name":"Shihezi","rank":1,"capital":0},"geometry":{"type":"Point","coordinates":[86.03,44.3]}},{"type":"Feature","properties":{"name":"Karamay","rank":1,"capital":0},"geometry":{"type":"Point","coordinates":[84.86,45.59]}},{"type":"Feature","properties":{"name":"Aksu","rank":1,"capital":0},"geometry":{"type":"Point","coordinates":[80.25,41.15]}},{"type":"Feature","properties":{"name":"Sanya","rank":1,"capital":0},"geometry":{"type":"Point","coordinates":[109.504,18.259]}},{"type":"Feature","properties":{"name":"Haikou","rank":1,"capital":0},"geometry":{"type":"Point","coordinates":[110.32,20.05]}},{"type":"Feature","properties":{"name":"Hanzhong","rank":1,"capital":0},"geometry":{"type":"Point","coordinates":[107.03,33.13]}},{"type":"Feature","properties":{"name":"Baoji","rank":1,"capital":0},"geometry":{"type":"Point","coordinates":[107.15,34.38]}},{"type":"Feature","properties":{"name":"Tongchuan","rank":1,"capital":0},"geometry":{"type":"Point","coordinates":[109.03,35.08]}},{"type":"Feature","properties":{"name":"Linfen","rank":1,"capital":0},"geometry":{"type":"Point","coordinates":[111.518,36.082]}},{"type":"Feature","properties":{"name":"Yuci","rank":1,"capital":0},"geometry":{"type":"Point","coordinates":[112.728,37.682]}},{"type":"Feature","properties":{"name":"Datong","rank":1,"capital":0},"geometry":{"type":"Point","coordinates":[113.298,40.082]}},{"type":"Feature","properties":{"name":"Jianmen","rank":1,"capital":0},"geometry":{"type":"Point","coordinates":[113.158,30.652]}},{"type":"Feature","properties":{"name":"Yichang","rank":1,"capital":0},"geometry":{"type":"Point","coordinates":[111.278,30.702]}},{"type":"Feature","properties":{"name":"Xiantao","rank":1,"capital":0},"geometry":{"type":"Point","coordinates":[113.438,30.372]}},{"type":"Feature","properties":{"name":"Macheng","rank":1,"capital":0},"geometry":{"type":"Point","coordinates":[115.03,31.18]}},{"type":"Feature","properties":{"name":"Huangshi","rank":1,"capital":0},"geometry":{"type":"Point","coordinates":[115.1,30.22]}},{"type":"Feature","properties":{"name":"Zhuzhou","rank":1,"capital":0},"geometry":{"type":"Point","coordinates":[113.148,27.832]}},{"type":"Feature","properties":{"name":"Yongzhou","rank":1,"capital":0},"geometry":{"type":"Point","coordinates":[111.609,26.418]}},{"type":"Feature","properties":{"name":"Yiyang","rank":1,"capital":0},"geometry":{"type":"Point","coordinates":[112.328,28.602]}},{"type":"Feature","properties":{"name":"Changde","rank":1,"capital":0},"geometry":{"type":"Point","coordinates":[111.678,29.032]}},{"type":"Feature","properties":{"name":"Shaoyang","rank":1,"capital":0},"geometry":{"type":"Point","coordinates":[111.2,27.0]}},{"type":"Feature","properties":{"name":"Leshan","rank":1,"capital":0},"geometry":{"type":"Point","coordinates":[103.731,29.569]}},{"type":"Feature","properties":{"name":"Panzhihua","rank":1,"capital":0},"geometry":{"type":"Point","coordinates":[101.73,26.55]}},{"type":"Feature","properties":{"name":"Fulin","rank":1,"capital":0},"geometry":{"type":"Point","coordinates":[102.717,29.35]}},{"type":"Feature","properties":{"name":"Guangyuan","rank":1,"capital":0},"geometry":{"type":"Point","coordinates":[105.87,32.43]}},{"type":"Feature","properties":{"name":"Luzhou","rank":1,"capital":0},"geometry":{"type":"Point","coordinates":[105.378,28.882]}},{"type":"Feature","properties":{"name":"Yibin","rank":1,"capital":0},"geometry":{"type":"Point","coordinates":[104.568,28.772]}},{"type":"Feature","properties":{"name":"Zhaotang","rank":1,"capital":0},"geometry":{"type":"Point","coordinates":[103.718,27.322]}},{"type":"Feature","properties":{"name":"Lijiang","rank":1,"capital":0},"geometry":{"type":"Point","coordinates":[100.267,26.8]}},{"type":"Feature","properties":{"name":"Yuxi","rank":1,"capital":0},"geometry":{"type":"Point","coordinates":[102.57,24.38]}},{"type":"Feature","properties":{"name":"Dali","rank":1,"capital":0},"geometry":{"type":"Point","coordinates":[100.25,25.594]}},{"type":"Feature","properties":{"name":"Qinhuangdao","rank":1,"capital":0},"geometry":{"type":"Point","coordinates":[119.618,39.932]}},{"type":"Feature","properties":{"name":"Langfang","rank":1,"capital":0},"geometry":{"type":"Point","coordinates":[116.678,39.522]}},{"type":"Feature","properties":{"name":"Zhangjiakou","rank":1,"capital":0},"geometry":{"type":"Point","coordinates":[114.852,40.805]}},{"type":"Feature","properties":{"name":"Tangshan","rank":1,"capital":0},"geometry":{"type":"Point","coordinates":[118.192,39.626]}},{"type":"Feature","properties":{"name":"Anyang","rank":1,"capital":0},"geometry":{"type":"Point","coordinates":[114.348,36.082]}},{"type":"Feature","properties":{"name":"Jiaozuo","rank":1,"capital":0},"geometry":{"type":"Point","coordinates":[113.26,35.201]}},{"type":"Feature","properties":{"name":"Kaifeng","rank":1,"capital":0},"geometry":{"type":"Point","coordinates":[114.355,34.794]}},{"type":"Feature","properties":{"name":"Shangqiu","rank":1,"capital":0},"geometry":{"type":"Point","coordinates":[115.65,34.413]}},{"type":"Feature","properties":{"name":"Pingdingshan","rank":1,"capital":0},"geometry":{"type":"Point","coordinates":[113.298,33.732]}},{"type":"Feature","properties":{"name":"Xinyang","rank":1,"capital":0},"geometry":{"type":"Point","coordinates":[114.068,32.132]}},{"type":"Feature","properties":{"name":"Xinxiang","rank":1,"capital":0},"geometry":{"type":"Point","coordinates":[113.909,35.302]}},{"type":"Feature","properties":{"name":"Luoyang","rank":1,"capital":0},"geometry":{"type":"Point","coordinates":[112.444,34.644]}},{"type":"Feature","properties":{"name":"Liaoyang","rank":1,"capital":0},"geometry":{"type":"Point","coordinates":[123.178,41.282]}},{"type":"Feature","properties":{"name":"Dandong","rank":1,"capital":0},"geometry":{"type":"Point","coordinates":[124.392,40.146]}},{"type":"Feature","properties":{"name":"Yingkow","rank":1,"capital":0},"geometry":{"type":"Point","coordinates":[122.278,40.672]}},{"type":"Feature","properties":{"name":"Jinzhou","rank":1,"capital":0},"geometry":{"type":"Point","coordinates":[121.098,41.122]}},{"type":"Feature","properties":{"name":"Fuxin","rank":1,"capital":0},"geometry":{"type":"Point","coordinates":[121.658,42.012]}},{"type":"Feature","properties":{"name":"Benxi","rank":1,"capital":0},"geometry":{"type":"Point","coordinates":[123.748,41.332]}},{"type":"Feature","properties":{"name":"Fushun","rank":1,"capital":0},"geometry":{"type":"Point","coordinates":[123.868,41.867]}},{"type":"Feature","properties":{"name":"Jining","rank":1,"capital":0},"geometry":{"type":"Point","coordinates":[116.548,35.402]}},{"type":"Feature","properties":{"name":"Weifang","rank":1,"capital":0},"geometry":{"type":"Point","coordinates":[119.156,36.702]}},{"type":"Feature","properties":{"name":"Taian","rank":1,"capital":0},"geometry":{"type":"Point","coordinates":[117.118,36.202]}},{"type":"Feature","properties":{"name":"Heze","rank":1,"capital":0},"geometry":{"type":"Point","coordinates":[115.448,35.232]}},{"type":"Feature","properties":{"name":"Laiyang","rank":1,"capital":0},"geometry":{"type":"Point","coordinates":[120.708,36.968]}},{"type":"Feature","properties":{"name":"Xinyu","rank":1,"capital":0},"geometry":{"type":"Point","coordinates":[114.928,27.802]}},{"type":"Feature","properties":{"name":"Ganzhou","rank":1,"capital":0},"geometry":{"type":"Point","coordinates":[114.95,25.92]}},{"type":"Feature","properties":{"name":"Jiujiang","rank":1,"capital":0},"geometry":{"type":"Point","coordinates":[115.98,29.73]}},{"type":"Feature","properties":{"name":"Changzhou","rank":1,"capital":0},"geometry":{"type":"Point","coordinates":[119.968,31.782]}},{"type":"Feature","properties":{"name":"Zhenjiang","rank":1,"capital":0},"geometry":{"type":"Point","coordinates":[119.43,32.176]}},{"type":"Feature","properties":{"name":"Nantong","rank":1,"capital":0},"geometry":{"type":"Point","coordinates":[120.925,31.982]}},{"type":"Feature","properties":{"name":"Jiaxing","rank":1,"capital":0},"geometry":{"type":"Point","coordinates":[120.748,30.772]}},{"type":"Feature","properties":{"name":"Huzhou","rank":1,"capital":0},"geometry":{"type":"Point","coordinates":[120.098,30.872]}},{"type":"Feature","properties":{"name":"Shaoxing","rank":1,"capital":0},"geometry":{"type":"Point","coordinates":[120.568,30.002]}},{"type":"Feature","properties":{"name":"Jinhua","rank":1,"capital":0},"geometry":{"type":"Point","coordinates":[119.65,29.12]}},{"type":"Feature","properties":{"name":"Liaoyuan","rank":1,"capital":0},"geometry":{"type":"Point","coordinates":[125.13,42.9]}},{"type":"Feature","properties":{"name":"Tumen","rank":1,"capital":0},"geometry":{"type":"Point","coordinates":[129.82,42.97]}},{"type":"Feature","properties":{"name":"Siping","rank":1,"capital":0},"geometry":{"type":"Point","coordinates":[124.33,43.17]}},{"type":"Feature","properties":{"name":"Baicheng","rank":1,"capital":0},"geometry":{"type":"Point","coordinates":[122.82,45.62]}},{"type":"Feature","properties":{"name":"Wuhai","rank":1,"capital":0},"geometry":{"type":"Point","coordinates":[106.812,39.665]}},{"type":"Feature","properties":{"name":"Erenhot","rank":1,"capital":0},"geometry":{"type":"Point","coordinates":[111.965,43.662]}},{"type":"Feature","properties":{"name":"Jining","rank":1,"capital":0},"geometry":{"type":"Point","coordinates":[113.08,41.03]}},{"type":"Feature","properties":{"name":"Arxan","rank":1,"capital":0},"geometry":{"type":"Point","coordinates":[119.967,47.183]}},{"type":"Feature","properties":{"name":"Manzhouli","rank":1,"capital":0},"geometry":{"type":"Point","coordinates":[117.43,49.6]}},{"type":"Feature","properties":{"name":"Xilinhot","rank":1,"capital":0},"geometry":{"type":"Point","coordinates":[116.044,43.944]}},{"type":"Feature","properties":{"name":"Heihe","rank":1,"capital":0},"geometry":{"type":"Point","coordinates":[127.446,50.25]}},{"type":"Feature","properties":{"name":"Qitaihe","rank":1,"capital":0},"geometry":{"type":"Point","coordinates":[131.009,45.768]}},{"type":"Feature","properties":{"name":"Yichun","rank":1,"capital":0},"geometry":{"type":"Point","coordinates":[128.898,47.702]}},{"type":"Feature","properties":{"name":"Hegang","rank":1,"capital":0},"geometry":{"type":"Point","coordinates":[130.297,47.347]}},{"type":"Feature","properties":{"name":"Nenjiang","rank":1,"capital":0},"geometry":{"type":"Point","coordinates":[125.23,49.18]}},{"type":"Feature","properties":{"name":"Nehe","rank":1,"capital":0},"geometry":{"type":"Point","coordinates":[124.88,48.49]}},{"type":"Feature","properties":{"name":"Mudangiang","rank":1,"capital":0},"geometry":{"type":"Point","coordinates":[129.588,44.577]}},{"type":"Feature","properties":{"name":"Sorong","rank":1,"capital":0},"geometry":{"type":"Point","coordinates":[131.285,-0.855]}},{"type":"Feature","properties":{"name":"Kakinada","rank":1,"capital":0},"geometry":{"type":"Point","coordinates":[82.238,16.967]}},{"type":"Feature","properties":{"name":"Warangal","rank":1,"capital":0},"geometry":{"type":"Point","coordinates":[79.58,18.01]}},{"type":"Feature","properties":{"name":"Brahmapur","rank":1,"capital":0},"geometry":{"type":"Point","coordinates":[84.8,19.32]}},{"type":"Feature","properties":{"name":"Vijayapura","rank":1,"capital":0},"geometry":{"type":"Point","coordinates":[75.71,16.835]}},{"type":"Feature","properties":{"name":"Bhiwandi","rank":1,"capital":0},"geometry":{"type":"Point","coordinates":[73.128,19.352]}},{"type":"Feature","properties":{"name":"Latur","rank":1,"capital":0},"geometry":{"type":"Point","coordinates":[76.57,18.4]}},{"type":"Feature","properties":{"name":"Ahmednagar","rank":1,"capital":0},"geometry":{"type":"Point","coordinates":[74.746,19.082]}},{"type":"Feature","properties":{"name":"Chandrapur","rank":1,"capital":0},"geometry":{"type":"Point","coordinates":[79.3,19.97]}},{"type":"Feature","properties":{"name":"Amravati","rank":1,"capital":0},"geometry":{"type":"Point","coordinates":[77.782,20.926]}},{"type":"Feature","properties":{"name":"Dhule","rank":1,"capital":0},"geometry":{"type":"Point","coordinates":[74.77,20.9]}},{"type":"Feature","properties":{"name":"Dibrugarh","rank":1,"capital":0},"geometry":{"type":"Point","coordinates":[94.9,27.483]}},{"type":"Feature","properties":{"name":"Imphal","rank":1,"capital":0},"geometry":{"type":"Point","coordinates":[93.95,24.8]}},{"type":"Feature","properties":{"name":"Udaipur","rank":1,"capital":0},"geometry":{"type":"Point","coordinates":[73.73,24.6]}},{"type":"Feature","properties":{"name":"Gorakhpur","rank":1,"capital":0},"geometry":{"type":"Point","coordinates":[83.38,26.75]}},{"type":"Feature","properties":{"name":"Barddhaman","rank":1,"capital":0},"geometry":{"type":"Point","coordinates":[87.865,23.25]}},{"type":"Feature","properties":{"name":"Krishnanagar","rank":1,"capital":0},"geometry":{"type":"Point","coordinates":[88.53,23.38]}},{"type":"Feature","properties":{"name":"Gaya","rank":1,"capital":0},"geometry":{"type":"Point","coordinates":[85.0,24.8]}},{"type":"Feature","properties":{"name":"Porbandar","rank":1,"capital":0},"geometry":{"type":"Point","coordinates":[69.67,21.67]}},{"type":"Feature","properties":{"name":"Duluth","rank":1,"capital":0},"geometry":{"type":"Point","coordinates":[-92.106,46.783]}},{"type":"Feature","properties":{"name":"Bemidji","rank":1,"capital":0},"geometry":{"type":"Point","coordinates":[-94.88,47.474]}},{"type":"Feature","properties":{"name":"Havre","rank":1,"capital":0},"geometry":{"type":"Point","coordinates":[-109.678,48.545]}},{"type":"Feature","properties":{"name":"Kalispell","rank":1,"capital":0},"geometry":{"type":"Point","coordinates":[-114.316,48.198]}},{"type":"Feature","properties":{"name":"Idaho Falls","rank":1,"capital":0},"geometry":{"type":"Point","coordinates":[-112.033,43.467]}},{"type":"Feature","properties":{"name":"Lewiston","rank":1,"capital":0},"geometry":{"type":"Point","coordinates":[-117.017,46.417]}},{"type":"Feature","properties":{"name":"Yakima","rank":1,"capital":0},"geometry":{"type":"Point","coordinates":[-120.505,46.602]}},{"type":"Feature","properties":{"name":"Wenatchee","rank":1,"capital":0},"geometry":{"type":"Point","coordinates":[-120.309,47.424]}},{"type":"Feature","properties":{"name":"Douglas","rank":1,"capital":0},"geometry":{"type":"Point","coordinates":[-109.548,31.359]}},{"type":"Feature","properties":{"name":"Bakersfield","rank":1,"capital":0},"geometry":{"type":"Point","coordinates":[-119.02,35.37]}},{"type":"Feature","properties":{"name":"Oakland","rank":1,"capital":0},"geometry":{"type":"Point","coordinates":[-122.278,37.805]}},{"type":"Feature","properties":{"name":"Lancaster","rank":1,"capital":0},"geometry":{"type":"Point","coordinates":[-118.136,34.698]}},{"type":"Feature","properties":{"name":"Chico","rank":1,"capital":0},"geometry":{"type":"Point","coordinates":[-121.836,39.729]}},{"type":"Feature","properties":{"name":"Monterey","rank":1,"capital":0},"geometry":{"type":"Point","coordinates":[-121.894,36.6]}},{"type":"Feature","properties":{"name":"Salinas","rank":1,"capital":0},"geometry":{"type":"Point","coordinates":[-121.642,36.682]}},{"type":"Feature","properties":{"name":"Los Alamos","rank":1,"capital":0},"geometry":{"type":"Point","coordinates":[-106.298,35.891]}},{"type":"Feature","properties":{"name":"Eugene","rank":1,"capital":0},"geometry":{"type":"Point","coordinates":[-123.1,44.05]}},{"type":"Feature","properties":{"name":"Coos Bay","rank":1,"capital":0},"geometry":{"type":"Point","coordinates":[-124.217,43.367]}},{"type":"Feature","properties":{"name":"Bend","rank":1,"capital":0},"geometry":{"type":"Point","coordinates":[-121.309,44.054]}},{"type":"Feature","properties":{"name":"Cody","rank":1,"capital":0},"geometry":{"type":"Point","coordinates":[-109.057,44.523]}},{"type":"Feature","properties":{"name":"Cedar Rapids","rank":1,"capital":0},"geometry":{"type":"Point","coordinates":[-91.66,41.97]}},{"type":"Feature","properties":{"name":"Springfield","rank":1,"capital":0},"geometry":{"type":"Point","coordinates":[-93.32,37.18]}},{"type":"Feature","properties":{"name":"Lincoln","rank":1,"capital":0},"geometry":{"type":"Point","coordinates":[-96.68,40.82]}},{"type":"Feature","properties":{"name":"Alexandria","rank":1,"capital":0},"geometry":{"type":"Point","coordinates":[-92.445,31.311]}},{"type":"Feature","properties":{"name":"Abilene","rank":1,"capital":0},"geometry":{"type":"Point","coordinates":[-99.733,32.449]}},{"type":"Feature","properties":{"name":"Brownsville","rank":1,"capital":0},"geometry":{"type":"Point","coordinates":[-97.5,25.92]}},{"type":"Feature","properties":{"name":"Tyler","rank":1,"capital":0},"geometry":{"type":"Point","coordinates":[-95.301,32.351]}},{"type":"Feature","properties":{"name":"Concord","rank":1,"capital":0},"geometry":{"type":"Point","coordinates":[-71.538,43.208]}},{"type":"Feature","properties":{"name":"Huntsville","rank":1,"capital":0},"geometry":{"type":"Point","coordinates":[-86.61,34.72]}},{"type":"Feature","properties":{"name":"Key West","rank":1,"capital":0},"geometry":{"type":"Point","coordinates":[-81.783,24.555]}},{"type":"Feature","properties":{"name":"West Palm Beach","rank":1,"capital":0},"geometry":{"type":"Point","coordinates":[-80.124,26.745]}},{"type":"Feature","properties":{"name":"Sarasota","rank":1,"capital":0},"geometry":{"type":"Point","coordinates":[-82.531,27.336]}},{"type":"Feature","properties":{"name":"Daytona Beach","rank":1,"capital":0},"geometry":{"type":"Point","coordinates":[-81.023,29.211]}},{"type":"Feature","properties":{"name":"Gainesville","rank":1,"capital":0},"geometry":{"type":"Point","coordinates":[-82.325,29.651]}},{"type":"Feature","properties":{"name":"Ft. Myers","rank":1,"capital":0},"geometry":{"type":"Point","coordinates":[-81.86,26.64]}},{"type":"Feature","properties":{"name":"Brunswick","rank":1,"capital":0},"geometry":{"type":"Point","coordinates":[-81.492,31.15]}},{"type":"Feature","properties":{"name":"Augusta","rank":1,"capital":0},"geometry":{"type":"Point","coordinates":[-81.985,33.461]}},{"type":"Feature","properties":{"name":"Vicksburg","rank":1,"capital":0},"geometry":{"type":"Point","coordinates":[-90.878,32.352]}},{"type":"Feature","properties":{"name":"Myrtle Beach","rank":1,"capital":0},"geometry":{"type":"Point","coordinates":[-78.887,33.689]}},{"type":"Feature","properties":{"name":"Charleston","rank":1,"capital":0},"geometry":{"type":"Point","coordinates":[-79.992,32.792]}},{"type":"Feature","properties":{"name":"Peoria","rank":1,"capital":0},"geometry":{"type":"Point","coordinates":[-89.579,40.689]}},{"type":"Feature","properties":{"name":"Evansville","rank":1,"capital":0},"geometry":{"type":"Point","coordinates":[-87.556,37.975]}},{"type":"Feature","properties":{"name":"Louisville","rank":1,"capital":0},"geometry":{"type":"Point","coordinates":[-85.751,38.227]}},{"type":"Feature","properties":{"name":"Lexington","rank":1,"capital":0},"geometry":{"type":"Point","coordinates":[-84.5,38.05]}},{"type":"Feature","properties":{"name":"Charlotte","rank":1,"capital":0},"geometry":{"type":"Point","coordinates":[-80.832,35.207]}},{"type":"Feature","properties":{"name":"Youngstown","rank":1,"capital":0},"geometry":{"type":"Point","coordinates":[-80.65,41.1]}},{"type":"Feature","properties":{"name":"Canton","rank":1,"capital":0},"geometry":{"type":"Point","coordinates":[-81.379,40.799]}},{"type":"Feature","properties":{"name":"Toledo","rank":1,"capital":0},"geometry":{"type":"Point","coordinates":[-83.553,41.64]}},{"type":"Feature","properties":{"name":"Columbus","rank":1,"capital":0},"geometry":{"type":"Point","coordinates":[-82.992,39.982]}},{"type":"Feature","properties":{"name":"Chattanooga","rank":1,"capital":0},"geometry":{"type":"Point","coordinates":[-85.25,35.07]}},{"type":"Feature","properties":{"name":"Charlottesville","rank":1,"capital":0},"geometry":{"type":"Point","coordinates":[-78.477,38.029]}},{"type":"Feature","properties":{"name":"Lynchburg","rank":1,"capital":0},"geometry":{"type":"Point","coordinates":[-79.142,37.414]}},{"type":"Feature","properties":{"name":"Wausau","rank":1,"capital":0},"geometry":{"type":"Point","coordinates":[-89.63,44.959]}},{"type":"Feature","properties":{"name":"Albany","rank":1,"capital":0},"geometry":{"type":"Point","coordinates":[-73.758,42.654]}},{"type":"Feature","properties":{"name":"Ithaca","rank":1,"capital":0},"geometry":{"type":"Point","coordinates":[-76.497,42.441]}},{"type":"Feature","properties":{"name":"Harrisburg","rank":1,"capital":0},"geometry":{"type":"Point","coordinates":[-76.885,40.274]}},{"type":"Feature","properties":{"name":"Bangor","rank":1,"capital":0},"geometry":{"type":"Point","coordinates":[-68.778,44.801]}},{"type":"Feature","properties":{"name":"Portland","rank":1,"capital":0},"geometry":{"type":"Point","coordinates":[-70.246,43.672]}},{"type":"Feature","properties":{"name":"Saginaw","rank":1,"capital":0},"geometry":{"type":"Point","coordinates":[-83.951,43.419]}},{"type":"Feature","properties":{"name":"Ketchikan","rank":1,"capital":0},"geometry":{"type":"Point","coordinates":[-131.664,55.356]}},{"type":"Feature","properties":{"name":"Unalaska","rank":1,"capital":0},"geometry":{"type":"Point","coordinates":[-166.532,53.869]}},{"type":"Feature","properties":{"name":"Togiak","rank":1,"capital":0},"geometry":{"type":"Point","coordinates":[-160.378,59.07]}},{"type":"Feature","properties":{"name":"Red Devil","rank":1,"capital":0},"geometry":{"type":"Point","coordinates":[-157.313,61.761]}},{"type":"Feature","properties":{"name":"Hooper Bay","rank":1,"capital":0},"geometry":{"type":"Point","coordinates":[-166.097,61.531]}},{"type":"Feature","properties":{"name":"Wainwright","rank":1,"capital":0},"geometry":{"type":"Point","coordinates":[-160.038,70.637]}},{"type":"Feature","properties":{"name":"Galena","rank":1,"capital":0},"geometry":{"type":"Point","coordinates":[-156.927,64.733]}},{"type":"Feature","properties":{"name":"Kaktovik","rank":1,"capital":0},"geometry":{"type":"Point","coordinates":[-143.603,70.088]}},{"type":"Feature","properties":{"name":"Skagway","rank":1,"capital":0},"geometry":{"type":"Point","coordinates":[-135.314,59.458]}},{"type":"Feature","properties":{"name":"Cordova","rank":1,"capital":0},"geometry":{"type":"Point","coordinates":[-145.757,60.543]}},{"type":"Feature","properties":{"name":"Kenai","rank":1,"capital":0},"geometry":{"type":"Point","coordinates":[-151.258,60.554]}},{"type":"Feature","properties":{"name":"Fort Yukon","rank":1,"capital":0},"geometry":{"type":"Point","coordinates":[-145.274,66.565]}},{"type":"Feature","properties":{"name":"Bacabal","rank":1,"capital":0},"geometry":{"type":"Point","coordinates":[-44.8,-4.23]}},{"type":"Feature","properties":{"name":"Bragan\u00e7a","rank":1,"capital":0},"geometry":{"type":"Point","coordinates":[-46.77,-1.05]}},{"type":"Feature","properties":{"name":"\u00d3bidos","rank":1,"capital":0},"geometry":{"type":"Point","coordinates":[-55.52,-1.91]}},{"type":"Feature","properties":{"name":"Guajara-Miram","rank":1,"capital":0},"geometry":{"type":"Point","coordinates":[-65.35,-10.8]}},{"type":"Feature","properties":{"name":"Porto Nacional","rank":1,"capital":0},"geometry":{"type":"Point","coordinates":[-48.42,-10.7]}},{"type":"Feature","properties":{"name":"Dourados","rank":1,"capital":0},"geometry":{"type":"Point","coordinates":[-54.81,-22.23]}},{"type":"Feature","properties":{"name":"Governador Valadares","rank":1,"capital":0},"geometry":{"type":"Point","coordinates":[-41.97,-18.87]}},{"type":"Feature","properties":{"name":"Pirapora","rank":1,"capital":0},"geometry":{"type":"Point","coordinates":[-44.93,-17.33]}},{"type":"Feature","properties":{"name":"Juiz de Fora","rank":1,"capital":0},"geometry":{"type":"Point","coordinates":[-43.375,-21.77]}},{"type":"Feature","properties":{"name":"Santa Maria","rank":1,"capital":0},"geometry":{"type":"Point","coordinates":[-53.8,-29.683]}},{"type":"Feature","properties":{"name":"Passo Fundo","rank":1,"capital":0},"geometry":{"type":"Point","coordinates":[-52.42,-28.25]}},{"type":"Feature","properties":{"name":"Xapeco","rank":1,"capital":0},"geometry":{"type":"Point","coordinates":[-52.64,-27.1]}},{"type":"Feature","properties":{"name":"Joinville","rank":1,"capital":0},"geometry":{"type":"Point","coordinates":[-48.842,-26.318]}},{"type":"Feature","properties":{"name":"Juazeiro do Norte","rank":1,"capital":0},"geometry":{"type":"Point","coordinates":[-39.32,-7.21]}},{"type":"Feature","properties":{"name":"Nova Vi\u00e7osa","rank":1,"capital":0},"geometry":{"type":"Point","coordinates":[-39.37,-17.88]}},{"type":"Feature","properties":{"name":"Alagoinhas","rank":1,"capital":0},"geometry":{"type":"Point","coordinates":[-38.43,-12.14]}},{"type":"Feature","properties":{"name":"Juazeiro","rank":1,"capital":0},"geometry":{"type":"Point","coordinates":[-40.5,-9.42]}},{"type":"Feature","properties":{"name":"Vit\u00f3ria","rank":1,"capital":0},"geometry":{"type":"Point","coordinates":[-40.354,-20.332]}},{"type":"Feature","properties":{"name":"Jo\u00e3o Pessoa","rank":1,"capital":0},"geometry":{"type":"Point","coordinates":[-34.878,-7.099]}},{"type":"Feature","properties":{"name":"Campina Grande","rank":1,"capital":0},"geometry":{"type":"Point","coordinates":[-35.88,-7.23]}},{"type":"Feature","properties":{"name":"Nova Friburgo","rank":1,"capital":0},"geometry":{"type":"Point","coordinates":[-42.54,-22.26]}},{"type":"Feature","properties":{"name":"Ara\u00e7atuba","rank":1,"capital":0},"geometry":{"type":"Point","coordinates":[-50.45,-21.21]}},{"type":"Feature","properties":{"name":"Sibolga","rank":1,"capital":0},"geometry":{"type":"Point","coordinates":[98.8,1.75]}},{"type":"Feature","properties":{"name":"Pematangsiantar","rank":1,"capital":0},"geometry":{"type":"Point","coordinates":[99.061,2.961]}},{"type":"Feature","properties":{"name":"Pekanbaru","rank":1,"capital":0},"geometry":{"type":"Point","coordinates":[101.423,0.567]}},{"type":"Feature","properties":{"name":"Manado","rank":1,"capital":0},"geometry":{"type":"Point","coordinates":[124.85,1.48]}},{"type":"Feature","properties":{"name":"Yogyakarta","rank":1,"capital":0},"geometry":{"type":"Point","coordinates":[110.375,-7.78]}},{"type":"Feature","properties":{"name":"Kendari","rank":1,"capital":0},"geometry":{"type":"Point","coordinates":[122.597,-3.955]}},{"type":"Feature","properties":{"name":"Palu","rank":1,"capital":0},"geometry":{"type":"Point","coordinates":[119.833,-0.907]}},{"type":"Feature","properties":{"name":"Nabire","rank":1,"capital":0},"geometry":{"type":"Point","coordinates":[135.513,-3.352]}},{"type":"Feature","properties":{"name":"Merauke","rank":1,"capital":0},"geometry":{"type":"Point","coordinates":[140.402,-8.493]}},{"type":"Feature","properties":{"name":"Lhokseumawe","rank":1,"capital":0},"geometry":{"type":"Point","coordinates":[97.141,5.191]}},{"type":"Feature","properties":{"name":"Xuanzhou","rank":1,"capital":0},"geometry":{"type":"Point","coordinates":[118.753,30.954]}},{"type":"Feature","properties":{"name":"Zhuhai","rank":1,"capital":0},"geometry":{"type":"Point","coordinates":[113.566,22.279]}},{"type":"Feature","properties":{"name":"Samarinda","rank":1,"capital":0},"geometry":{"type":"Point","coordinates":[117.15,-0.5]}},{"type":"Feature","properties":{"name":"Cirebon","rank":1,"capital":0},"geometry":{"type":"Point","coordinates":[108.567,-6.733]}},{"type":"Feature","properties":{"name":"Tasikmalaya","rank":1,"capital":0},"geometry":{"type":"Point","coordinates":[108.215,-7.325]}},{"type":"Feature","properties":{"name":"Bogor","rank":1,"capital":0},"geometry":{"type":"Point","coordinates":[106.748,-6.568]}},{"type":"Feature","properties":{"name":"Bengkulu","rank":1,"capital":0},"geometry":{"type":"Point","coordinates":[102.27,-3.8]}},{"type":"Feature","properties":{"name":"Pontianak","rank":1,"capital":0},"geometry":{"type":"Point","coordinates":[109.32,-0.03]}},{"type":"Feature","properties":{"name":"Kotabumi","rank":1,"capital":0},"geometry":{"type":"Point","coordinates":[104.9,-4.833]}},{"type":"Feature","properties":{"name":"Lahat","rank":1,"capital":0},"geometry":{"type":"Point","coordinates":[103.533,-3.8]}},{"type":"Feature","properties":{"name":"Pangkalpinang","rank":1,"capital":0},"geometry":{"type":"Point","coordinates":[106.15,-2.08]}},{"type":"Feature","properties":{"name":"Jember","rank":1,"capital":0},"geometry":{"type":"Point","coordinates":[113.687,-8.173]}},{"type":"Feature","properties":{"name":"Martapura","rank":1,"capital":0},"geometry":{"type":"Point","coordinates":[114.836,-3.414]}},{"type":"Feature","properties":{"name":"Ruteng","rank":1,"capital":0},"geometry":{"type":"Point","coordinates":[120.47,-8.612]}},{"type":"Feature","properties":{"name":"Xianyang","rank":1,"capital":0},"geometry":{"type":"Point","coordinates":[108.713,34.348]}},{"type":"Feature","properties":{"name":"Xiangyang","rank":1,"capital":0},"geometry":{"type":"Point","coordinates":[112.128,32.022]}},{"type":"Feature","properties":{"name":"Suining","rank":1,"capital":0},"geometry":{"type":"Point","coordinates":[105.531,30.535]}},{"type":"Feature","properties":{"name":"Lingyuan","rank":1,"capital":0},"geometry":{"type":"Point","coordinates":[119.399,41.242]}},{"type":"Feature","properties":{"name":"Weihai","rank":1,"capital":0},"geometry":{"type":"Point","coordinates":[122.1,37.5]}},{"type":"Feature","properties":{"name":"Yichun","rank":1,"capital":0},"geometry":{"type":"Point","coordinates":[114.398,27.835]}},{"type":"Feature","properties":{"name":"Yancheng","rank":1,"capital":0},"geometry":{"type":"Point","coordinates":[120.168,33.338]}},{"type":"Feature","properties":{"name":"Fuyang","rank":1,"capital":0},"geometry":{"type":"Point","coordinates":[119.95,30.055]}},{"type":"Feature","properties":{"name":"Jambi","rank":1,"capital":0},"geometry":{"type":"Point","coordinates":[103.61,-1.59]}},{"type":"Feature","properties":{"name":"Manokwari","rank":1,"capital":0},"geometry":{"type":"Point","coordinates":[134.069,-0.871]}},{"type":"Feature","properties":{"name":"Nellore","rank":1,"capital":0},"geometry":{"type":"Point","coordinates":[79.99,14.44]}},{"type":"Feature","properties":{"name":"Kurnool","rank":1,"capital":0},"geometry":{"type":"Point","coordinates":[78.03,15.83]}},{"type":"Feature","properties":{"name":"Tumakuru","rank":1,"capital":0},"geometry":{"type":"Point","coordinates":[77.1,13.33]}},{"type":"Feature","properties":{"name":"Davangere","rank":1,"capital":0},"geometry":{"type":"Point","coordinates":[75.92,14.47]}},{"type":"Feature","properties":{"name":"Ballari","rank":1,"capital":0},"geometry":{"type":"Point","coordinates":[76.915,15.15]}},{"type":"Feature","properties":{"name":"Belagavi","rank":1,"capital":0},"geometry":{"type":"Point","coordinates":[74.505,15.865]}},{"type":"Feature","properties":{"name":"Tuticorin","rank":1,"capital":0},"geometry":{"type":"Point","coordinates":[78.132,8.798]}},{"type":"Feature","properties":{"name":"Dindigul","rank":1,"capital":0},"geometry":{"type":"Point","coordinates":[77.978,10.36]}},{"type":"Feature","properties":{"name":"Cobija","rank":1,"capital":0},"geometry":{"type":"Point","coordinates":[-68.769,-11.021]}},{"type":"Feature","properties":{"name":"Sena Madureira","rank":1,"capital":0},"geometry":{"type":"Point","coordinates":[-68.67,-9.07]}},{"type":"Feature","properties":{"name":"Fonte Boa","rank":1,"capital":0},"geometry":{"type":"Point","coordinates":[-66.092,-2.514]}},{"type":"Feature","properties":{"name":"Eirunep\u00e9","rank":1,"capital":0},"geometry":{"type":"Point","coordinates":[-69.874,-6.66]}},{"type":"Feature","properties":{"name":"Manicor\u00e9","rank":1,"capital":0},"geometry":{"type":"Point","coordinates":[-61.297,-5.812]}},{"type":"Feature","properties":{"name":"Barcelos","rank":1,"capital":0},"geometry":{"type":"Point","coordinates":[-62.924,-0.975]}},{"type":"Feature","properties":{"name":"Tonantins","rank":1,"capital":0},"geometry":{"type":"Point","coordinates":[-67.802,-2.873]}},{"type":"Feature","properties":{"name":"Tef\u00e9","rank":1,"capital":0},"geometry":{"type":"Point","coordinates":[-64.7,-3.36]}},{"type":"Feature","properties":{"name":"Coari","rank":1,"capital":0},"geometry":{"type":"Point","coordinates":[-63.13,-4.08]}},{"type":"Feature","properties":{"name":"S\u00e3o Gabriel da Cachoeira","rank":1,"capital":0},"geometry":{"type":"Point","coordinates":[-67.083,-0.133]}},{"type":"Feature","properties":{"name":"Novo Air\u00e3o","rank":1,"capital":0},"geometry":{"type":"Point","coordinates":[-60.944,-2.621]}},{"type":"Feature","properties":{"name":"Itacoatiara","rank":1,"capital":0},"geometry":{"type":"Point","coordinates":[-58.44,-3.14]}},{"type":"Feature","properties":{"name":"Parintins","rank":1,"capital":0},"geometry":{"type":"Point","coordinates":[-56.74,-2.61]}},{"type":"Feature","properties":{"name":"Natal","rank":1,"capital":0},"geometry":{"type":"Point","coordinates":[-60.27,-6.984]}},{"type":"Feature","properties":{"name":"Crato","rank":1,"capital":0},"geometry":{"type":"Point","coordinates":[-63.04,-7.464]}},{"type":"Feature","properties":{"name":"Imperatriz","rank":1,"capital":0},"geometry":{"type":"Point","coordinates":[-47.49,-5.52]}},{"type":"Feature","properties":{"name":"Balsas","rank":1,"capital":0},"geometry":{"type":"Point","coordinates":[-46.05,-7.52]}},{"type":"Feature","properties":{"name":"Breves","rank":1,"capital":0},"geometry":{"type":"Point","coordinates":[-50.49,-1.68]}},{"type":"Feature","properties":{"name":"Jacareacanga","rank":1,"capital":0},"geometry":{"type":"Point","coordinates":[-57.76,-6.228]}},{"type":"Feature","properties":{"name":"Tucuru\u00ed","rank":1,"capital":0},"geometry":{"type":"Point","coordinates":[-49.674,-3.767]}},{"type":"Feature","properties":{"name":"Itaituba","rank":1,"capital":0},"geometry":{"type":"Point","coordinates":[-55.925,-4.259]}},{"type":"Feature","properties":{"name":"Concei\u00e7\u00e3o do Araguaia","rank":1,"capital":0},"geometry":{"type":"Point","coordinates":[-49.29,-8.25]}},{"type":"Feature","properties":{"name":"Abaetetuba","rank":1,"capital":0},"geometry":{"type":"Point","coordinates":[-48.885,-1.725]}},{"type":"Feature","properties":{"name":"Principe da Beira","rank":1,"capital":0},"geometry":{"type":"Point","coordinates":[-64.417,-12.417]}},{"type":"Feature","properties":{"name":"Aragua\u00edna","rank":1,"capital":0},"geometry":{"type":"Point","coordinates":[-48.21,-7.19]}},{"type":"Feature","properties":{"name":"Palmas","rank":1,"capital":0},"geometry":{"type":"Point","coordinates":[-48.288,-10.238]}},{"type":"Feature","properties":{"name":"Te\u00f3filo Otoni","rank":1,"capital":0},"geometry":{"type":"Point","coordinates":[-41.5,-17.87]}},{"type":"Feature","properties":{"name":"Uberaba","rank":1,"capital":0},"geometry":{"type":"Point","coordinates":[-47.95,-19.78]}},{"type":"Feature","properties":{"name":"Janu\u00e1ria","rank":1,"capital":0},"geometry":{"type":"Point","coordinates":[-44.37,-15.48]}},{"type":"Feature","properties":{"name":"Santissima Trindade","rank":1,"capital":0},"geometry":{"type":"Point","coordinates":[-59.95,-15.0]}},{"type":"Feature","properties":{"name":"Aripuan\u00e3","rank":1,"capital":0},"geometry":{"type":"Point","coordinates":[-59.444,-10.177]}},{"type":"Feature","properties":{"name":"Sinop","rank":1,"capital":0},"geometry":{"type":"Point","coordinates":[-55.46,-11.85]}},{"type":"Feature","properties":{"name":"Jaguar\u00e3o","rank":1,"capital":0},"geometry":{"type":"Point","coordinates":[-53.37,-32.56]}},{"type":"Feature","properties":{"name":"Bag\u00e9","rank":1,"capital":0},"geometry":{"type":"Point","coordinates":[-54.1,-31.32]}},{"type":"Feature","properties":{"name":"Londrina","rank":1,"capital":0},"geometry":{"type":"Point","coordinates":[-51.18,-23.3]}},{"type":"Feature","properties":{"name":"Crici\u00fama","rank":1,"capital":0},"geometry":{"type":"Point","coordinates":[-49.39,-28.68]}},{"type":"Feature","properties":{"name":"Aracati","rank":1,"capital":0},"geometry":{"type":"Point","coordinates":[-37.77,-4.56]}},{"type":"Feature","properties":{"name":"Ic\u00f3","rank":1,"capital":0},"geometry":{"type":"Point","coordinates":[-38.85,-6.4]}},{"type":"Feature","properties":{"name":"Parna\u00edba","rank":1,"capital":0},"geometry":{"type":"Point","coordinates":[-41.77,-2.91]}},{"type":"Feature","properties":{"name":"Picos","rank":1,"capital":0},"geometry":{"type":"Point","coordinates":[-41.44,-7.08]}},{"type":"Feature","properties":{"name":"Arapiraca","rank":1,"capital":0},"geometry":{"type":"Point","coordinates":[-36.67,-9.75]}},{"type":"Feature","properties":{"name":"Jequi\u00e9","rank":1,"capital":0},"geometry":{"type":"Point","coordinates":[-40.08,-13.85]}},{"type":"Feature","properties":{"name":"Ilh\u00e9us","rank":1,"capital":0},"geometry":{"type":"Point","coordinates":[-39.05,-14.78]}},{"type":"Feature","properties":{"name":"Canavieiras","rank":1,"capital":0},"geometry":{"type":"Point","coordinates":[-38.96,-15.64]}},{"type":"Feature","properties":{"name":"Santa Maria da Vit\u00f3ria","rank":1,"capital":0},"geometry":{"type":"Point","coordinates":[-44.21,-13.39]}},{"type":"Feature","properties":{"name":"Irec\u00ea","rank":1,"capital":0},"geometry":{"type":"Point","coordinates":[-41.87,-11.3]}},{"type":"Feature","properties":{"name":"Xique-Xique","rank":1,"capital":0},"geometry":{"type":"Point","coordinates":[-42.73,-10.82]}},{"type":"Feature","properties":{"name":"Linhares","rank":1,"capital":0},"geometry":{"type":"Point","coordinates":[-40.05,-19.39]}},{"type":"Feature","properties":{"name":"Campos","rank":1,"capital":0},"geometry":{"type":"Point","coordinates":[-41.32,-21.75]}},{"type":"Feature","properties":{"name":"Mossor\u00f3","rank":1,"capital":0},"geometry":{"type":"Point","coordinates":[-37.34,-5.19]}},{"type":"Feature","properties":{"name":"Aracaju","rank":1,"capital":0},"geometry":{"type":"Point","coordinates":[-37.12,-10.9]}},{"type":"Feature","properties":{"name":"Laranjal do Jari","rank":1,"capital":0},"geometry":{"type":"Point","coordinates":[-52.48,-0.85]}},{"type":"Feature","properties":{"name":"Amap\u00e1","rank":1,"capital":0},"geometry":{"type":"Point","coordinates":[-50.8,2.05]}},{"type":"Feature","properties":{"name":"Vila Velha","rank":1,"capital":0},"geometry":{"type":"Point","coordinates":[-51.217,3.217]}},{"type":"Feature","properties":{"name":"Santos","rank":1,"capital":0},"geometry":{"type":"Point","coordinates":[-46.328,-23.962]}},{"type":"Feature","properties":{"name":"Bauru","rank":1,"capital":0},"geometry":{"type":"Point","coordinates":[-49.08,-22.33]}},{"type":"Feature","properties":{"name":"Iguape","rank":1,"capital":0},"geometry":{"type":"Point","coordinates":[-47.57,-24.72]}},{"type":"Feature","properties":{"name":"Franca","rank":1,"capital":0},"geometry":{"type":"Point","coordinates":[-47.39,-20.53]}},{"type":"Feature","properties":{"name":"Garanhuns","rank":1,"capital":0},"geometry":{"type":"Point","coordinates":[-36.5,-8.89]}},{"type":"Feature","properties":{"name":"Caruaru","rank":1,"capital":0},"geometry":{"type":"Point","coordinates":[-35.98,-8.28]}},{"type":"Feature","properties":{"name":"Santa Cruz","rank":1,"capital":0},"geometry":{"type":"Point","coordinates":[-122.026,36.972]}},{"type":"Feature","properties":{"name":"San Bernardino","rank":1,"capital":0},"geometry":{"type":"Point","coordinates":[-117.302,34.122]}},{"type":"Feature","properties":{"name":"Bridgeport","rank":1,"capital":0},"geometry":{"type":"Point","coordinates":[-73.202,41.182]}},{"type":"Feature","properties":{"name":"Rochester","rank":1,"capital":0},"geometry":{"type":"Point","coordinates":[-77.622,43.172]}},{"type":"Feature","properties":{"name":"Xiamen","rank":1,"capital":0},"geometry":{"type":"Point","coordinates":[118.078,24.452]}},{"type":"Feature","properties":{"name":"Nanchong","rank":1,"capital":0},"geometry":{"type":"Point","coordinates":[106.128,30.782]}},{"type":"Feature","properties":{"name":"Neijiang","rank":1,"capital":0},"geometry":{"type":"Point","coordinates":[105.048,29.582]}},{"type":"Feature","properties":{"name":"Nanyang","rank":1,"capital":0},"geometry":{"type":"Point","coordinates":[112.528,33.002]}},{"type":"Feature","properties":{"name":"Jinxi","rank":1,"capital":0},"geometry":{"type":"Point","coordinates":[120.828,40.752]}},{"type":"Feature","properties":{"name":"Yantai","rank":1,"capital":0},"geometry":{"type":"Point","coordinates":[121.398,37.532]}},{"type":"Feature","properties":{"name":"Zaozhuang","rank":1,"capital":0},"geometry":{"type":"Point","coordinates":[117.568,34.882]}},{"type":"Feature","properties":{"name":"Suzhou","rank":1,"capital":0},"geometry":{"type":"Point","coordinates":[120.618,31.302]}},{"type":"Feature","properties":{"name":"Xuzhou","rank":1,"capital":0},"geometry":{"type":"Point","coordinates":[117.178,34.282]}},{"type":"Feature","properties":{"name":"Wuxi","rank":1,"capital":0},"geometry":{"type":"Point","coordinates":[120.298,31.582]}},{"type":"Feature","properties":{"name":"Jilin","rank":1,"capital":0},"geometry":{"type":"Point","coordinates":[126.548,43.852]}},{"type":"Feature","properties":{"name":"Chandigarh","rank":1,"capital":0},"geometry":{"type":"Point","coordinates":[76.778,30.722]}},{"type":"Feature","properties":{"name":"Jammu","rank":1,"capital":0},"geometry":{"type":"Point","coordinates":[74.845,32.714]}},{"type":"Feature","properties":{"name":"Sholapur","rank":1,"capital":0},"geometry":{"type":"Point","coordinates":[75.898,17.672]}},{"type":"Feature","properties":{"name":"Aurangabad","rank":1,"capital":0},"geometry":{"type":"Point","coordinates":[75.329,19.862]}},{"type":"Feature","properties":{"name":"Nasik","rank":1,"capital":0},"geometry":{"type":"Point","coordinates":[73.778,20.002]}},{"type":"Feature","properties":{"name":"Dispur","rank":1,"capital":0},"geometry":{"type":"Point","coordinates":[91.767,26.144]}},{"type":"Feature","properties":{"name":"Jullundur","rank":1,"capital":0},"geometry":{"type":"Point","coordinates":[75.567,31.337]}},{"type":"Feature","properties":{"name":"Allahabad","rank":1,"capital":0},"geometry":{"type":"Point","coordinates":[81.838,25.457]}},{"type":"Feature","properties":{"name":"Moradabad","rank":1,"capital":0},"geometry":{"type":"Point","coordinates":[78.755,28.844]}},{"type":"Feature","properties":{"name":"Ghaziabad","rank":1,"capital":0},"geometry":{"type":"Point","coordinates":[77.406,28.662]}},{"type":"Feature","properties":{"name":"Agra","rank":1,"capital":0},"geometry":{"type":"Point","coordinates":[78.013,27.172]}},{"type":"Feature","properties":{"name":"Aligarh","rank":1,"capital":0},"geometry":{"type":"Point","coordinates":[78.06,27.894]}},{"type":"Feature","properties":{"name":"Meerut","rank":1,"capital":0},"geometry":{"type":"Point","coordinates":[77.698,29.002]}},{"type":"Feature","properties":{"name":"Dhanbad","rank":1,"capital":0},"geometry":{"type":"Point","coordinates":[86.418,23.802]}},{"type":"Feature","properties":{"name":"Gwalior","rank":1,"capital":0},"geometry":{"type":"Point","coordinates":[78.169,26.2]}},{"type":"Feature","properties":{"name":"Vadodara","rank":1,"capital":0},"geometry":{"type":"Point","coordinates":[73.178,22.312]}},{"type":"Feature","properties":{"name":"Rajkot","rank":1,"capital":0},"geometry":{"type":"Point","coordinates":[70.798,22.312]}},{"type":"Feature","properties":{"name":"International Falls","rank":1,"capital":0},"geometry":{"type":"Point","coordinates":[-93.411,48.601]}},{"type":"Feature","properties":{"name":"St.  Paul","rank":1,"capital":0},"geometry":{"type":"Point","coordinates":[-93.085,44.944]}},{"type":"Feature","properties":{"name":"Billings","rank":1,"capital":0},"geometry":{"type":"Point","coordinates":[-108.54,45.788]}},{"type":"Feature","properties":{"name":"Great Falls","rank":1,"capital":0},"geometry":{"type":"Point","coordinates":[-111.3,47.5]}},{"type":"Feature","properties":{"name":"Missoula","rank":1,"capital":0},"geometry":{"type":"Point","coordinates":[-113.993,46.872]}},{"type":"Feature","properties":{"name":"Minot","rank":1,"capital":0},"geometry":{"type":"Point","coordinates":[-101.296,48.232]}},{"type":"Feature","properties":{"name":"Fargo","rank":1,"capital":0},"geometry":{"type":"Point","coordinates":[-96.789,46.877]}},{"type":"Feature","properties":{"name":"Hilo","rank":1,"capital":0},"geometry":{"type":"Point","coordinates":[-155.082,19.706]}},{"type":"Feature","properties":{"name":"Olympia","rank":1,"capital":0},"geometry":{"type":"Point","coordinates":[-122.899,47.038]}},{"type":"Feature","properties":{"name":"Spokane","rank":1,"capital":0},"geometry":{"type":"Point","coordinates":[-117.42,47.67]}},{"type":"Feature","properties":{"name":"Vancouver","rank":1,"capital":0},"geometry":{"type":"Point","coordinates":[-122.64,45.63]}},{"type":"Feature","properties":{"name":"Flagstaff","rank":1,"capital":0},"geometry":{"type":"Point","coordinates":[-111.651,35.198]}},{"type":"Feature","properties":{"name":"Tucson","rank":1,"capital":0},"geometry":{"type":"Point","coordinates":[-110.892,32.207]}},{"type":"Feature","properties":{"name":"Santa Barbara","rank":1,"capital":0},"geometry":{"type":"Point","coordinates":[-119.717,34.411]}},{"type":"Feature","properties":{"name":"Fresno","rank":1,"capital":0},"geometry":{"type":"Point","coordinates":[-119.773,36.748]}},{"type":"Feature","properties":{"name":"Eureka","rank":1,"capital":0},"geometry":{"type":"Point","coordinates":[-124.15,40.793]}},{"type":"Feature","properties":{"name":"Colorado Springs","rank":1,"capital":0},"geometry":{"type":"Point","coordinates":[-104.792,38.863]}},{"type":"Feature","properties":{"name":"Reno","rank":1,"capital":0},"geometry":{"type":"Point","coordinates":[-119.82,39.53]}},{"type":"Feature","properties":{"name":"Elko","rank":1,"capital":0},"geometry":{"type":"Point","coordinates":[-115.762,40.833]}},{"type":"Feature","properties":{"name":"Albuquerque","rank":1,"capital":0},"geometry":{"type":"Point","coordinates":[-106.641,35.105]}},{"type":"Feature","properties":{"name":"Salem","rank":1,"capital":0},"geometry":{"type":"Point","coordinates":[-123.024,44.928]}},{"type":"Feature","properties":{"name":"Casper","rank":1,"capital":0},"geometry":{"type":"Point","coordinates":[-106.323,42.847]}},{"type":"Feature","properties":{"name":"Topeka","rank":1,"capital":0},"geometry":{"type":"Point","coordinates":[-95.67,39.05]}},{"type":"Feature","properties":{"name":"Kansas City","rank":1,"capital":0},"geometry":{"type":"Point","coordinates":[-94.606,39.109]}},{"type":"Feature","properties":{"name":"Tulsa","rank":1,"capital":0},"geometry":{"type":"Point","coordinates":[-95.93,36.12]}},{"type":"Feature","properties":{"name":"Sioux Falls","rank":1,"capital":0},"geometry":{"type":"Point","coordinates":[-96.73,43.55]}},{"type":"Feature","properties":{"name":"Shreveport","rank":1,"capital":0},"geometry":{"type":"Point","coordinates":[-93.77,32.5]}},{"type":"Feature","properties":{"name":"Baton Rouge","rank":1,"capital":0},"geometry":{"type":"Point","coordinates":[-91.14,30.458]}},{"type":"Feature","properties":{"name":"Ft.  Worth","rank":1,"capital":0},"geometry":{"type":"Point","coordinates":[-97.34,32.74]}},{"type":"Feature","properties":{"name":"Corpus Christi","rank":1,"capital":0},"geometry":{"type":"Point","coordinates":[-97.402,27.743]}},{"type":"Feature","properties":{"name":"Austin","rank":1,"capital":0},"geometry":{"type":"Point","coordinates":[-97.745,30.269]}},{"type":"Feature","properties":{"name":"Amarillo","rank":1,"capital":0},"geometry":{"type":"Point","coordinates":[-101.83,35.23]}},{"type":"Feature","properties":{"name":"El Paso","rank":1,"capital":0},"geometry":{"type":"Point","coordinates":[-106.512,31.782]}},{"type":"Feature","properties":{"name":"Laredo","rank":1,"capital":0},"geometry":{"type":"Point","coordinates":[-99.507,27.506]}},{"type":"Feature","properties":{"name":"Burlington","rank":1,"capital":0},"geometry":{"type":"Point","coordinates":[-73.212,44.476]}},{"type":"Feature","properties":{"name":"Montgomery","rank":1,"capital":0},"geometry":{"type":"Point","coordinates":[-86.279,32.362]}},{"type":"Feature","properties":{"name":"Tallahassee","rank":1,"capital":0},"geometry":{"type":"Point","coordinates":[-84.28,30.45]}},{"type":"Feature","properties":{"name":"Orlando","rank":1,"capital":0},"geometry":{"type":"Point","coordinates":[-81.382,28.512]}},{"type":"Feature","properties":{"name":"Jacksonville","rank":1,"capital":0},"geometry":{"type":"Point","coordinates":[-81.672,30.332]}},{"type":"Feature","properties":{"name":"Savannah","rank":1,"capital":0},"geometry":{"type":"Point","coordinates":[-81.11,32.021]}},{"type":"Feature","properties":{"name":"Columbia","rank":1,"capital":0},"geometry":{"type":"Point","coordinates":[-81.031,33.997]}},{"type":"Feature","properties":{"name":"Indianapolis","rank":1,"capital":0},"geometry":{"type":"Point","coordinates":[-86.172,39.752]}},{"type":"Feature","properties":{"name":"Wilmington","rank":1,"capital":0},"geometry":{"type":"Point","coordinates":[-77.945,34.226]}},{"type":"Feature","properties":{"name":"Knoxville","rank":1,"capital":0},"geometry":{"type":"Point","coordinates":[-83.92,35.97]}},{"type":"Feature","properties":{"name":"Richmond","rank":1,"capital":0},"geometry":{"type":"Point","coordinates":[-77.452,37.552]}},{"type":"Feature","properties":{"name":"Charleston","rank":1,"capital":0},"geometry":{"type":"Point","coordinates":[-81.633,38.35]}},{"type":"Feature","properties":{"name":"Baltimore","rank":1,"capital":0},"geometry":{"type":"Point","coordinates":[-76.615,39.282]}},{"type":"Feature","properties":{"name":"Syracuse","rank":1,"capital":0},"geometry":{"type":"Point","coordinates":[-76.15,43.05]}},{"type":"Feature","properties":{"name":"Augusta","rank":1,"capital":0},"geometry":{"type":"Point","coordinates":[-69.78,44.311]}},{"type":"Feature","properties":{"name":"Sault Ste. Marie","rank":1,"capital":0},"geometry":{"type":"Point","coordinates":[-84.345,46.495]}},{"type":"Feature","properties":{"name":"Sitka","rank":1,"capital":0},"geometry":{"type":"Point","coordinates":[-135.328,57.06]}},{"type":"Feature","properties":{"name":"Ternate","rank":1,"capital":0},"geometry":{"type":"Point","coordinates":[127.363,0.793]}},{"type":"Feature","properties":{"name":"Ambon","rank":1,"capital":0},"geometry":{"type":"Point","coordinates":[128.2,-3.717]}},{"type":"Feature","properties":{"name":"Raba","rank":1,"capital":0},"geometry":{"type":"Point","coordinates":[118.767,-8.45]}},{"type":"Feature","properties":{"name":"Jayapura","rank":1,"capital":0},"geometry":{"type":"Point","coordinates":[140.7,-2.533]}},{"type":"Feature","properties":{"name":"Banda Aceh","rank":1,"capital":0},"geometry":{"type":"Point","coordinates":[95.32,5.55]}},{"type":"Feature","properties":{"name":"Zhangye","rank":1,"capital":0},"geometry":{"type":"Point","coordinates":[100.45,38.93]}},{"type":"Feature","properties":{"name":"Wuwei","rank":1,"capital":0},"geometry":{"type":"Point","coordinates":[102.641,37.928]}},{"type":"Feature","properties":{"name":"Dunhuang","rank":1,"capital":0},"geometry":{"type":"Point","coordinates":[94.662,40.143]}},{"type":"Feature","properties":{"name":"Tianshui","rank":1,"capital":0},"geometry":{"type":"Point","coordinates":[105.918,34.602]}},{"type":"Feature","properties":{"name":"Dulan","rank":1,"capital":0},"geometry":{"type":"Point","coordinates":[98.267,36.167]}},{"type":"Feature","properties":{"name":"Golmud","rank":1,"capital":0},"geometry":{"type":"Point","coordinates":[94.883,36.417]}},{"type":"Feature","properties":{"name":"Yulin","rank":1,"capital":0},"geometry":{"type":"Point","coordinates":[110.148,22.632]}},{"type":"Feature","properties":{"name":"Bose","rank":1,"capital":0},"geometry":{"type":"Point","coordinates":[106.613,23.9]}},{"type":"Feature","properties":{"name":"Wuzhou","rank":1,"capital":0},"geometry":{"type":"Point","coordinates":[111.32,23.48]}},{"type":"Feature","properties":{"name":"Liupanshui","rank":1,"capital":0},"geometry":{"type":"Point","coordinates":[104.831,26.596]}},{"type":"Feature","properties":{"name":"Quanzhou","rank":1,"capital":0},"geometry":{"type":"Point","coordinates":[118.578,24.902]}},{"type":"Feature","properties":{"name":"Hefei","rank":1,"capital":0},"geometry":{"type":"Point","coordinates":[117.278,31.852]}},{"type":"Feature","properties":{"name":"Suzhou","rank":1,"capital":0},"geometry":{"type":"Point","coordinates":[116.977,33.638]}},{"type":"Feature","properties":{"name":"Zhanjiang","rank":1,"capital":0},"geometry":{"type":"Point","coordinates":[110.378,21.202]}},{"type":"Feature","properties":{"name":"Shaoguan","rank":1,"capital":0},"geometry":{"type":"Point","coordinates":[113.58,24.8]}},{"type":"Feature","properties":{"name":"Balikpapan","rank":1,"capital":0},"geometry":{"type":"Point","coordinates":[116.83,-1.25]}},{"type":"Feature","properties":{"name":"Surakarta","rank":1,"capital":0},"geometry":{"type":"Point","coordinates":[110.825,-7.565]}},{"type":"Feature","properties":{"name":"Bandar Lampung","rank":1,"capital":0},"geometry":{"type":"Point","coordinates":[105.268,-5.428]}},{"type":"Feature","properties":{"name":"Tanjung Pandan","rank":1,"capital":0},"geometry":{"type":"Point","coordinates":[107.65,-2.75]}},{"type":"Feature","properties":{"name":"Malang","rank":1,"capital":0},"geometry":{"type":"Point","coordinates":[112.608,-7.978]}},{"type":"Feature","properties":{"name":"Kupang","rank":1,"capital":0},"geometry":{"type":"Point","coordinates":[123.583,-10.179]}},{"type":"Feature","properties":{"name":"Parepare","rank":1,"capital":0},"geometry":{"type":"Point","coordinates":[119.633,-4.017]}},{"type":"Feature","properties":{"name":"Xigaze","rank":1,"capital":0},"geometry":{"type":"Point","coordinates":[88.883,29.25]}},{"type":"Feature","properties":{"name":"Shache","rank":1,"capital":0},"geometry":{"type":"Point","coordinates":[77.25,38.426]}},{"type":"Feature","properties":{"name":"Yining","rank":1,"capital":0},"geometry":{"type":"Point","coordinates":[81.35,43.9]}},{"type":"Feature","properties":{"name":"Altay","rank":1,"capital":0},"geometry":{"type":"Point","coordinates":[88.117,47.867]}},{"type":"Feature","properties":{"name":"Shizuishan","rank":1,"capital":0},"geometry":{"type":"Point","coordinates":[106.769,39.233]}},{"type":"Feature","properties":{"name":"Yulin","rank":1,"capital":0},"geometry":{"type":"Point","coordinates":[109.733,38.283]}},{"type":"Feature","properties":{"name":"Ankang","rank":1,"capital":0},"geometry":{"type":"Point","coordinates":[109.02,32.68]}},{"type":"Feature","properties":{"name":"Houma","rank":1,"capital":0},"geometry":{"type":"Point","coordinates":[111.21,35.62]}},{"type":"Feature","properties":{"name":"Yueyang","rank":1,"capital":0},"geometry":{"type":"Point","coordinates":[113.098,29.382]}},{"type":"Feature","properties":{"name":"Hengyang","rank":1,"capital":0},"geometry":{"type":"Point","coordinates":[112.588,26.882]}},{"type":"Feature","properties":{"name":"Mianyang","rank":1,"capital":0},"geometry":{"type":"Point","coordinates":[104.69,31.465]}},{"type":"Feature","properties":{"name":"Xichang","rank":1,"capital":0},"geometry":{"type":"Point","coordinates":[102.3,27.88]}},{"type":"Feature","properties":{"name":"Baoshan","rank":1,"capital":0},"geometry":{"type":"Point","coordinates":[99.15,25.12]}},{"type":"Feature","properties":{"name":"Gejiu","rank":1,"capital":0},"geometry":{"type":"Point","coordinates":[103.15,23.38]}},{"type":"Feature","properties":{"name":"Shijiazhuang","rank":1,"capital":0},"geometry":{"type":"Point","coordinates":[114.478,38.052]}},{"type":"Feature","properties":{"name":"Handan","rank":1,"capital":0},"geometry":{"type":"Point","coordinates":[114.478,36.582]}},{"type":"Feature","properties":{"name":"Anshan","rank":1,"capital":0},"geometry":{"type":"Point","coordinates":[122.938,41.117]}},{"type":"Feature","properties":{"name":"Dalian","rank":1,"capital":0},"geometry":{"type":"Point","coordinates":[121.628,38.925]}},{"type":"Feature","properties":{"name":"Qingdao","rank":1,"capital":0},"geometry":{"type":"Point","coordinates":[120.328,36.092]}},{"type":"Feature","properties":{"name":"Linyi","rank":1,"capital":0},"geometry":{"type":"Point","coordinates":[118.328,35.082]}},{"type":"Feature","properties":{"name":"Huaiyin","rank":1,"capital":0},"geometry":{"type":"Point","coordinates":[119.066,33.585]}},{"type":"Feature","properties":{"name":"Wenzhou","rank":1,"capital":0},"geometry":{"type":"Point","coordinates":[120.648,28.022]}},{"type":"Feature","properties":{"name":"Ningbo","rank":1,"capital":0},"geometry":{"type":"Point","coordinates":[121.548,29.882]}},{"type":"Feature","properties":{"name":"Gorontalo","rank":1,"capital":0},"geometry":{"type":"Point","coordinates":[123.07,0.55]}},{"type":"Feature","properties":{"name":"Tongliao","rank":1,"capital":0},"geometry":{"type":"Point","coordinates":[122.268,43.622]}},{"type":"Feature","properties":{"name":"Hohhot","rank":1,"capital":0},"geometry":{"type":"Point","coordinates":[111.658,40.822]}},{"type":"Feature","properties":{"name":"Chifeng","rank":1,"capital":0},"geometry":{"type":"Point","coordinates":[118.948,42.272]}},{"type":"Feature","properties":{"name":"Ulan Hot","rank":1,"capital":0},"geometry":{"type":"Point","coordinates":[122.08,46.08]}},{"type":"Feature","properties":{"name":"Hailar","rank":1,"capital":0},"geometry":{"type":"Point","coordinates":[119.7,49.2]}},{"type":"Feature","properties":{"name":"Jiamusi","rank":1,"capital":0},"geometry":{"type":"Point","coordinates":[130.348,46.832]}},{"type":"Feature","properties":{"name":"Bei'an","rank":1,"capital":0},"geometry":{"type":"Point","coordinates":[126.529,48.246]}},{"type":"Feature","properties":{"name":"Daqing","rank":1,"capital":0},"geometry":{"type":"Point","coordinates":[124.998,46.582]}},{"type":"Feature","properties":{"name":"Jixi","rank":1,"capital":0},"geometry":{"type":"Point","coordinates":[130.968,45.302]}},{"type":"Feature","properties":{"name":"Faridabad","rank":1,"capital":0},"geometry":{"type":"Point","coordinates":[77.315,28.435]}},{"type":"Feature","properties":{"name":"Srinagar","rank":1,"capital":0},"geometry":{"type":"Point","coordinates":[74.828,34.069]}},{"type":"Feature","properties":{"name":"Vijayawada","rank":1,"capital":0},"geometry":{"type":"Point","coordinates":[80.628,16.522]}},{"type":"Feature","properties":{"name":"Thiruvananthapuram","rank":1,"capital":0},"geometry":{"type":"Point","coordinates":[76.925,8.516]}},{"type":"Feature","properties":{"name":"Kochi","rank":1,"capital":0},"geometry":{"type":"Point","coordinates":[76.222,10.017]}},{"type":"Feature","properties":{"name":"Cuttack","rank":1,"capital":0},"geometry":{"type":"Point","coordinates":[85.89,20.47]}},{"type":"Feature","properties":{"name":"Hubballi","rank":1,"capital":0},"geometry":{"type":"Point","coordinates":[75.123,15.362]}},{"type":"Feature","properties":{"name":"Mangaluru","rank":1,"capital":0},"geometry":{"type":"Point","coordinates":[74.85,12.9]}},{"type":"Feature","properties":{"name":"Mysuru","rank":1,"capital":0},"geometry":{"type":"Point","coordinates":[76.658,12.312]}},{"type":"Feature","properties":{"name":"Kalaburagi","rank":1,"capital":0},"geometry":{"type":"Point","coordinates":[76.82,17.35]}},{"type":"Feature","properties":{"name":"Kolhapur","rank":1,"capital":0},"geometry":{"type":"Point","coordinates":[74.22,16.7]}},{"type":"Feature","properties":{"name":"Nanded","rank":1,"capital":0},"geometry":{"type":"Point","coordinates":[77.308,19.197]}},{"type":"Feature","properties":{"name":"Akola","rank":1,"capital":0},"geometry":{"type":"Point","coordinates":[77.01,20.71]}},{"type":"Feature","properties":{"name":"Guwahati","rank":1,"capital":0},"geometry":{"type":"Point","coordinates":[91.768,26.162]}},{"type":"Feature","properties":{"name":"Ludhiana","rank":1,"capital":0},"geometry":{"type":"Point","coordinates":[75.87,30.93]}},{"type":"Feature","properties":{"name":"Kota","rank":1,"capital":0},"geometry":{"type":"Point","coordinates":[75.833,25.182]}},{"type":"Feature","properties":{"name":"Jodhpur","rank":1,"capital":0},"geometry":{"type":"Point","coordinates":[73.015,26.294]}},{"type":"Feature","properties":{"name":"Lucknow","rank":1,"capital":0},"geometry":{"type":"Point","coordinates":[80.913,26.857]}},{"type":"Feature","properties":{"name":"Saharanpur","rank":1,"capital":0},"geometry":{"type":"Point","coordinates":[77.55,29.97]}},{"type":"Feature","properties":{"name":"Ranchi","rank":1,"capital":0},"geometry":{"type":"Point","coordinates":[85.328,23.372]}},{"type":"Feature","properties":{"name":"Bhagalpur","rank":1,"capital":0},"geometry":{"type":"Point","coordinates":[86.98,25.23]}},{"type":"Feature","properties":{"name":"Raipur","rank":1,"capital":0},"geometry":{"type":"Point","coordinates":[81.633,21.237]}},{"type":"Feature","properties":{"name":"Jabalpur","rank":1,"capital":0},"geometry":{"type":"Point","coordinates":[79.953,23.177]}},{"type":"Feature","properties":{"name":"Indore","rank":1,"capital":0},"geometry":{"type":"Point","coordinates":[75.863,22.717]}},{"type":"Feature","properties":{"name":"Puducherry","rank":1,"capital":0},"geometry":{"type":"Point","coordinates":[79.83,11.935]}},{"type":"Feature","properties":{"name":"Salem","rank":1,"capital":0},"geometry":{"type":"Point","coordinates":[78.178,11.672]}},{"type":"Feature","properties":{"name":"Tiruchirappalli","rank":1,"capital":0},"geometry":{"type":"Point","coordinates":[78.688,10.801]}},{"type":"Feature","properties":{"name":"Rio Branco","rank":1,"capital":0},"geometry":{"type":"Point","coordinates":[-67.8,-9.967]}},{"type":"Feature","properties":{"name":"S\u00e3o Lu\u00eds","rank":1,"capital":0},"geometry":{"type":"Point","coordinates":[-44.268,-2.514]}},{"type":"Feature","properties":{"name":"Porto Velho","rank":1,"capital":0},"geometry":{"type":"Point","coordinates":[-63.9,-8.75]}},{"type":"Feature","properties":{"name":"Alvorada","rank":1,"capital":0},"geometry":{"type":"Point","coordinates":[-49.082,-12.47]}},{"type":"Feature","properties":{"name":"Corumb\u00e1","rank":1,"capital":0},"geometry":{"type":"Point","coordinates":[-57.65,-19.016]}},{"type":"Feature","properties":{"name":"Belo Horizonte","rank":1,"capital":0},"geometry":{"type":"Point","coordinates":[-43.917,-19.913]}},{"type":"Feature","properties":{"name":"Montes Claros","rank":1,"capital":0},"geometry":{"type":"Point","coordinates":[-43.86,-16.72]}},{"type":"Feature","properties":{"name":"Uberl\u00e2ndia","rank":1,"capital":0},"geometry":{"type":"Point","coordinates":[-48.28,-18.9]}},{"type":"Feature","properties":{"name":"Col\u00edder","rank":1,"capital":0},"geometry":{"type":"Point","coordinates":[-55.451,-10.817]}},{"type":"Feature","properties":{"name":"Alta Floresta","rank":1,"capital":0},"geometry":{"type":"Point","coordinates":[-55.91,-9.9]}},{"type":"Feature","properties":{"name":"Cuiab\u00e1","rank":1,"capital":0},"geometry":{"type":"Point","coordinates":[-56.087,-15.568]}},{"type":"Feature","properties":{"name":"Pelotas","rank":1,"capital":0},"geometry":{"type":"Point","coordinates":[-52.33,-31.75]}},{"type":"Feature","properties":{"name":"Caxias do Sul","rank":1,"capital":0},"geometry":{"type":"Point","coordinates":[-51.17,-29.18]}},{"type":"Feature","properties":{"name":"Ponta Grossa","rank":1,"capital":0},"geometry":{"type":"Point","coordinates":[-50.16,-25.09]}},{"type":"Feature","properties":{"name":"Teresina","rank":1,"capital":0},"geometry":{"type":"Point","coordinates":[-42.782,-5.093]}},{"type":"Feature","properties":{"name":"Macei\u00f3","rank":1,"capital":0},"geometry":{"type":"Point","coordinates":[-35.732,-9.618]}},{"type":"Feature","properties":{"name":"Vit\u00f3ria da Conquista","rank":1,"capital":0},"geometry":{"type":"Point","coordinates":[-40.84,-14.85]}},{"type":"Feature","properties":{"name":"Barreiras","rank":1,"capital":0},"geometry":{"type":"Point","coordinates":[-45.0,-12.14]}},{"type":"Feature","properties":{"name":"Vila Velha","rank":1,"capital":0},"geometry":{"type":"Point","coordinates":[-40.29,-20.338]}},{"type":"Feature","properties":{"name":"Natal","rank":1,"capital":0},"geometry":{"type":"Point","coordinates":[-35.242,-5.778]}},{"type":"Feature","properties":{"name":"Campinas","rank":1,"capital":0},"geometry":{"type":"Point","coordinates":[-47.056,-22.908]}},{"type":"Feature","properties":{"name":"Sorocaba","rank":1,"capital":0},"geometry":{"type":"Point","coordinates":[-47.47,-23.49]}},{"type":"Feature","properties":{"name":"Ribeir\u00e3o Preto","rank":1,"capital":0},"geometry":{"type":"Point","coordinates":[-47.83,-21.17]}},{"type":"Feature","properties":{"name":"Petrolina","rank":1,"capital":0},"geometry":{"type":"Point","coordinates":[-40.51,-9.38]}},{"type":"Feature","properties":{"name":"Kozhikode","rank":1,"capital":0},"geometry":{"type":"Point","coordinates":[75.768,11.252]}},{"type":"Feature","properties":{"name":"Bhubaneswar","rank":1,"capital":0},"geometry":{"type":"Point","coordinates":[85.825,20.272]}},{"type":"Feature","properties":{"name":"Jamshedpur","rank":1,"capital":0},"geometry":{"type":"Point","coordinates":[86.196,22.789]}},{"type":"Feature","properties":{"name":"Helena","rank":1,"capital":0},"geometry":{"type":"Point","coordinates":[-112.035,46.593]}},{"type":"Feature","properties":{"name":"Bismarck","rank":1,"capital":0},"geometry":{"type":"Point","coordinates":[-100.783,46.808]}},{"type":"Feature","properties":{"name":"Boise","rank":1,"capital":0},"geometry":{"type":"Point","coordinates":[-116.227,43.609]}},{"type":"Feature","properties":{"name":"San Jose","rank":1,"capital":0},"geometry":{"type":"Point","coordinates":[-121.888,37.331]}},{"type":"Feature","properties":{"name":"Sacramento","rank":1,"capital":0},"geometry":{"type":"Point","coordinates":[-121.472,38.577]}},{"type":"Feature","properties":{"name":"Las Vegas","rank":1,"capital":0},"geometry":{"type":"Point","coordinates":[-115.151,36.165]}},{"type":"Feature","properties":{"name":"Santa Fe","rank":1,"capital":0},"geometry":{"type":"Point","coordinates":[-105.937,35.687]}},{"type":"Feature","properties":{"name":"Portland","rank":1,"capital":0},"geometry":{"type":"Point","coordinates":[-122.682,45.522]}},{"type":"Feature","properties":{"name":"Salt Lake City","rank":1,"capital":0},"geometry":{"type":"Point","coordinates":[-111.932,40.777]}},{"type":"Feature","properties":{"name":"Cheyenne","rank":1,"capital":0},"geometry":{"type":"Point","coordinates":[-104.82,41.14]}},{"type":"Feature","properties":{"name":"Des Moines","rank":1,"capital":0},"geometry":{"type":"Point","coordinates":[-93.62,41.58]}},{"type":"Feature","properties":{"name":"Omaha","rank":1,"capital":0},"geometry":{"type":"Point","coordinates":[-96.01,41.24]}},{"type":"Feature","properties":{"name":"Oklahoma City","rank":1,"capital":0},"geometry":{"type":"Point","coordinates":[-97.521,35.472]}},{"type":"Feature","properties":{"name":"Pierre","rank":1,"capital":0},"geometry":{"type":"Point","coordinates":[-100.351,44.368]}},{"type":"Feature","properties":{"name":"San Antonio","rank":1,"capital":0},"geometry":{"type":"Point","coordinates":[-98.493,29.42]}},{"type":"Feature","properties":{"name":"Jackson","rank":1,"capital":0},"geometry":{"type":"Point","coordinates":[-90.185,32.299]}},{"type":"Feature","properties":{"name":"Raleigh","rank":1,"capital":0},"geometry":{"type":"Point","coordinates":[-78.647,35.773]}},{"type":"Feature","properties":{"name":"Cleveland","rank":1,"capital":0},"geometry":{"type":"Point","coordinates":[-81.697,41.472]}},{"type":"Feature","properties":{"name":"Cincinnati","rank":1,"capital":0},"geometry":{"type":"Point","coordinates":[-84.459,39.164]}},{"type":"Feature","properties":{"name":"Nashville","rank":1,"capital":0},"geometry":{"type":"Point","coordinates":[-86.782,36.172]}},{"type":"Feature","properties":{"name":"Memphis","rank":1,"capital":0},"geometry":{"type":"Point","coordinates":[-90.029,35.145]}},{"type":"Feature","properties":{"name":"Norfolk","rank":1,"capital":0},"geometry":{"type":"Point","coordinates":[-76.28,36.85]}},{"type":"Feature","properties":{"name":"Milwaukee","rank":1,"capital":0},"geometry":{"type":"Point","coordinates":[-87.917,43.03]}},{"type":"Feature","properties":{"name":"Buffalo","rank":1,"capital":0},"geometry":{"type":"Point","coordinates":[-78.882,42.882]}},{"type":"Feature","properties":{"name":"Pittsburgh","rank":1,"capital":0},"geometry":{"type":"Point","coordinates":[-80.002,40.432]}},{"type":"Feature","properties":{"name":"Kodiak","rank":1,"capital":0},"geometry":{"type":"Point","coordinates":[-152.407,57.79]}},{"type":"Feature","properties":{"name":"Cold Bay","rank":1,"capital":0},"geometry":{"type":"Point","coordinates":[-162.715,55.2]}},{"type":"Feature","properties":{"name":"Bethel","rank":1,"capital":0},"geometry":{"type":"Point","coordinates":[-161.756,60.793]}},{"type":"Feature","properties":{"name":"Point Hope","rank":1,"capital":0},"geometry":{"type":"Point","coordinates":[-166.808,68.348]}},{"type":"Feature","properties":{"name":"Utqia\u0121vik","rank":1,"capital":0},"geometry":{"type":"Point","coordinates":[-156.789,71.291]}},{"type":"Feature","properties":{"name":"Nome","rank":1,"capital":0},"geometry":{"type":"Point","coordinates":[-165.406,64.506]}},{"type":"Feature","properties":{"name":"Valdez","rank":1,"capital":0},"geometry":{"type":"Point","coordinates":[-146.348,61.136]}},{"type":"Feature","properties":{"name":"Juneau","rank":1,"capital":0},"geometry":{"type":"Point","coordinates":[-134.401,58.303]}},{"type":"Feature","properties":{"name":"Fairbanks","rank":1,"capital":0},"geometry":{"type":"Point","coordinates":[-147.711,64.837]}},{"type":"Feature","properties":{"name":"Prudhoe Bay","rank":1,"capital":0},"geometry":{"type":"Point","coordinates":[-148.669,70.292]}},{"type":"Feature","properties":{"name":"Padang","rank":1,"capital":0},"geometry":{"type":"Point","coordinates":[100.358,-0.958]}},{"type":"Feature","properties":{"name":"Jiayuguan","rank":1,"capital":0},"geometry":{"type":"Point","coordinates":[98.3,39.82]}},{"type":"Feature","properties":{"name":"Xining","rank":1,"capital":0},"geometry":{"type":"Point","coordinates":[101.768,36.622]}},{"type":"Feature","properties":{"name":"Guilin","rank":1,"capital":0},"geometry":{"type":"Point","coordinates":[110.278,25.282]}},{"type":"Feature","properties":{"name":"Huainan","rank":1,"capital":0},"geometry":{"type":"Point","coordinates":[116.978,32.632]}},{"type":"Feature","properties":{"name":"Shantou","rank":1,"capital":0},"geometry":{"type":"Point","coordinates":[116.668,23.372]}},{"type":"Feature","properties":{"name":"Tarakan","rank":1,"capital":0},"geometry":{"type":"Point","coordinates":[117.633,3.3]}},{"type":"Feature","properties":{"name":"Semarang","rank":1,"capital":0},"geometry":{"type":"Point","coordinates":[110.418,-6.965]}},{"type":"Feature","properties":{"name":"Palembang","rank":1,"capital":0},"geometry":{"type":"Point","coordinates":[104.748,-2.978]}},{"type":"Feature","properties":{"name":"Bandjarmasin","rank":1,"capital":0},"geometry":{"type":"Point","coordinates":[114.58,-3.33]}},{"type":"Feature","properties":{"name":"Makassar","rank":1,"capital":0},"geometry":{"type":"Point","coordinates":[119.43,-5.138]}},{"type":"Feature","properties":{"name":"Lhasa","rank":1,"capital":0},"geometry":{"type":"Point","coordinates":[91.1,29.645]}},{"type":"Feature","properties":{"name":"Hami","rank":1,"capital":0},"geometry":{"type":"Point","coordinates":[93.515,42.827]}},{"type":"Feature","properties":{"name":"Hotan","rank":1,"capital":0},"geometry":{"type":"Point","coordinates":[79.927,37.1]}},{"type":"Feature","properties":{"name":"Kashgar","rank":1,"capital":0},"geometry":{"type":"Point","coordinates":[75.97,39.476]}},{"type":"Feature","properties":{"name":"Yinchuan","rank":1,"capital":0},"geometry":{"type":"Point","coordinates":[106.271,38.47]}},{"type":"Feature","properties":{"name":"Pingxiang","rank":1,"capital":0},"geometry":{"type":"Point","coordinates":[113.848,27.622]}},{"type":"Feature","properties":{"name":"Qiqihar","rank":1,"capital":0},"geometry":{"type":"Point","coordinates":[123.988,47.347]}},{"type":"Feature","properties":{"name":"Vishakhapatnam","rank":1,"capital":0},"geometry":{"type":"Point","coordinates":[83.22,17.683]}},{"type":"Feature","properties":{"name":"Amritsar","rank":1,"capital":0},"geometry":{"type":"Point","coordinates":[74.868,31.642]}},{"type":"Feature","properties":{"name":"Varanasi","rank":1,"capital":0},"geometry":{"type":"Point","coordinates":[82.998,25.332]}},{"type":"Feature","properties":{"name":"Asansol","rank":1,"capital":0},"geometry":{"type":"Point","coordinates":[86.981,23.685]}},{"type":"Feature","properties":{"name":"Bhilai","rank":1,"capital":0},"geometry":{"type":"Point","coordinates":[81.372,21.211]}},{"type":"Feature","properties":{"name":"Bhopal","rank":1,"capital":0},"geometry":{"type":"Point","coordinates":[77.408,23.252]}},{"type":"Feature","properties":{"name":"Madurai","rank":1,"capital":0},"geometry":{"type":"Point","coordinates":[78.118,9.922]}},{"type":"Feature","properties":{"name":"Coimbatore","rank":1,"capital":0},"geometry":{"type":"Point","coordinates":[76.948,11.002]}},{"type":"Feature","properties":{"name":"Cruzeiro do Sul","rank":1,"capital":0},"geometry":{"type":"Point","coordinates":[-72.67,-7.63]}},{"type":"Feature","properties":{"name":"Leticia","rank":1,"capital":0},"geometry":{"type":"Point","coordinates":[-69.955,-4.201]}},{"type":"Feature","properties":{"name":"Manaus","rank":1,"capital":0},"geometry":{"type":"Point","coordinates":[-60.002,-3.098]}},{"type":"Feature","properties":{"name":"Caxias","rank":1,"capital":0},"geometry":{"type":"Point","coordinates":[-43.35,-4.833]}},{"type":"Feature","properties":{"name":"Santar\u00e9m","rank":1,"capital":0},"geometry":{"type":"Point","coordinates":[-54.7,-2.433]}},{"type":"Feature","properties":{"name":"Marab\u00e1","rank":1,"capital":0},"geometry":{"type":"Point","coordinates":[-49.116,-5.35]}},{"type":"Feature","properties":{"name":"Vilhena","rank":1,"capital":0},"geometry":{"type":"Point","coordinates":[-60.117,-12.717]}},{"type":"Feature","properties":{"name":"Ji-Paran\u00e1","rank":1,"capital":0},"geometry":{"type":"Point","coordinates":[-61.967,-10.833]}},{"type":"Feature","properties":{"name":"Campo Grande","rank":1,"capital":0},"geometry":{"type":"Point","coordinates":[-54.619,-20.448]}},{"type":"Feature","properties":{"name":"Florian\u00f3polis","rank":1,"capital":0},"geometry":{"type":"Point","coordinates":[-48.522,-27.578]}},{"type":"Feature","properties":{"name":"Feira de Santana","rank":1,"capital":0},"geometry":{"type":"Point","coordinates":[-38.97,-12.25]}},{"type":"Feature","properties":{"name":"Boa Vista","rank":1,"capital":0},"geometry":{"type":"Point","coordinates":[-60.666,2.816]}},{"type":"Feature","properties":{"name":"Macap\u00e1","rank":1,"capital":0},"geometry":{"type":"Point","coordinates":[-51.05,0.033]}},{"type":"Feature","properties":{"name":"Shenzhen","rank":1,"capital":0},"geometry":{"type":"Point","coordinates":[114.061,22.548]}},{"type":"Feature","properties":{"name":"Zibo","rank":1,"capital":0},"geometry":{"type":"Point","coordinates":[117.996,36.821]}},{"type":"Feature","properties":{"name":"Minneapolis","rank":1,"capital":0},"geometry":{"type":"Point","coordinates":[-93.254,44.982]}},{"type":"Feature","properties":{"name":"Honolulu","rank":1,"capital":0},"geometry":{"type":"Point","coordinates":[-157.858,21.303]}},{"type":"Feature","properties":{"name":"Seattle","rank":1,"capital":0},"geometry":{"type":"Point","coordinates":[-122.315,47.6]}},{"type":"Feature","properties":{"name":"Phoenix","rank":1,"capital":0},"geometry":{"type":"Point","coordinates":[-112.067,33.448]}},{"type":"Feature","properties":{"name":"San Diego","rank":1,"capital":0},"geometry":{"type":"Point","coordinates":[-117.151,32.719]}},{"type":"Feature","properties":{"name":"St. Louis","rank":1,"capital":0},"geometry":{"type":"Point","coordinates":[-90.242,38.637]}},{"type":"Feature","properties":{"name":"New Orleans","rank":1,"capital":0},"geometry":{"type":"Point","coordinates":[-90.088,29.969]}},{"type":"Feature","properties":{"name":"Dallas","rank":1,"capital":0},"geometry":{"type":"Point","coordinates":[-96.795,32.772]}},{"type":"Feature","properties":{"name":"Boston","rank":1,"capital":0},"geometry":{"type":"Point","coordinates":[-71.072,42.332]}},{"type":"Feature","properties":{"name":"Tampa","rank":1,"capital":0},"geometry":{"type":"Point","coordinates":[-82.461,27.949]}},{"type":"Feature","properties":{"name":"Philadelphia","rank":1,"capital":0},"geometry":{"type":"Point","coordinates":[-75.18,39.946]}},{"type":"Feature","properties":{"name":"Detroit","rank":1,"capital":0},"geometry":{"type":"Point","coordinates":[-83.051,42.334]}},{"type":"Feature","properties":{"name":"Anchorage","rank":1,"capital":0},"geometry":{"type":"Point","coordinates":[-149.887,61.214]}},{"type":"Feature","properties":{"name":"Medan","rank":1,"capital":0},"geometry":{"type":"Point","coordinates":[98.648,3.582]}},{"type":"Feature","properties":{"name":"Lanzhou","rank":1,"capital":0},"geometry":{"type":"Point","coordinates":[103.79,36.058]}},{"type":"Feature","properties":{"name":"Nanning","rank":1,"capital":0},"geometry":{"type":"Point","coordinates":[108.318,22.822]}},{"type":"Feature","properties":{"name":"Guiyang","rank":1,"capital":0},"geometry":{"type":"Point","coordinates":[106.718,26.582]}},{"type":"Feature","properties":{"name":"Chongqing","rank":1,"capital":0},"geometry":{"type":"Point","coordinates":[106.593,29.567]}},{"type":"Feature","properties":{"name":"Fuzhou","rank":1,"capital":0},"geometry":{"type":"Point","coordinates":[119.298,26.082]}},{"type":"Feature","properties":{"name":"Guangzhou","rank":1,"capital":0},"geometry":{"type":"Point","coordinates":[113.262,23.125]}},{"type":"Feature","properties":{"name":"Dongguan","rank":1,"capital":0},"geometry":{"type":"Point","coordinates":[113.75,23.022]}},{"type":"Feature","properties":{"name":"Bandung","rank":1,"capital":0},"geometry":{"type":"Point","coordinates":[107.568,-6.948]}},{"type":"Feature","properties":{"name":"Surabaya","rank":1,"capital":0},"geometry":{"type":"Point","coordinates":[112.749,-7.247]}},{"type":"Feature","properties":{"name":"Xian","rank":1,"capital":0},"geometry":{"type":"Point","coordinates":[108.893,34.277]}},{"type":"Feature","properties":{"name":"Taiyuan","rank":1,"capital":0},"geometry":{"type":"Point","coordinates":[112.543,37.877]}},{"type":"Feature","properties":{"name":"Wuhan","rank":1,"capital":0},"geometry":{"type":"Point","coordinates":[114.268,30.582]}},{"type":"Feature","properties":{"name":"Changsha","rank":1,"capital":0},"geometry":{"type":"Point","coordinates":[112.968,28.202]}},{"type":"Feature","properties":{"name":"Kunming","rank":1,"capital":0},"geometry":{"type":"Point","coordinates":[102.697,25.043]}},{"type":"Feature","properties":{"name":"Zhengzhou","rank":1,"capital":0},"geometry":{"type":"Point","coordinates":[113.663,34.757]}},{"type":"Feature","properties":{"name":"Shenyeng","rank":1,"capital":0},"geometry":{"type":"Point","coordinates":[123.448,41.807]}},{"type":"Feature","properties":{"name":"Jinan","rank":1,"capital":0},"geometry":{"type":"Point","coordinates":[116.993,36.677]}},{"type":"Feature","properties":{"name":"Tianjin","rank":1,"capital":0},"geometry":{"type":"Point","coordinates":[117.197,39.083]}},{"type":"Feature","properties":{"name":"Nanchang","rank":1,"capital":0},"geometry":{"type":"Point","coordinates":[115.878,28.682]}},{"type":"Feature","properties":{"name":"Nanjing","rank":1,"capital":0},"geometry":{"type":"Point","coordinates":[118.778,32.052]}},{"type":"Feature","properties":{"name":"Hangzhou","rank":1,"capital":0},"geometry":{"type":"Point","coordinates":[120.168,30.252]}},{"type":"Feature","properties":{"name":"Changchun","rank":1,"capital":0},"geometry":{"type":"Point","coordinates":[125.338,43.867]}},{"type":"Feature","properties":{"name":"Baotou","rank":1,"capital":0},"geometry":{"type":"Point","coordinates":[109.82,40.654]}},{"type":"Feature","properties":{"name":"Harbin","rank":1,"capital":0},"geometry":{"type":"Point","coordinates":[126.648,45.752]}},{"type":"Feature","properties":{"name":"Delhi","rank":1,"capital":0},"geometry":{"type":"Point","coordinates":[77.228,28.672]}},{"type":"Feature","properties":{"name":"Hyderabad","rank":1,"capital":0},"geometry":{"type":"Point","coordinates":[78.478,17.402]}},{"type":"Feature","properties":{"name":"Pune","rank":1,"capital":0},"geometry":{"type":"Point","coordinates":[73.852,18.516]}},{"type":"Feature","properties":{"name":"Nagpur","rank":1,"capital":0},"geometry":{"type":"Point","coordinates":[79.088,21.172]}},{"type":"Feature","properties":{"name":"Jaipur","rank":1,"capital":0},"geometry":{"type":"Point","coordinates":[75.808,26.923]}},{"type":"Feature","properties":{"name":"Kanpur","rank":1,"capital":0},"geometry":{"type":"Point","coordinates":[80.318,26.462]}},{"type":"Feature","properties":{"name":"Patna","rank":1,"capital":0},"geometry":{"type":"Point","coordinates":[85.128,25.627]}},{"type":"Feature","properties":{"name":"Chennai","rank":1,"capital":0},"geometry":{"type":"Point","coordinates":[80.278,13.092]}},{"type":"Feature","properties":{"name":"Ahmedabad","rank":1,"capital":0},"geometry":{"type":"Point","coordinates":[72.578,23.032]}},{"type":"Feature","properties":{"name":"Surat","rank":1,"capital":0},"geometry":{"type":"Point","coordinates":[72.838,21.202]}},{"type":"Feature","properties":{"name":"Bel\u00e9m","rank":1,"capital":0},"geometry":{"type":"Point","coordinates":[-48.482,-1.448]}},{"type":"Feature","properties":{"name":"Bras\u00edlia","rank":1,"capital":1},"geometry":{"type":"Point","coordinates":[-47.918,-15.781]}},{"type":"Feature","properties":{"name":"Porto Alegre","rank":1,"capital":0},"geometry":{"type":"Point","coordinates":[-51.202,-30.048]}},{"type":"Feature","properties":{"name":"Curitiba","rank":1,"capital":0},"geometry":{"type":"Point","coordinates":[-49.322,-25.418]}},{"type":"Feature","properties":{"name":"Fortaleza","rank":1,"capital":0},"geometry":{"type":"Point","coordinates":[-38.582,-3.748]}},{"type":"Feature","properties":{"name":"Salvador","rank":1,"capital":0},"geometry":{"type":"Point","coordinates":[-38.482,-12.968]}},{"type":"Feature","properties":{"name":"Goi\u00e2nia","rank":1,"capital":0},"geometry":{"type":"Point","coordinates":[-49.302,-16.718]}},{"type":"Feature","properties":{"name":"Recife","rank":1,"capital":0},"geometry":{"type":"Point","coordinates":[-34.909,-8.061]}},{"type":"Feature","properties":{"name":"San Francisco","rank":1,"capital":0},"geometry":{"type":"Point","coordinates":[-122.4,37.784]}},{"type":"Feature","properties":{"name":"Denver","rank":1,"capital":0},"geometry":{"type":"Point","coordinates":[-104.986,39.741]}},{"type":"Feature","properties":{"name":"Houston","rank":1,"capital":0},"geometry":{"type":"Point","coordinates":[-95.348,29.741]}},{"type":"Feature","properties":{"name":"Miami","rank":1,"capital":0},"geometry":{"type":"Point","coordinates":[-80.226,25.79]}},{"type":"Feature","properties":{"name":"Atlanta","rank":1,"capital":0},"geometry":{"type":"Point","coordinates":[-84.368,33.739]}},{"type":"Feature","properties":{"name":"Chicago","rank":1,"capital":0},"geometry":{"type":"Point","coordinates":[-87.635,41.848]}},{"type":"Feature","properties":{"name":"\u00dcr\u00fcmqi","rank":1,"capital":0},"geometry":{"type":"Point","coordinates":[87.573,43.807]}},{"type":"Feature","properties":{"name":"Chengdu","rank":1,"capital":0},"geometry":{"type":"Point","coordinates":[104.068,30.672]}},{"type":"Feature","properties":{"name":"New Delhi","rank":1,"capital":1},"geometry":{"type":"Point","coordinates":[77.2,28.6]}},{"type":"Feature","properties":{"name":"Bengaluru","rank":1,"capital":0},"geometry":{"type":"Point","coordinates":[77.558,12.972]}},{"type":"Feature","properties":{"name":"Los Angeles","rank":1,"capital":0},"geometry":{"type":"Point","coordinates":[-118.232,34.049]}},{"type":"Feature","properties":{"name":"Washington,  D.C.","rank":1,"capital":1},"geometry":{"type":"Point","coordinates":[-77.011,38.901]}},{"type":"Feature","properties":{"name":"New York","rank":1,"capital":0},"geometry":{"type":"Point","coordinates":[-73.996,40.722]}},{"type":"Feature","properties":{"name":"Beijing","rank":1,"capital":1},"geometry":{"type":"Point","coordinates":[116.394,39.902]}},{"type":"Feature","properties":{"name":"Jakarta","rank":1,"capital":1},"geometry":{"type":"Point","coordinates":[106.827,-6.172]}},{"type":"Feature","properties":{"name":"Shanghai","rank":1,"capital":0},"geometry":{"type":"Point","coordinates":[121.435,31.218]}},{"type":"Feature","properties":{"name":"Mumbai","rank":1,"capital":0},"geometry":{"type":"Point","coordinates":[72.876,19.068]}},{"type":"Feature","properties":{"name":"Kolkata","rank":1,"capital":0},"geometry":{"type":"Point","coordinates":[88.369,22.57]}},{"type":"Feature","properties":{"name":"Rio de Janeiro","rank":1,"capital":0},"geometry":{"type":"Point","coordinates":[-43.212,-22.907]}},{"type":"Feature","properties":{"name":"S\u00e3o Paulo","rank":1,"capital":0},"geometry":{"type":"Point","coordinates":[-46.627,-23.557]}},{"type":"Feature","properties":{"name":"Umuahia","rank":2,"capital":0},"geometry":{"type":"Point","coordinates":[7.486,5.532]}},{"type":"Feature","properties":{"name":"Uyo","rank":2,"capital":0},"geometry":{"type":"Point","coordinates":[7.916,5.036]}},{"type":"Feature","properties":{"name":"Owerri","rank":2,"capital":0},"geometry":{"type":"Point","coordinates":[7.026,5.493]}},{"type":"Feature","properties":{"name":"Nazran","rank":2,"capital":0},"geometry":{"type":"Point","coordinates":[44.783,43.233]}},{"type":"Feature","properties":{"name":"Ust' Ordynskiy","rank":2,"capital":0},"geometry":{"type":"Point","coordinates":[104.7,52.833]}},{"type":"Feature","properties":{"name":"Dutse","rank":2,"capital":0},"geometry":{"type":"Point","coordinates":[9.35,11.799]}},{"type":"Feature","properties":{"name":"Damaturu","rank":2,"capital":0},"geometry":{"type":"Point","coordinates":[11.966,11.749]}},{"type":"Feature","properties":{"name":"Parachinar","rank":2,"capital":0},"geometry":{"type":"Point","coordinates":[70.101,33.899]}},{"type":"Feature","properties":{"name":"Sialkote","rank":2,"capital":0},"geometry":{"type":"Point","coordinates":[74.56,32.52]}},{"type":"Feature","properties":{"name":"Sheikhu Pura","rank":2,"capital":0},"geometry":{"type":"Point","coordinates":[73.99,31.72]}},{"type":"Feature","properties":{"name":"Gujrat","rank":2,"capital":0},"geometry":{"type":"Point","coordinates":[74.08,32.58]}},{"type":"Feature","properties":{"name":"Sahiwal","rank":2,"capital":0},"geometry":{"type":"Point","coordinates":[73.112,30.672]}},{"type":"Feature","properties":{"name":"Chiniot","rank":2,"capital":0},"geometry":{"type":"Point","coordinates":[72.98,31.72]}},{"type":"Feature","properties":{"name":"Rahim Yar Khan","rank":2,"capital":0},"geometry":{"type":"Point","coordinates":[70.295,28.42]}},{"type":"Feature","properties":{"name":"Mansehra","rank":2,"capital":0},"geometry":{"type":"Point","coordinates":[73.197,34.342]}},{"type":"Feature","properties":{"name":"Kohat","rank":2,"capital":0},"geometry":{"type":"Point","coordinates":[71.433,33.603]}},{"type":"Feature","properties":{"name":"Abbottabad","rank":2,"capital":0},"geometry":{"type":"Point","coordinates":[73.2,34.15]}},{"type":"Feature","properties":{"name":"Mardan","rank":2,"capital":0},"geometry":{"type":"Point","coordinates":[72.04,34.2]}},{"type":"Feature","properties":{"name":"Maykop","rank":2,"capital":0},"geometry":{"type":"Point","coordinates":[40.12,44.61]}},{"type":"Feature","properties":{"name":"Mozdok","rank":2,"capital":0},"geometry":{"type":"Point","coordinates":[44.654,43.754]}},{"type":"Feature","properties":{"name":"Georgievsk","rank":2,"capital":0},"geometry":{"type":"Point","coordinates":[43.47,44.16]}},{"type":"Feature","properties":{"name":"Pyatigorsk","rank":2,"capital":0},"geometry":{"type":"Point","coordinates":[43.09,44.08]}},{"type":"Feature","properties":{"name":"Kislovodsk","rank":2,"capital":0},"geometry":{"type":"Point","coordinates":[42.72,43.91]}},{"type":"Feature","properties":{"name":"Nevinnomyssk","rank":2,"capital":0},"geometry":{"type":"Point","coordinates":[41.95,44.62]}},{"type":"Feature","properties":{"name":"Enurmino","rank":2,"capital":0},"geometry":{"type":"Point","coordinates":[-171.817,66.95]}},{"type":"Feature","properties":{"name":"Lavrentiya","rank":2,"capital":0},"geometry":{"type":"Point","coordinates":[-171.025,65.583]}},{"type":"Feature","properties":{"name":"Zv\u00ebzdnyj","rank":2,"capital":0},"geometry":{"type":"Point","coordinates":[-179.59,70.957]}},{"type":"Feature","properties":{"name":"Mikhalkino","rank":2,"capital":0},"geometry":{"type":"Point","coordinates":[161.481,69.424]}},{"type":"Feature","properties":{"name":"Chernyakhovsk","rank":2,"capital":0},"geometry":{"type":"Point","coordinates":[21.811,54.632]}},{"type":"Feature","properties":{"name":"Severomorsk","rank":2,"capital":0},"geometry":{"type":"Point","coordinates":[33.423,69.073]}},{"type":"Feature","properties":{"name":"Apatity","rank":2,"capital":0},"geometry":{"type":"Point","coordinates":[33.393,67.573]}},{"type":"Feature","properties":{"name":"Polyarnyy","rank":2,"capital":0},"geometry":{"type":"Point","coordinates":[33.45,69.205]}},{"type":"Feature","properties":{"name":"Slantsy","rank":2,"capital":0},"geometry":{"type":"Point","coordinates":[28.075,59.112]}},{"type":"Feature","properties":{"name":"Kolpino","rank":2,"capital":0},"geometry":{"type":"Point","coordinates":[30.65,59.73]}},{"type":"Feature","properties":{"name":"Novozybkov","rank":2,"capital":0},"geometry":{"type":"Point","coordinates":[31.945,52.535]}},{"type":"Feature","properties":{"name":"Dyatkovo","rank":2,"capital":0},"geometry":{"type":"Point","coordinates":[34.339,53.589]}},{"type":"Feature","properties":{"name":"Shuya","rank":2,"capital":0},"geometry":{"type":"Point","coordinates":[41.364,56.854]}},{"type":"Feature","properties":{"name":"Kineshma","rank":2,"capital":0},"geometry":{"type":"Point","coordinates":[42.13,57.47]}},{"type":"Feature","properties":{"name":"Balakhna","rank":2,"capital":0},"geometry":{"type":"Point","coordinates":[43.594,56.494]}},{"type":"Feature","properties":{"name":"Arzamas","rank":2,"capital":0},"geometry":{"type":"Point","coordinates":[43.8,55.4]}},{"type":"Feature","properties":{"name":"Rzhev","rank":2,"capital":0},"geometry":{"type":"Point","coordinates":[34.327,56.257]}},{"type":"Feature","properties":{"name":"Vyshnniy Volochek","rank":2,"capital":0},"geometry":{"type":"Point","coordinates":[34.563,57.583]}},{"type":"Feature","properties":{"name":"Uglich","rank":2,"capital":0},"geometry":{"type":"Point","coordinates":[38.33,57.524]}},{"type":"Feature","properties":{"name":"Yelets","rank":2,"capital":0},"geometry":{"type":"Point","coordinates":[38.5,52.58]}},{"type":"Feature","properties":{"name":"Orekhovo-Zuevo","rank":2,"capital":0},"geometry":{"type":"Point","coordinates":[38.98,55.82]}},{"type":"Feature","properties":{"name":"Klin","rank":2,"capital":0},"geometry":{"type":"Point","coordinates":[36.699,56.343]}},{"type":"Feature","properties":{"name":"Sergiyev Posad","rank":2,"capital":0},"geometry":{"type":"Point","coordinates":[38.17,56.33]}},{"type":"Feature","properties":{"name":"Kolomna","rank":2,"capital":0},"geometry":{"type":"Point","coordinates":[38.785,55.08]}},{"type":"Feature","properties":{"name":"Bataysk","rank":2,"capital":0},"geometry":{"type":"Point","coordinates":[39.745,47.137]}},{"type":"Feature","properties":{"name":"Taganrog","rank":2,"capital":0},"geometry":{"type":"Point","coordinates":[38.92,47.23]}},{"type":"Feature","properties":{"name":"Novocherkassk","rank":2,"capital":0},"geometry":{"type":"Point","coordinates":[40.08,47.42]}},{"type":"Feature","properties":{"name":"Kamensk Shakhtinskiy","rank":2,"capital":0},"geometry":{"type":"Point","coordinates":[40.252,48.332]}},{"type":"Feature","properties":{"name":"Novoshakhtinsk","rank":2,"capital":0},"geometry":{"type":"Point","coordinates":[39.92,47.77]}},{"type":"Feature","properties":{"name":"Aleksin","rank":2,"capital":0},"geometry":{"type":"Point","coordinates":[37.094,54.514]}},{"type":"Feature","properties":{"name":"Novomoskovsk","rank":2,"capital":0},"geometry":{"type":"Point","coordinates":[38.289,54.011]}},{"type":"Feature","properties":{"name":"Shchekino","rank":2,"capital":0},"geometry":{"type":"Point","coordinates":[37.514,54.014]}},{"type":"Feature","properties":{"name":"Nikolayevsk","rank":2,"capital":0},"geometry":{"type":"Point","coordinates":[45.426,50.016]}},{"type":"Feature","properties":{"name":"Shebekino","rank":2,"capital":0},"geometry":{"type":"Point","coordinates":[36.894,50.414]}},{"type":"Feature","properties":{"name":"Gubkin","rank":2,"capital":0},"geometry":{"type":"Point","coordinates":[37.384,51.274]}},{"type":"Feature","properties":{"name":"Apsheronsk","rank":2,"capital":0},"geometry":{"type":"Point","coordinates":[39.729,44.469]}},{"type":"Feature","properties":{"name":"Kropotkin","rank":2,"capital":0},"geometry":{"type":"Point","coordinates":[40.582,45.447]}},{"type":"Feature","properties":{"name":"Ruzayevka","rank":2,"capital":0},"geometry":{"type":"Point","coordinates":[44.924,54.064]}},{"type":"Feature","properties":{"name":"Kirsanov","rank":2,"capital":0},"geometry":{"type":"Point","coordinates":[42.717,52.657]}},{"type":"Feature","properties":{"name":"Michurinsk","rank":2,"capital":0},"geometry":{"type":"Point","coordinates":[40.5,52.9]}},{"type":"Feature","properties":{"name":"Borisoglebsk","rank":2,"capital":0},"geometry":{"type":"Point","coordinates":[42.089,51.369]}},{"type":"Feature","properties":{"name":"Oktyabrskiy","rank":2,"capital":0},"geometry":{"type":"Point","coordinates":[53.46,54.46]}},{"type":"Feature","properties":{"name":"Plast","rank":2,"capital":0},"geometry":{"type":"Point","coordinates":[60.809,54.369]}},{"type":"Feature","properties":{"name":"Bakal","rank":2,"capital":0},"geometry":{"type":"Point","coordinates":[58.796,54.946]}},{"type":"Feature","properties":{"name":"Verkhniy Ufaley","rank":2,"capital":0},"geometry":{"type":"Point","coordinates":[60.231,56.066]}},{"type":"Feature","properties":{"name":"Severnyy","rank":2,"capital":0},"geometry":{"type":"Point","coordinates":[64.123,67.608]}},{"type":"Feature","properties":{"name":"Kirovo-Chepetsk","rank":2,"capital":0},"geometry":{"type":"Point","coordinates":[50.044,58.554]}},{"type":"Feature","properties":{"name":"Krasnoturinsk","rank":2,"capital":0},"geometry":{"type":"Point","coordinates":[60.208,59.762]}},{"type":"Feature","properties":{"name":"Asbest","rank":2,"capital":0},"geometry":{"type":"Point","coordinates":[61.458,57.023]}},{"type":"Feature","properties":{"name":"Alapayevsk","rank":2,"capital":0},"geometry":{"type":"Point","coordinates":[61.692,57.847]}},{"type":"Feature","properties":{"name":"Krasnouralsk","rank":2,"capital":0},"geometry":{"type":"Point","coordinates":[60.052,58.352]}},{"type":"Feature","properties":{"name":"Severouralsk","rank":2,"capital":0},"geometry":{"type":"Point","coordinates":[59.962,60.157]}},{"type":"Feature","properties":{"name":"Novotroitsk","rank":2,"capital":0},"geometry":{"type":"Point","coordinates":[58.33,51.2]}},{"type":"Feature","properties":{"name":"Buguruslan","rank":2,"capital":0},"geometry":{"type":"Point","coordinates":[52.433,53.663]}},{"type":"Feature","properties":{"name":"Chapayevsk","rank":2,"capital":0},"geometry":{"type":"Point","coordinates":[49.724,52.974]}},{"type":"Feature","properties":{"name":"Syzran","rank":2,"capital":0},"geometry":{"type":"Point","coordinates":[48.48,53.17]}},{"type":"Feature","properties":{"name":"Novokuybishevsk","rank":2,"capital":0},"geometry":{"type":"Point","coordinates":[49.92,53.12]}},{"type":"Feature","properties":{"name":"Naberezhnyye Chelny","rank":2,"capital":0},"geometry":{"type":"Point","coordinates":[52.392,55.732]}},{"type":"Feature","properties":{"name":"Zelenodolsk","rank":2,"capital":0},"geometry":{"type":"Point","coordinates":[48.497,55.848]}},{"type":"Feature","properties":{"name":"Leninogorsk","rank":2,"capital":0},"geometry":{"type":"Point","coordinates":[52.449,54.599]}},{"type":"Feature","properties":{"name":"Bugulma","rank":2,"capital":0},"geometry":{"type":"Point","coordinates":[52.794,54.554]}},{"type":"Feature","properties":{"name":"Nefteyugansk","rank":2,"capital":0},"geometry":{"type":"Point","coordinates":[72.608,61.092]}},{"type":"Feature","properties":{"name":"Leninsk Kuznetsky","rank":2,"capital":0},"geometry":{"type":"Point","coordinates":[86.17,54.66]}},{"type":"Feature","properties":{"name":"Anzhero Sudzhensk","rank":2,"capital":0},"geometry":{"type":"Point","coordinates":[86.04,56.08]}},{"type":"Feature","properties":{"name":"Kiselevsk","rank":2,"capital":0},"geometry":{"type":"Point","coordinates":[86.64,54.0]}},{"type":"Feature","properties":{"name":"Mundybash","rank":2,"capital":0},"geometry":{"type":"Point","coordinates":[87.317,53.233]}},{"type":"Feature","properties":{"name":"Chernogorsk","rank":2,"capital":0},"geometry":{"type":"Point","coordinates":[91.223,53.831]}},{"type":"Feature","properties":{"name":"Abaza","rank":2,"capital":0},"geometry":{"type":"Point","coordinates":[90.095,52.669]}},{"type":"Feature","properties":{"name":"Iskitim","rank":2,"capital":0},"geometry":{"type":"Point","coordinates":[83.287,54.651]}},{"type":"Feature","properties":{"name":"Toguchin","rank":2,"capital":0},"geometry":{"type":"Point","coordinates":[84.378,55.238]}},{"type":"Feature","properties":{"name":"Kupina","rank":2,"capital":0},"geometry":{"type":"Point","coordinates":[77.274,54.359]}},{"type":"Feature","properties":{"name":"Zaozernyy","rank":2,"capital":0},"geometry":{"type":"Point","coordinates":[94.703,55.962]}},{"type":"Feature","properties":{"name":"Bogotol","rank":2,"capital":0},"geometry":{"type":"Point","coordinates":[89.518,56.216]}},{"type":"Feature","properties":{"name":"Shilka","rank":2,"capital":0},"geometry":{"type":"Point","coordinates":[116.031,51.871]}},{"type":"Feature","properties":{"name":"Sherlovaya Gora","rank":2,"capital":0},"geometry":{"type":"Point","coordinates":[116.301,50.531]}},{"type":"Feature","properties":{"name":"Petrovsk Zabaykalskiy","rank":2,"capital":0},"geometry":{"type":"Point","coordinates":[108.833,51.283]}},{"type":"Feature","properties":{"name":"Arsenyev","rank":2,"capital":0},"geometry":{"type":"Point","coordinates":[133.282,44.162]}},{"type":"Feature","properties":{"name":"Partizansk","rank":2,"capital":0},"geometry":{"type":"Point","coordinates":[133.135,43.135]}},{"type":"Feature","properties":{"name":"Dalnerechensk","rank":2,"capital":0},"geometry":{"type":"Point","coordinates":[133.722,45.927]}},{"type":"Feature","properties":{"name":"Zemlya Bunge","rank":2,"capital":0},"geometry":{"type":"Point","coordinates":[142.105,74.898]}},{"type":"Feature","properties":{"name":"Khorgo","rank":2,"capital":0},"geometry":{"type":"Point","coordinates":[113.63,73.483]}},{"type":"Feature","properties":{"name":"Put Lenina","rank":2,"capital":0},"geometry":{"type":"Point","coordinates":[107.8,68.517]}},{"type":"Feature","properties":{"name":"Obluchye","rank":2,"capital":0},"geometry":{"type":"Point","coordinates":[131.083,49.0]}},{"type":"Feature","properties":{"name":"Vanino","rank":2,"capital":0},"geometry":{"type":"Point","coordinates":[140.242,49.087]}},{"type":"Feature","properties":{"name":"Omchak","rank":2,"capital":0},"geometry":{"type":"Point","coordinates":[147.917,61.633]}},{"type":"Feature","properties":{"name":"Uglegorsk","rank":2,"capital":0},"geometry":{"type":"Point","coordinates":[142.033,49.083]}},{"type":"Feature","properties":{"name":"Kholmsk","rank":2,"capital":0},"geometry":{"type":"Point","coordinates":[142.062,47.047]}},{"type":"Feature","properties":{"name":"Vicente Guerrero","rank":2,"capital":0},"geometry":{"type":"Point","coordinates":[-116.009,30.764]}},{"type":"Feature","properties":{"name":"Loreto","rank":2,"capital":0},"geometry":{"type":"Point","coordinates":[-111.352,26.013]}},{"type":"Feature","properties":{"name":"Ciudad Constituci\u00f3n","rank":2,"capital":0},"geometry":{"type":"Point","coordinates":[-111.66,25.04]}},{"type":"Feature","properties":{"name":"Allende","rank":2,"capital":0},"geometry":{"type":"Point","coordinates":[-100.85,28.33]}},{"type":"Feature","properties":{"name":"Nueva Rosita","rank":2,"capital":0},"geometry":{"type":"Point","coordinates":[-101.22,27.95]}},{"type":"Feature","properties":{"name":"Hidalgo del Parral","rank":2,"capital":0},"geometry":{"type":"Point","coordinates":[-105.667,26.933]}},{"type":"Feature","properties":{"name":"Ascensi\u00f3n","rank":2,"capital":0},"geometry":{"type":"Point","coordinates":[-107.98,31.1]}},{"type":"Feature","properties":{"name":"G\u00f3mez Palacio","rank":2,"capital":0},"geometry":{"type":"Point","coordinates":[-103.5,25.57]}},{"type":"Feature","properties":{"name":"Canatlan","rank":2,"capital":0},"geometry":{"type":"Point","coordinates":[-104.78,24.52]}},{"type":"Feature","properties":{"name":"Villa Uni\u00f3n","rank":2,"capital":0},"geometry":{"type":"Point","coordinates":[-106.23,23.2]}},{"type":"Feature","properties":{"name":"Altata","rank":2,"capital":0},"geometry":{"type":"Point","coordinates":[-107.916,24.636]}},{"type":"Feature","properties":{"name":"Esperanza","rank":2,"capital":0},"geometry":{"type":"Point","coordinates":[-109.93,27.58]}},{"type":"Feature","properties":{"name":"Magdalena","rank":2,"capital":0},"geometry":{"type":"Point","coordinates":[-110.968,30.626]}},{"type":"Feature","properties":{"name":"Nacozari de Garc\u00eda","rank":2,"capital":0},"geometry":{"type":"Point","coordinates":[-109.65,30.42]}},{"type":"Feature","properties":{"name":"Villanueva","rank":2,"capital":0},"geometry":{"type":"Point","coordinates":[-102.88,22.35]}},{"type":"Feature","properties":{"name":"Montemorelos","rank":2,"capital":0},"geometry":{"type":"Point","coordinates":[-99.84,25.19]}},{"type":"Feature","properties":{"name":"Sabinas Hidalgo","rank":2,"capital":0},"geometry":{"type":"Point","coordinates":[-100.18,26.51]}},{"type":"Feature","properties":{"name":"Cardenas","rank":2,"capital":0},"geometry":{"type":"Point","coordinates":[-99.67,22.0]}},{"type":"Feature","properties":{"name":"Ciudad Valles","rank":2,"capital":0},"geometry":{"type":"Point","coordinates":[-99.02,21.98]}},{"type":"Feature","properties":{"name":"Rio Verde","rank":2,"capital":0},"geometry":{"type":"Point","coordinates":[-99.98,21.93]}},{"type":"Feature","properties":{"name":"Ciudad Mante","rank":2,"capital":0},"geometry":{"type":"Point","coordinates":[-98.95,22.733]}},{"type":"Feature","properties":{"name":"Reynosa","rank":2,"capital":0},"geometry":{"type":"Point","coordinates":[-98.3,26.08]}},{"type":"Feature","properties":{"name":"Ciudad Madero","rank":2,"capital":0},"geometry":{"type":"Point","coordinates":[-97.836,22.319]}},{"type":"Feature","properties":{"name":"Autlan","rank":2,"capital":0},"geometry":{"type":"Point","coordinates":[-104.37,19.77]}},{"type":"Feature","properties":{"name":"Ciudad Hidalgo","rank":2,"capital":0},"geometry":{"type":"Point","coordinates":[-100.57,19.68]}},{"type":"Feature","properties":{"name":"Apatzing\u00e1n","rank":2,"capital":0},"geometry":{"type":"Point","coordinates":[-102.35,19.08]}},{"type":"Feature","properties":{"name":"Santiago Ixcuintla","rank":2,"capital":0},"geometry":{"type":"Point","coordinates":[-105.22,21.82]}},{"type":"Feature","properties":{"name":"Juchitan","rank":2,"capital":0},"geometry":{"type":"Point","coordinates":[-95.02,16.43]}},{"type":"Feature","properties":{"name":"Miahuatl\u00e1n","rank":2,"capital":0},"geometry":{"type":"Point","coordinates":[-96.6,16.33]}},{"type":"Feature","properties":{"name":"Atlixco","rank":2,"capital":0},"geometry":{"type":"Point","coordinates":[-98.45,18.9]}},{"type":"Feature","properties":{"name":"Acatlan","rank":2,"capital":0},"geometry":{"type":"Point","coordinates":[-98.05,18.2]}},{"type":"Feature","properties":{"name":"Para\u00edso","rank":2,"capital":0},"geometry":{"type":"Point","coordinates":[-93.23,18.4]}},{"type":"Feature","properties":{"name":"Balanc\u00e1n","rank":2,"capital":0},"geometry":{"type":"Point","coordinates":[-91.53,17.8]}},{"type":"Feature","properties":{"name":"Tlaxcala","rank":2,"capital":0},"geometry":{"type":"Point","coordinates":[-98.23,19.32]}},{"type":"Feature","properties":{"name":"Irapuato","rank":2,"capital":0},"geometry":{"type":"Point","coordinates":[-101.351,20.676]}},{"type":"Feature","properties":{"name":"Celaya","rank":2,"capital":0},"geometry":{"type":"Point","coordinates":[-100.8,20.53]}},{"type":"Feature","properties":{"name":"Chilpancingo","rank":2,"capital":0},"geometry":{"type":"Point","coordinates":[-99.5,17.55]}},{"type":"Feature","properties":{"name":"Iguala","rank":2,"capital":0},"geometry":{"type":"Point","coordinates":[-99.54,18.37]}},{"type":"Feature","properties":{"name":"Tecpan","rank":2,"capital":0},"geometry":{"type":"Point","coordinates":[-100.68,17.25]}},{"type":"Feature","properties":{"name":"Atoyac","rank":2,"capital":0},"geometry":{"type":"Point","coordinates":[-100.43,17.2]}},{"type":"Feature","properties":{"name":"Nezahualcoyotl","rank":2,"capital":0},"geometry":{"type":"Point","coordinates":[-99.03,19.41]}},{"type":"Feature","properties":{"name":"San Juan del R\u00edo","rank":2,"capital":0},"geometry":{"type":"Point","coordinates":[-100.0,20.38]}},{"type":"Feature","properties":{"name":"Jaltipan","rank":2,"capital":0},"geometry":{"type":"Point","coordinates":[-94.74,17.94]}},{"type":"Feature","properties":{"name":"Orizaba","rank":2,"capital":0},"geometry":{"type":"Point","coordinates":[-97.13,18.85]}},{"type":"Feature","properties":{"name":"Xalapa","rank":2,"capital":0},"geometry":{"type":"Point","coordinates":[-96.92,19.53]}},{"type":"Feature","properties":{"name":"Nautla","rank":2,"capital":0},"geometry":{"type":"Point","coordinates":[-96.783,20.217]}},{"type":"Feature","properties":{"name":"San Cristobal de Las Casas","rank":2,"capital":0},"geometry":{"type":"Point","coordinates":[-92.633,16.75]}},{"type":"Feature","properties":{"name":"Escuintla","rank":2,"capital":0},"geometry":{"type":"Point","coordinates":[-92.63,15.33]}},{"type":"Feature","properties":{"name":"Motul","rank":2,"capital":0},"geometry":{"type":"Point","coordinates":[-89.28,21.1]}},{"type":"Feature","properties":{"name":"Tekax","rank":2,"capital":0},"geometry":{"type":"Point","coordinates":[-89.28,20.2]}},{"type":"Feature","properties":{"name":"Peto","rank":2,"capital":0},"geometry":{"type":"Point","coordinates":[-88.92,20.13]}},{"type":"Feature","properties":{"name":"Halach\u00f3","rank":2,"capital":0},"geometry":{"type":"Point","coordinates":[-90.08,20.48]}},{"type":"Feature","properties":{"name":"Iwo","rank":2,"capital":0},"geometry":{"type":"Point","coordinates":[4.18,7.63]}},{"type":"Feature","properties":{"name":"Iseyin","rank":2,"capital":0},"geometry":{"type":"Point","coordinates":[3.59,7.97]}},{"type":"Feature","properties":{"name":"Solikamsk","rank":2,"capital":0},"geometry":{"type":"Point","coordinates":[56.75,59.67]}},{"type":"Feature","properties":{"name":"Kizel","rank":2,"capital":0},"geometry":{"type":"Point","coordinates":[57.634,59.064]}},{"type":"Feature","properties":{"name":"Pakhachi","rank":2,"capital":0},"geometry":{"type":"Point","coordinates":[169.05,60.582]}},{"type":"Feature","properties":{"name":"Okayama","rank":2,"capital":0},"geometry":{"type":"Point","coordinates":[133.917,34.672]}},{"type":"Feature","properties":{"name":"Shimonoseki","rank":2,"capital":0},"geometry":{"type":"Point","coordinates":[130.945,33.965]}},{"type":"Feature","properties":{"name":"Kanoya","rank":2,"capital":0},"geometry":{"type":"Point","coordinates":[130.85,31.383]}},{"type":"Feature","properties":{"name":"Takamatsu","rank":2,"capital":0},"geometry":{"type":"Point","coordinates":[134.045,34.345]}},{"type":"Feature","properties":{"name":"Tokushima","rank":2,"capital":0},"geometry":{"type":"Point","coordinates":[134.553,34.067]}},{"type":"Feature","properties":{"name":"Toyama","rank":2,"capital":0},"geometry":{"type":"Point","coordinates":[137.23,36.7]}},{"type":"Feature","properties":{"name":"Takaoka","rank":2,"capital":0},"geometry":{"type":"Point","coordinates":[137.0,36.67]}},{"type":"Feature","properties":{"name":"\u014ctsu","rank":2,"capital":0},"geometry":{"type":"Point","coordinates":[135.867,35.006]}},{"type":"Feature","properties":{"name":"Maebashi","rank":2,"capital":0},"geometry":{"type":"Point","coordinates":[139.073,36.393]}},{"type":"Feature","properties":{"name":"Kawasaki","rank":2,"capital":0},"geometry":{"type":"Point","coordinates":[139.705,35.53]}},{"type":"Feature","properties":{"name":"Kawagoe","rank":2,"capital":0},"geometry":{"type":"Point","coordinates":[139.491,35.918]}},{"type":"Feature","properties":{"name":"Utsunomiya","rank":2,"capital":0},"geometry":{"type":"Point","coordinates":[139.87,36.55]}},{"type":"Feature","properties":{"name":"Hachi\u014dji","rank":2,"capital":0},"geometry":{"type":"Point","coordinates":[139.326,35.658]}},{"type":"Feature","properties":{"name":"K\u014driyama","rank":2,"capital":0},"geometry":{"type":"Point","coordinates":[140.38,37.41]}},{"type":"Feature","properties":{"name":"Selkirk","rank":2,"capital":0},"geometry":{"type":"Point","coordinates":[-96.883,50.15]}},{"type":"Feature","properties":{"name":"Berens River","rank":2,"capital":0},"geometry":{"type":"Point","coordinates":[-97.033,52.367]}},{"type":"Feature","properties":{"name":"Pukatawagan","rank":2,"capital":0},"geometry":{"type":"Point","coordinates":[-101.317,55.733]}},{"type":"Feature","properties":{"name":"Gimli","rank":2,"capital":0},"geometry":{"type":"Point","coordinates":[-97.0,50.633]}},{"type":"Feature","properties":{"name":"Island Lake","rank":2,"capital":0},"geometry":{"type":"Point","coordinates":[-94.767,53.967]}},{"type":"Feature","properties":{"name":"Melville","rank":2,"capital":0},"geometry":{"type":"Point","coordinates":[-102.8,50.933]}},{"type":"Feature","properties":{"name":"Weyburn","rank":2,"capital":0},"geometry":{"type":"Point","coordinates":[-103.85,49.667]}},{"type":"Feature","properties":{"name":"La Ronge","rank":2,"capital":0},"geometry":{"type":"Point","coordinates":[-105.3,55.1]}},{"type":"Feature","properties":{"name":"Stony Rapids","rank":2,"capital":0},"geometry":{"type":"Point","coordinates":[-105.833,59.267]}},{"type":"Feature","properties":{"name":"Camrose","rank":2,"capital":0},"geometry":{"type":"Point","coordinates":[-112.817,53.017]}},{"type":"Feature","properties":{"name":"Hinton","rank":2,"capital":0},"geometry":{"type":"Point","coordinates":[-117.583,53.4]}},{"type":"Feature","properties":{"name":"Vegreville","rank":2,"capital":0},"geometry":{"type":"Point","coordinates":[-112.05,53.5]}},{"type":"Feature","properties":{"name":"Stettler","rank":2,"capital":0},"geometry":{"type":"Point","coordinates":[-112.683,52.333]}},{"type":"Feature","properties":{"name":"Lac La Biche","rank":2,"capital":0},"geometry":{"type":"Point","coordinates":[-111.965,54.772]}},{"type":"Feature","properties":{"name":"Wetaskiwin","rank":2,"capital":0},"geometry":{"type":"Point","coordinates":[-113.383,52.967]}},{"type":"Feature","properties":{"name":"Meander River","rank":2,"capital":0},"geometry":{"type":"Point","coordinates":[-117.683,59.033]}},{"type":"Feature","properties":{"name":"Creston","rank":2,"capital":0},"geometry":{"type":"Point","coordinates":[-116.517,49.1]}},{"type":"Feature","properties":{"name":"Cranbrook","rank":2,"capital":0},"geometry":{"type":"Point","coordinates":[-115.767,49.517]}},{"type":"Feature","properties":{"name":"Terrace","rank":2,"capital":0},"geometry":{"type":"Point","coordinates":[-128.583,54.5]}},{"type":"Feature","properties":{"name":"Chilliwack","rank":2,"capital":0},"geometry":{"type":"Point","coordinates":[-121.95,49.167]}},{"type":"Feature","properties":{"name":"Hall Beach","rank":2,"capital":0},"geometry":{"type":"Point","coordinates":[-81.236,68.767]}},{"type":"Feature","properties":{"name":"Lutselke","rank":2,"capital":0},"geometry":{"type":"Point","coordinates":[-110.733,62.4]}},{"type":"Feature","properties":{"name":"Hay River","rank":2,"capital":0},"geometry":{"type":"Point","coordinates":[-115.788,60.814]}},{"type":"Feature","properties":{"name":"Doline","rank":2,"capital":0},"geometry":{"type":"Point","coordinates":[-123.417,65.183]}},{"type":"Feature","properties":{"name":"Paulatuk","rank":2,"capital":0},"geometry":{"type":"Point","coordinates":[-123.983,69.383]}},{"type":"Feature","properties":{"name":"Tsiigehtchic","rank":2,"capital":0},"geometry":{"type":"Point","coordinates":[-133.75,67.433]}},{"type":"Feature","properties":{"name":"Owen Sound","rank":2,"capital":0},"geometry":{"type":"Point","coordinates":[-80.945,44.565]}},{"type":"Feature","properties":{"name":"Orillia","rank":2,"capital":0},"geometry":{"type":"Point","coordinates":[-79.417,44.6]}},{"type":"Feature","properties":{"name":"Kapuskasing","rank":2,"capital":0},"geometry":{"type":"Point","coordinates":[-82.433,49.417]}},{"type":"Feature","properties":{"name":"Thessalon","rank":2,"capital":0},"geometry":{"type":"Point","coordinates":[-83.55,46.25]}},{"type":"Feature","properties":{"name":"Geraldton","rank":2,"capital":0},"geometry":{"type":"Point","coordinates":[-86.942,49.722]}},{"type":"Feature","properties":{"name":"Belleville","rank":2,"capital":0},"geometry":{"type":"Point","coordinates":[-77.383,44.167]}},{"type":"Feature","properties":{"name":"Sarnia","rank":2,"capital":0},"geometry":{"type":"Point","coordinates":[-82.4,42.967]}},{"type":"Feature","properties":{"name":"Peterborough","rank":2,"capital":0},"geometry":{"type":"Point","coordinates":[-78.333,44.3]}},{"type":"Feature","properties":{"name":"Oshawa","rank":2,"capital":0},"geometry":{"type":"Point","coordinates":[-78.85,43.88]}},{"type":"Feature","properties":{"name":"London","rank":2,"capital":0},"geometry":{"type":"Point","coordinates":[-81.25,42.97]}},{"type":"Feature","properties":{"name":"Kitchener","rank":2,"capital":0},"geometry":{"type":"Point","coordinates":[-80.5,43.45]}},{"type":"Feature","properties":{"name":"New Liskeard","rank":2,"capital":0},"geometry":{"type":"Point","coordinates":[-79.667,47.5]}},{"type":"Feature","properties":{"name":"Brockville","rank":2,"capital":0},"geometry":{"type":"Point","coordinates":[-75.695,44.589]}},{"type":"Feature","properties":{"name":"Big Beaver House","rank":2,"capital":0},"geometry":{"type":"Point","coordinates":[-89.883,52.95]}},{"type":"Feature","properties":{"name":"Port-Menier","rank":2,"capital":0},"geometry":{"type":"Point","coordinates":[-64.348,49.823]}},{"type":"Feature","properties":{"name":"Rivi\u00e8re-du-Loup","rank":2,"capital":0},"geometry":{"type":"Point","coordinates":[-69.533,47.833]}},{"type":"Feature","properties":{"name":"Drummondville","rank":2,"capital":0},"geometry":{"type":"Point","coordinates":[-72.483,45.883]}},{"type":"Feature","properties":{"name":"Sherbrooke","rank":2,"capital":0},"geometry":{"type":"Point","coordinates":[-71.9,45.4]}},{"type":"Feature","properties":{"name":"Cap-Chat","rank":2,"capital":0},"geometry":{"type":"Point","coordinates":[-66.683,49.1]}},{"type":"Feature","properties":{"name":"Baie-Comeau","rank":2,"capital":0},"geometry":{"type":"Point","coordinates":[-68.158,49.223]}},{"type":"Feature","properties":{"name":"Natashquan","rank":2,"capital":0},"geometry":{"type":"Point","coordinates":[-61.811,50.191]}},{"type":"Feature","properties":{"name":"Eastmain","rank":2,"capital":0},"geometry":{"type":"Point","coordinates":[-78.517,52.233]}},{"type":"Feature","properties":{"name":"Schefferville","rank":2,"capital":0},"geometry":{"type":"Point","coordinates":[-66.817,54.8]}},{"type":"Feature","properties":{"name":"Salluit","rank":2,"capital":0},"geometry":{"type":"Point","coordinates":[-75.66,62.183]}},{"type":"Feature","properties":{"name":"Amos","rank":2,"capital":0},"geometry":{"type":"Point","coordinates":[-78.117,48.567]}},{"type":"Feature","properties":{"name":"Joliette","rank":2,"capital":0},"geometry":{"type":"Point","coordinates":[-73.433,46.033]}},{"type":"Feature","properties":{"name":"St.-Jerome","rank":2,"capital":0},"geometry":{"type":"Point","coordinates":[-74.0,45.767]}},{"type":"Feature","properties":{"name":"St-Augustin","rank":2,"capital":0},"geometry":{"type":"Point","coordinates":[-58.647,51.242]}},{"type":"Feature","properties":{"name":"Rouyn-Noranda","rank":2,"capital":0},"geometry":{"type":"Point","coordinates":[-79.033,48.25]}},{"type":"Feature","properties":{"name":"La Sarre","rank":2,"capital":0},"geometry":{"type":"Point","coordinates":[-79.2,48.8]}},{"type":"Feature","properties":{"name":"New Glasgow","rank":2,"capital":0},"geometry":{"type":"Point","coordinates":[-62.633,45.583]}},{"type":"Feature","properties":{"name":"Liverpool","rank":2,"capital":0},"geometry":{"type":"Point","coordinates":[-64.72,44.04]}},{"type":"Feature","properties":{"name":"Amherst","rank":2,"capital":0},"geometry":{"type":"Point","coordinates":[-64.217,45.817]}},{"type":"Feature","properties":{"name":"Baddeck","rank":2,"capital":0},"geometry":{"type":"Point","coordinates":[-60.754,46.1]}},{"type":"Feature","properties":{"name":"Deer Lake","rank":2,"capital":0},"geometry":{"type":"Point","coordinates":[-57.427,49.174]}},{"type":"Feature","properties":{"name":"La Scie","rank":2,"capital":0},"geometry":{"type":"Point","coordinates":[-55.583,49.967]}},{"type":"Feature","properties":{"name":"Hopedale","rank":2,"capital":0},"geometry":{"type":"Point","coordinates":[-60.217,55.45]}},{"type":"Feature","properties":{"name":"Happy Valley - Goose Bay","rank":2,"capital":0},"geometry":{"type":"Point","coordinates":[-60.3,53.3]}},{"type":"Feature","properties":{"name":"Port Hope Simpson","rank":2,"capital":0},"geometry":{"type":"Point","coordinates":[-56.3,52.533]}},{"type":"Feature","properties":{"name":"Tangail","rank":2,"capital":0},"geometry":{"type":"Point","coordinates":[89.92,24.25]}},{"type":"Feature","properties":{"name":"Sylhet","rank":2,"capital":0},"geometry":{"type":"Point","coordinates":[91.874,24.904]}},{"type":"Feature","properties":{"name":"Tofino","rank":2,"capital":0},"geometry":{"type":"Point","coordinates":[-125.862,49.099]}},{"type":"Feature","properties":{"name":"Oymyakon","rank":2,"capital":0},"geometry":{"type":"Point","coordinates":[142.77,63.421]}},{"type":"Feature","properties":{"name":"Gwadar","rank":2,"capital":0},"geometry":{"type":"Point","coordinates":[62.329,25.139]}},{"type":"Feature","properties":{"name":"Zhob","rank":2,"capital":0},"geometry":{"type":"Point","coordinates":[69.439,31.349]}},{"type":"Feature","properties":{"name":"Gilgit","rank":2,"capital":0},"geometry":{"type":"Point","coordinates":[74.3,35.917]}},{"type":"Feature","properties":{"name":"Kasur","rank":2,"capital":0},"geometry":{"type":"Point","coordinates":[74.455,31.125]}},{"type":"Feature","properties":{"name":"Kundian","rank":2,"capital":0},"geometry":{"type":"Point","coordinates":[71.472,32.452]}},{"type":"Feature","properties":{"name":"Okara","rank":2,"capital":0},"geometry":{"type":"Point","coordinates":[73.45,30.81]}},{"type":"Feature","properties":{"name":"Jhang","rank":2,"capital":0},"geometry":{"type":"Point","coordinates":[72.325,31.28]}},{"type":"Feature","properties":{"name":"Sargodha","rank":2,"capital":0},"geometry":{"type":"Point","coordinates":[72.675,32.085]}},{"type":"Feature","properties":{"name":"Dera Ghazi Khan","rank":2,"capital":0},"geometry":{"type":"Point","coordinates":[70.635,30.06]}},{"type":"Feature","properties":{"name":"Sadiqabad","rank":2,"capital":0},"geometry":{"type":"Point","coordinates":[70.13,28.301]}},{"type":"Feature","properties":{"name":"Nawabshah","rank":2,"capital":0},"geometry":{"type":"Point","coordinates":[68.4,26.245]}},{"type":"Feature","properties":{"name":"Bannu","rank":2,"capital":0},"geometry":{"type":"Point","coordinates":[70.599,32.989]}},{"type":"Feature","properties":{"name":"Dera Ismail Khan","rank":2,"capital":0},"geometry":{"type":"Point","coordinates":[70.899,31.829]}},{"type":"Feature","properties":{"name":"Timiryazevskiy","rank":2,"capital":0},"geometry":{"type":"Point","coordinates":[84.904,56.493]}},{"type":"Feature","properties":{"name":"Asino","rank":2,"capital":0},"geometry":{"type":"Point","coordinates":[86.163,56.993]}},{"type":"Feature","properties":{"name":"Strezhevoy","rank":2,"capital":0},"geometry":{"type":"Point","coordinates":[77.578,60.733]}},{"type":"Feature","properties":{"name":"Cherkessk","rank":2,"capital":0},"geometry":{"type":"Point","coordinates":[42.06,44.29]}},{"type":"Feature","properties":{"name":"Vladikavkaz","rank":2,"capital":0},"geometry":{"type":"Point","coordinates":[44.67,43.05]}},{"type":"Feature","properties":{"name":"Blagodarnyy","rank":2,"capital":0},"geometry":{"type":"Point","coordinates":[43.434,45.105]}},{"type":"Feature","properties":{"name":"Zelenokumsk","rank":2,"capital":0},"geometry":{"type":"Point","coordinates":[43.879,44.409]}},{"type":"Feature","properties":{"name":"Mukhomornoye","rank":2,"capital":0},"geometry":{"type":"Point","coordinates":[173.333,66.417]}},{"type":"Feature","properties":{"name":"Beringovskiy","rank":2,"capital":0},"geometry":{"type":"Point","coordinates":[179.307,63.065]}},{"type":"Feature","properties":{"name":"Bilibino","rank":2,"capital":0},"geometry":{"type":"Point","coordinates":[166.449,68.053]}},{"type":"Feature","properties":{"name":"Mys Shmidta","rank":2,"capital":0},"geometry":{"type":"Point","coordinates":[-179.5,68.934]}},{"type":"Feature","properties":{"name":"Egvekinot","rank":2,"capital":0},"geometry":{"type":"Point","coordinates":[-179.184,66.322]}},{"type":"Feature","properties":{"name":"Sovetsk","rank":2,"capital":0},"geometry":{"type":"Point","coordinates":[21.882,55.072]}},{"type":"Feature","properties":{"name":"Nikel","rank":2,"capital":0},"geometry":{"type":"Point","coordinates":[30.219,69.413]}},{"type":"Feature","properties":{"name":"Monchegorsk","rank":2,"capital":0},"geometry":{"type":"Point","coordinates":[32.829,67.929]}},{"type":"Feature","properties":{"name":"Kirovsk","rank":2,"capital":0},"geometry":{"type":"Point","coordinates":[33.669,67.609]}},{"type":"Feature","properties":{"name":"Borovichi","rank":2,"capital":0},"geometry":{"type":"Point","coordinates":[33.897,58.398]}},{"type":"Feature","properties":{"name":"Staraya Russa","rank":2,"capital":0},"geometry":{"type":"Point","coordinates":[31.354,57.995]}},{"type":"Feature","properties":{"name":"Volkhov","rank":2,"capital":0},"geometry":{"type":"Point","coordinates":[32.339,59.929]}},{"type":"Feature","properties":{"name":"Tikhvin","rank":2,"capital":0},"geometry":{"type":"Point","coordinates":[33.514,59.645]}},{"type":"Feature","properties":{"name":"Svetogorsk","rank":2,"capital":0},"geometry":{"type":"Point","coordinates":[28.918,61.101]}},{"type":"Feature","properties":{"name":"Gatchina","rank":2,"capital":0},"geometry":{"type":"Point","coordinates":[30.133,59.571]}},{"type":"Feature","properties":{"name":"Luga","rank":2,"capital":0},"geometry":{"type":"Point","coordinates":[29.839,58.736]}},{"type":"Feature","properties":{"name":"Klintsy","rank":2,"capital":0},"geometry":{"type":"Point","coordinates":[32.245,52.765]}},{"type":"Feature","properties":{"name":"Roslavl","rank":2,"capital":0},"geometry":{"type":"Point","coordinates":[32.86,53.951]}},{"type":"Feature","properties":{"name":"Safonovo","rank":2,"capital":0},"geometry":{"type":"Point","coordinates":[33.216,55.146]}},{"type":"Feature","properties":{"name":"Vyazma","rank":2,"capital":0},"geometry":{"type":"Point","coordinates":[34.292,55.212]}},{"type":"Feature","properties":{"name":"Segezha","rank":2,"capital":0},"geometry":{"type":"Point","coordinates":[34.324,63.755]}},{"type":"Feature","properties":{"name":"Vichuga","rank":2,"capital":0},"geometry":{"type":"Point","coordinates":[41.929,57.219]}},{"type":"Feature","properties":{"name":"Sharya","rank":2,"capital":0},"geometry":{"type":"Point","coordinates":[45.509,58.38]}},{"type":"Feature","properties":{"name":"Buy","rank":2,"capital":0},"geometry":{"type":"Point","coordinates":[41.524,58.485]}},{"type":"Feature","properties":{"name":"Dzerzhinsk","rank":2,"capital":0},"geometry":{"type":"Point","coordinates":[43.46,56.25]}},{"type":"Feature","properties":{"name":"Vyska","rank":2,"capital":0},"geometry":{"type":"Point","coordinates":[42.164,55.325]}},{"type":"Feature","properties":{"name":"Kimry","rank":2,"capital":0},"geometry":{"type":"Point","coordinates":[37.344,56.869]}},{"type":"Feature","properties":{"name":"Bezhetsk","rank":2,"capital":0},"geometry":{"type":"Point","coordinates":[36.69,57.765]}},{"type":"Feature","properties":{"name":"Nelidovo","rank":2,"capital":0},"geometry":{"type":"Point","coordinates":[32.773,56.224]}},{"type":"Feature","properties":{"name":"Bologoye","rank":2,"capital":0},"geometry":{"type":"Point","coordinates":[34.052,57.872]}},{"type":"Feature","properties":{"name":"Torzhok","rank":2,"capital":0},"geometry":{"type":"Point","coordinates":[34.979,57.029]}},{"type":"Feature","properties":{"name":"Sokol","rank":2,"capital":0},"geometry":{"type":"Point","coordinates":[40.114,59.465]}},{"type":"Feature","properties":{"name":"Cherepovets","rank":2,"capital":0},"geometry":{"type":"Point","coordinates":[37.91,59.14]}},{"type":"Feature","properties":{"name":"Rybinsk","rank":2,"capital":0},"geometry":{"type":"Point","coordinates":[38.82,58.05]}},{"type":"Feature","properties":{"name":"Rostov","rank":2,"capital":0},"geometry":{"type":"Point","coordinates":[39.404,57.189]}},{"type":"Feature","properties":{"name":"Kaluga","rank":2,"capital":0},"geometry":{"type":"Point","coordinates":[36.27,54.52]}},{"type":"Feature","properties":{"name":"Kirov","rank":2,"capital":0},"geometry":{"type":"Point","coordinates":[34.305,54.085]}},{"type":"Feature","properties":{"name":"Obninsk","rank":2,"capital":0},"geometry":{"type":"Point","coordinates":[36.62,55.08]}},{"type":"Feature","properties":{"name":"Lgov","rank":2,"capital":0},"geometry":{"type":"Point","coordinates":[35.274,51.695]}},{"type":"Feature","properties":{"name":"Zheleznogorsk","rank":2,"capital":0},"geometry":{"type":"Point","coordinates":[35.404,52.355]}},{"type":"Feature","properties":{"name":"Gryazi","rank":2,"capital":0},"geometry":{"type":"Point","coordinates":[39.934,52.495]}},{"type":"Feature","properties":{"name":"Yegoryevsk","rank":2,"capital":0},"geometry":{"type":"Point","coordinates":[39.029,55.385]}},{"type":"Feature","properties":{"name":"Podolsk","rank":2,"capital":0},"geometry":{"type":"Point","coordinates":[37.53,55.38]}},{"type":"Feature","properties":{"name":"Solnechnogorsk","rank":2,"capital":0},"geometry":{"type":"Point","coordinates":[36.981,56.181]}},{"type":"Feature","properties":{"name":"Noginsk","rank":2,"capital":0},"geometry":{"type":"Point","coordinates":[38.48,55.87]}},{"type":"Feature","properties":{"name":"Serpukhov","rank":2,"capital":0},"geometry":{"type":"Point","coordinates":[37.43,54.93]}},{"type":"Feature","properties":{"name":"Livny","rank":2,"capital":0},"geometry":{"type":"Point","coordinates":[37.604,52.425]}},{"type":"Feature","properties":{"name":"Mtsensk","rank":2,"capital":0},"geometry":{"type":"Point","coordinates":[36.547,53.265]}},{"type":"Feature","properties":{"name":"Salsk","rank":2,"capital":0},"geometry":{"type":"Point","coordinates":[41.542,46.478]}},{"type":"Feature","properties":{"name":"Belaya Kalitva","rank":2,"capital":0},"geometry":{"type":"Point","coordinates":[40.786,48.187]}},{"type":"Feature","properties":{"name":"Shakhty","rank":2,"capital":0},"geometry":{"type":"Point","coordinates":[40.27,47.72]}},{"type":"Feature","properties":{"name":"Millerovo","rank":2,"capital":0},"geometry":{"type":"Point","coordinates":[40.397,48.938]}},{"type":"Feature","properties":{"name":"Yefremov","rank":2,"capital":0},"geometry":{"type":"Point","coordinates":[38.122,53.149]}},{"type":"Feature","properties":{"name":"Bogoroditsk","rank":2,"capital":0},"geometry":{"type":"Point","coordinates":[38.114,53.775]}},{"type":"Feature","properties":{"name":"Kamyshin","rank":2,"capital":0},"geometry":{"type":"Point","coordinates":[45.4,50.08]}},{"type":"Feature","properties":{"name":"Pallasovka","rank":2,"capital":0},"geometry":{"type":"Point","coordinates":[46.877,50.048]}},{"type":"Feature","properties":{"name":"Frolovo","rank":2,"capital":0},"geometry":{"type":"Point","coordinates":[43.652,49.772]}},{"type":"Feature","properties":{"name":"Volzhskiy","rank":2,"capital":0},"geometry":{"type":"Point","coordinates":[44.774,48.795]}},{"type":"Feature","properties":{"name":"Mikhaylovka","rank":2,"capital":0},"geometry":{"type":"Point","coordinates":[43.217,50.068]}},{"type":"Feature","properties":{"name":"Uryupinsk","rank":2,"capital":0},"geometry":{"type":"Point","coordinates":[42.003,50.773]}},{"type":"Feature","properties":{"name":"Starsy Oskol","rank":2,"capital":0},"geometry":{"type":"Point","coordinates":[37.84,51.3]}},{"type":"Feature","properties":{"name":"Alekseyevka","rank":2,"capital":0},"geometry":{"type":"Point","coordinates":[38.693,50.653]}},{"type":"Feature","properties":{"name":"Valuyki","rank":2,"capital":0},"geometry":{"type":"Point","coordinates":[38.099,50.209]}},{"type":"Feature","properties":{"name":"Tuapse","rank":2,"capital":0},"geometry":{"type":"Point","coordinates":[39.064,44.115]}},{"type":"Feature","properties":{"name":"Gelendzhik","rank":2,"capital":0},"geometry":{"type":"Point","coordinates":[38.064,44.575]}},{"type":"Feature","properties":{"name":"Labinsk","rank":2,"capital":0},"geometry":{"type":"Point","coordinates":[40.744,44.635]}},{"type":"Feature","properties":{"name":"Armavir","rank":2,"capital":0},"geometry":{"type":"Point","coordinates":[41.13,45.0]}},{"type":"Feature","properties":{"name":"Timashevsk","rank":2,"capital":0},"geometry":{"type":"Point","coordinates":[38.944,45.625]}},{"type":"Feature","properties":{"name":"Tikhoretsk","rank":2,"capital":0},"geometry":{"type":"Point","coordinates":[40.138,45.853]}},{"type":"Feature","properties":{"name":"Yeysk","rank":2,"capital":0},"geometry":{"type":"Point","coordinates":[38.263,46.699]}},{"type":"Feature","properties":{"name":"Saransk","rank":2,"capital":0},"geometry":{"type":"Point","coordinates":[45.18,54.17]}},{"type":"Feature","properties":{"name":"Kamenka","rank":2,"capital":0},"geometry":{"type":"Point","coordinates":[44.044,53.195]}},{"type":"Feature","properties":{"name":"Kuznetsk","rank":2,"capital":0},"geometry":{"type":"Point","coordinates":[46.6,53.12]}},{"type":"Feature","properties":{"name":"Serdobsk","rank":2,"capital":0},"geometry":{"type":"Point","coordinates":[44.222,52.462]}},{"type":"Feature","properties":{"name":"Kasimov","rank":2,"capital":0},"geometry":{"type":"Point","coordinates":[41.393,54.943]}},{"type":"Feature","properties":{"name":"Sasovo","rank":2,"capital":0},"geometry":{"type":"Point","coordinates":[41.909,54.349]}},{"type":"Feature","properties":{"name":"Kotovsk","rank":2,"capital":0},"geometry":{"type":"Point","coordinates":[41.504,52.595]}},{"type":"Feature","properties":{"name":"Morshansk","rank":2,"capital":0},"geometry":{"type":"Point","coordinates":[41.804,53.455]}},{"type":"Feature","properties":{"name":"Kovrov","rank":2,"capital":0},"geometry":{"type":"Point","coordinates":[41.33,56.36]}},{"type":"Feature","properties":{"name":"Murom","rank":2,"capital":0},"geometry":{"type":"Point","coordinates":[42.04,55.57]}},{"type":"Feature","properties":{"name":"Rayevskiy","rank":2,"capital":0},"geometry":{"type":"Point","coordinates":[54.927,54.067]}},{"type":"Feature","properties":{"name":"Sibay","rank":2,"capital":0},"geometry":{"type":"Point","coordinates":[58.639,52.709]}},{"type":"Feature","properties":{"name":"Kumertau","rank":2,"capital":0},"geometry":{"type":"Point","coordinates":[55.784,52.775]}},{"type":"Feature","properties":{"name":"Salavat","rank":2,"capital":0},"geometry":{"type":"Point","coordinates":[55.93,53.37]}},{"type":"Feature","properties":{"name":"Belebey","rank":2,"capital":0},"geometry":{"type":"Point","coordinates":[54.119,54.129]}},{"type":"Feature","properties":{"name":"Tuymazy","rank":2,"capital":0},"geometry":{"type":"Point","coordinates":[53.694,54.605]}},{"type":"Feature","properties":{"name":"Neftekamsk","rank":2,"capital":0},"geometry":{"type":"Point","coordinates":[54.263,56.084]}},{"type":"Feature","properties":{"name":"Troitsk","rank":2,"capital":0},"geometry":{"type":"Point","coordinates":[61.57,54.106]}},{"type":"Feature","properties":{"name":"Yemanzhelinsk","rank":2,"capital":0},"geometry":{"type":"Point","coordinates":[61.294,54.749]}},{"type":"Feature","properties":{"name":"Kartaly","rank":2,"capital":0},"geometry":{"type":"Point","coordinates":[60.682,53.047]}},{"type":"Feature","properties":{"name":"Asha","rank":2,"capital":0},"geometry":{"type":"Point","coordinates":[57.273,54.998]}},{"type":"Feature","properties":{"name":"Miass","rank":2,"capital":0},"geometry":{"type":"Point","coordinates":[60.095,54.995]}},{"type":"Feature","properties":{"name":"Kyshtym","rank":2,"capital":0},"geometry":{"type":"Point","coordinates":[60.56,55.7]}},{"type":"Feature","properties":{"name":"Kurtamysh","rank":2,"capital":0},"geometry":{"type":"Point","coordinates":[64.433,54.909]}},{"type":"Feature","properties":{"name":"Shadrinsk","rank":2,"capital":0},"geometry":{"type":"Point","coordinates":[63.633,56.084]}},{"type":"Feature","properties":{"name":"Varnek","rank":2,"capital":0},"geometry":{"type":"Point","coordinates":[60.064,69.73]}},{"type":"Feature","properties":{"name":"Bugrino","rank":2,"capital":0},"geometry":{"type":"Point","coordinates":[49.304,68.808]}},{"type":"Feature","properties":{"name":"Yamburg","rank":2,"capital":0},"geometry":{"type":"Point","coordinates":[74.925,67.922]}},{"type":"Feature","properties":{"name":"Nakhodka","rank":2,"capital":0},"geometry":{"type":"Point","coordinates":[77.52,67.75]}},{"type":"Feature","properties":{"name":"Sosnogorsk","rank":2,"capital":0},"geometry":{"type":"Point","coordinates":[53.894,63.595]}},{"type":"Feature","properties":{"name":"Sovetsk","rank":2,"capital":0},"geometry":{"type":"Point","coordinates":[48.958,57.578]}},{"type":"Feature","properties":{"name":"Slobodskoy","rank":2,"capital":0},"geometry":{"type":"Point","coordinates":[50.188,58.718]}},{"type":"Feature","properties":{"name":"Kirs","rank":2,"capital":0},"geometry":{"type":"Point","coordinates":[52.245,59.314]}},{"type":"Feature","properties":{"name":"Omutninsk","rank":2,"capital":0},"geometry":{"type":"Point","coordinates":[52.159,58.659]}},{"type":"Feature","properties":{"name":"Kotelnich","rank":2,"capital":0},"geometry":{"type":"Point","coordinates":[48.314,58.304]}},{"type":"Feature","properties":{"name":"Yoshkar Ola","rank":2,"capital":0},"geometry":{"type":"Point","coordinates":[47.875,56.635]}},{"type":"Feature","properties":{"name":"Kamensk Uralskiy","rank":2,"capital":0},"geometry":{"type":"Point","coordinates":[61.935,56.42]}},{"type":"Feature","properties":{"name":"Polevskoy","rank":2,"capital":0},"geometry":{"type":"Point","coordinates":[60.188,56.443]}},{"type":"Feature","properties":{"name":"Tavda","rank":2,"capital":0},"geometry":{"type":"Point","coordinates":[65.258,58.054]}},{"type":"Feature","properties":{"name":"Artemovskiy","rank":2,"capital":0},"geometry":{"type":"Point","coordinates":[61.87,57.365]}},{"type":"Feature","properties":{"name":"Nevyansk","rank":2,"capital":0},"geometry":{"type":"Point","coordinates":[60.215,57.49]}},{"type":"Feature","properties":{"name":"Verkhnyaya Salda","rank":2,"capital":0},"geometry":{"type":"Point","coordinates":[60.55,58.05]}},{"type":"Feature","properties":{"name":"Nizhnyaya Tura","rank":2,"capital":0},"geometry":{"type":"Point","coordinates":[59.798,58.644]}},{"type":"Feature","properties":{"name":"Karpinsk","rank":2,"capital":0},"geometry":{"type":"Point","coordinates":[60.01,59.76]}},{"type":"Feature","properties":{"name":"Ivdel","rank":2,"capital":0},"geometry":{"type":"Point","coordinates":[60.413,60.694]}},{"type":"Feature","properties":{"name":"Krasnoufimsk","rank":2,"capital":0},"geometry":{"type":"Point","coordinates":[57.759,56.599]}},{"type":"Feature","properties":{"name":"Sarapul","rank":2,"capital":0},"geometry":{"type":"Point","coordinates":[53.799,56.479]}},{"type":"Feature","properties":{"name":"Mozhga","rank":2,"capital":0},"geometry":{"type":"Point","coordinates":[52.184,56.455]}},{"type":"Feature","properties":{"name":"Votkinsk","rank":2,"capital":0},"geometry":{"type":"Point","coordinates":[53.99,57.03]}},{"type":"Feature","properties":{"name":"Glazov","rank":2,"capital":0},"geometry":{"type":"Point","coordinates":[52.629,58.123]}},{"type":"Feature","properties":{"name":"Kanash","rank":2,"capital":0},"geometry":{"type":"Point","coordinates":[47.469,55.509]}},{"type":"Feature","properties":{"name":"Shumerlya","rank":2,"capital":0},"geometry":{"type":"Point","coordinates":[46.424,55.485]}},{"type":"Feature","properties":{"name":"Alatyr","rank":2,"capital":0},"geometry":{"type":"Point","coordinates":[46.6,54.85]}},{"type":"Feature","properties":{"name":"Sol-lletsk","rank":2,"capital":0},"geometry":{"type":"Point","coordinates":[55.0,51.16]}},{"type":"Feature","properties":{"name":"Dombarovskiy","rank":2,"capital":0},"geometry":{"type":"Point","coordinates":[59.54,50.755]}},{"type":"Feature","properties":{"name":"Mednogorsk","rank":2,"capital":0},"geometry":{"type":"Point","coordinates":[57.579,51.419]}},{"type":"Feature","properties":{"name":"Gay","rank":2,"capital":0},"geometry":{"type":"Point","coordinates":[58.454,51.475]}},{"type":"Feature","properties":{"name":"Buzuluk","rank":2,"capital":0},"geometry":{"type":"Point","coordinates":[52.262,52.782]}},{"type":"Feature","properties":{"name":"Otradnyy","rank":2,"capital":0},"geometry":{"type":"Point","coordinates":[51.347,53.378]}},{"type":"Feature","properties":{"name":"Tolyatti","rank":2,"capital":0},"geometry":{"type":"Point","coordinates":[49.42,53.508]}},{"type":"Feature","properties":{"name":"Engels","rank":2,"capital":0},"geometry":{"type":"Point","coordinates":[46.12,51.5]}},{"type":"Feature","properties":{"name":"Pugachev","rank":2,"capital":0},"geometry":{"type":"Point","coordinates":[48.794,52.015]}},{"type":"Feature","properties":{"name":"Volsk","rank":2,"capital":0},"geometry":{"type":"Point","coordinates":[47.374,52.035]}},{"type":"Feature","properties":{"name":"Atkarsk","rank":2,"capital":0},"geometry":{"type":"Point","coordinates":[44.996,51.876]}},{"type":"Feature","properties":{"name":"Balashov","rank":2,"capital":0},"geometry":{"type":"Point","coordinates":[43.163,51.554]}},{"type":"Feature","properties":{"name":"Almetyevsk","rank":2,"capital":0},"geometry":{"type":"Point","coordinates":[52.32,54.9]}},{"type":"Feature","properties":{"name":"Chistopol","rank":2,"capital":0},"geometry":{"type":"Point","coordinates":[50.641,55.365]}},{"type":"Feature","properties":{"name":"Nizhnekamsk","rank":2,"capital":0},"geometry":{"type":"Point","coordinates":[51.82,55.64]}},{"type":"Feature","properties":{"name":"Dimitrovgrad","rank":2,"capital":0},"geometry":{"type":"Point","coordinates":[49.56,54.25]}},{"type":"Feature","properties":{"name":"Peregrebnoye","rank":2,"capital":0},"geometry":{"type":"Point","coordinates":[65.086,62.967]}},{"type":"Feature","properties":{"name":"Saranpaul","rank":2,"capital":0},"geometry":{"type":"Point","coordinates":[60.97,64.25]}},{"type":"Feature","properties":{"name":"Uray","rank":2,"capital":0},"geometry":{"type":"Point","coordinates":[64.755,60.14]}},{"type":"Feature","properties":{"name":"Laryak","rank":2,"capital":0},"geometry":{"type":"Point","coordinates":[80.251,61.101]}},{"type":"Feature","properties":{"name":"Kogalym","rank":2,"capital":0},"geometry":{"type":"Point","coordinates":[74.494,62.045]}},{"type":"Feature","properties":{"name":"Megion","rank":2,"capital":0},"geometry":{"type":"Point","coordinates":[76.095,61.061]}},{"type":"Feature","properties":{"name":"Cherlak","rank":2,"capital":0},"geometry":{"type":"Point","coordinates":[74.82,54.16]}},{"type":"Feature","properties":{"name":"Kalachinsk","rank":2,"capital":0},"geometry":{"type":"Point","coordinates":[74.568,55.049]}},{"type":"Feature","properties":{"name":"Nazyvayevsk","rank":2,"capital":0},"geometry":{"type":"Point","coordinates":[71.35,55.567]}},{"type":"Feature","properties":{"name":"Isikul","rank":2,"capital":0},"geometry":{"type":"Point","coordinates":[71.268,54.929]}},{"type":"Feature","properties":{"name":"Ishim","rank":2,"capital":0},"geometry":{"type":"Point","coordinates":[69.45,56.15]}},{"type":"Feature","properties":{"name":"Golyshmanovo","rank":2,"capital":0},"geometry":{"type":"Point","coordinates":[68.371,56.382]}},{"type":"Feature","properties":{"name":"Yalutorovsk","rank":2,"capital":0},"geometry":{"type":"Point","coordinates":[66.298,56.674]}},{"type":"Feature","properties":{"name":"Biysk","rank":2,"capital":0},"geometry":{"type":"Point","coordinates":[85.18,52.534]}},{"type":"Feature","properties":{"name":"Zmeinogorsk","rank":2,"capital":0},"geometry":{"type":"Point","coordinates":[82.195,51.157]}},{"type":"Feature","properties":{"name":"Aleysk","rank":2,"capital":0},"geometry":{"type":"Point","coordinates":[82.778,52.492]}},{"type":"Feature","properties":{"name":"Novoaltaysk","rank":2,"capital":0},"geometry":{"type":"Point","coordinates":[83.959,53.399]}},{"type":"Feature","properties":{"name":"Kamenna Obi","rank":2,"capital":0},"geometry":{"type":"Point","coordinates":[81.339,53.794]}},{"type":"Feature","properties":{"name":"Gornyak","rank":2,"capital":0},"geometry":{"type":"Point","coordinates":[81.488,50.988]}},{"type":"Feature","properties":{"name":"Kulunda","rank":2,"capital":0},"geometry":{"type":"Point","coordinates":[78.947,52.583]}},{"type":"Feature","properties":{"name":"Slavgorod","rank":2,"capital":0},"geometry":{"type":"Point","coordinates":[78.67,53.005]}},{"type":"Feature","properties":{"name":"Tashtagol","rank":2,"capital":0},"geometry":{"type":"Point","coordinates":[87.868,52.792]}},{"type":"Feature","properties":{"name":"Guryevsk","rank":2,"capital":0},"geometry":{"type":"Point","coordinates":[85.938,54.298]}},{"type":"Feature","properties":{"name":"Yurga","rank":2,"capital":0},"geometry":{"type":"Point","coordinates":[84.885,55.726]}},{"type":"Feature","properties":{"name":"Topki","rank":2,"capital":0},"geometry":{"type":"Point","coordinates":[85.611,55.28]}},{"type":"Feature","properties":{"name":"Mariinsk","rank":2,"capital":0},"geometry":{"type":"Point","coordinates":[87.76,56.211]}},{"type":"Feature","properties":{"name":"Shira","rank":2,"capital":0},"geometry":{"type":"Point","coordinates":[89.953,54.491]}},{"type":"Feature","properties":{"name":"Cherepanovo","rank":2,"capital":0},"geometry":{"type":"Point","coordinates":[83.369,54.234]}},{"type":"Feature","properties":{"name":"Kargat","rank":2,"capital":0},"geometry":{"type":"Point","coordinates":[80.281,55.196]}},{"type":"Feature","properties":{"name":"Ob","rank":2,"capital":0},"geometry":{"type":"Point","coordinates":[82.708,54.998]}},{"type":"Feature","properties":{"name":"Karasuk","rank":2,"capital":0},"geometry":{"type":"Point","coordinates":[78.022,53.727]}},{"type":"Feature","properties":{"name":"Barabinsk","rank":2,"capital":0},"geometry":{"type":"Point","coordinates":[78.352,55.357]}},{"type":"Feature","properties":{"name":"Tatarsk","rank":2,"capital":0},"geometry":{"type":"Point","coordinates":[75.967,55.222]}},{"type":"Feature","properties":{"name":"Kaspiysk","rank":2,"capital":0},"geometry":{"type":"Point","coordinates":[47.624,42.875]}},{"type":"Feature","properties":{"name":"Derbent","rank":2,"capital":0},"geometry":{"type":"Point","coordinates":[48.277,42.058]}},{"type":"Feature","properties":{"name":"Buynaksk","rank":2,"capital":0},"geometry":{"type":"Point","coordinates":[47.113,42.833]}},{"type":"Feature","properties":{"name":"Yessey","rank":2,"capital":0},"geometry":{"type":"Point","coordinates":[102.167,68.484]}},{"type":"Feature","properties":{"name":"Ulkan","rank":2,"capital":0},"geometry":{"type":"Point","coordinates":[107.783,55.9]}},{"type":"Feature","properties":{"name":"Kirensk","rank":2,"capital":0},"geometry":{"type":"Point","coordinates":[108.112,57.786]}},{"type":"Feature","properties":{"name":"Zheleznogorsk Ilimskiy","rank":2,"capital":0},"geometry":{"type":"Point","coordinates":[104.123,56.576]}},{"type":"Feature","properties":{"name":"Vikhorevka","rank":2,"capital":0},"geometry":{"type":"Point","coordinates":[101.243,56.093]}},{"type":"Feature","properties":{"name":"Biryusinsk","rank":2,"capital":0},"geometry":{"type":"Point","coordinates":[97.814,55.961]}},{"type":"Feature","properties":{"name":"Kodinskiy","rank":2,"capital":0},"geometry":{"type":"Point","coordinates":[99.1,58.695]}},{"type":"Feature","properties":{"name":"Artemovsk","rank":2,"capital":0},"geometry":{"type":"Point","coordinates":[93.436,54.349]}},{"type":"Feature","properties":{"name":"Uyar","rank":2,"capital":0},"geometry":{"type":"Point","coordinates":[94.315,55.81]}},{"type":"Feature","properties":{"name":"Uzhur","rank":2,"capital":0},"geometry":{"type":"Point","coordinates":[89.821,55.329]}},{"type":"Feature","properties":{"name":"Sayanogorsk","rank":2,"capital":0},"geometry":{"type":"Point","coordinates":[91.4,53.089]}},{"type":"Feature","properties":{"name":"Podkamennaya Tunguska","rank":2,"capital":0},"geometry":{"type":"Point","coordinates":[90.124,61.6]}},{"type":"Feature","properties":{"name":"Igarka","rank":2,"capital":0},"geometry":{"type":"Point","coordinates":[86.583,67.467]}},{"type":"Feature","properties":{"name":"Agapa","rank":2,"capital":0},"geometry":{"type":"Point","coordinates":[89.25,71.45]}},{"type":"Feature","properties":{"name":"Boyarka","rank":2,"capital":0},"geometry":{"type":"Point","coordinates":[97.5,70.767]}},{"type":"Feature","properties":{"name":"Nordvik","rank":2,"capital":0},"geometry":{"type":"Point","coordinates":[111.51,74.017]}},{"type":"Feature","properties":{"name":"Chelyuskin","rank":2,"capital":0},"geometry":{"type":"Point","coordinates":[104.25,77.717]}},{"type":"Feature","properties":{"name":"Taksimo","rank":2,"capital":0},"geometry":{"type":"Point","coordinates":[114.89,56.332]}},{"type":"Feature","properties":{"name":"Gusinoozyorsk","rank":2,"capital":0},"geometry":{"type":"Point","coordinates":[106.5,51.281]}},{"type":"Feature","properties":{"name":"Aginskoye","rank":2,"capital":0},"geometry":{"type":"Point","coordinates":[114.523,51.103]}},{"type":"Feature","properties":{"name":"Progress","rank":2,"capital":0},"geometry":{"type":"Point","coordinates":[129.617,49.75]}},{"type":"Feature","properties":{"name":"Belogorsk","rank":2,"capital":0},"geometry":{"type":"Point","coordinates":[128.464,50.919]}},{"type":"Feature","properties":{"name":"Nyukzha","rank":2,"capital":0},"geometry":{"type":"Point","coordinates":[121.613,56.531]}},{"type":"Feature","properties":{"name":"Nerchinsk","rank":2,"capital":0},"geometry":{"type":"Point","coordinates":[116.549,52.009]}},{"type":"Feature","properties":{"name":"Kavalerovo","rank":2,"capital":0},"geometry":{"type":"Point","coordinates":[135.05,44.27]}},{"type":"Feature","properties":{"name":"Spassk Dalniy","rank":2,"capital":0},"geometry":{"type":"Point","coordinates":[132.82,44.6]}},{"type":"Feature","properties":{"name":"Shalaurova","rank":2,"capital":0},"geometry":{"type":"Point","coordinates":[143.183,73.22]}},{"type":"Feature","properties":{"name":"Logashkino","rank":2,"capital":0},"geometry":{"type":"Point","coordinates":[153.9,70.85]}},{"type":"Feature","properties":{"name":"Ust Kuyga","rank":2,"capital":0},"geometry":{"type":"Point","coordinates":[135.6,70.017]}},{"type":"Feature","properties":{"name":"Pokrovsk","rank":2,"capital":0},"geometry":{"type":"Point","coordinates":[129.127,61.493]}},{"type":"Feature","properties":{"name":"Verkhnevilyuysk","rank":2,"capital":0},"geometry":{"type":"Point","coordinates":[120.317,63.446]}},{"type":"Feature","properties":{"name":"Vitim","rank":2,"capital":0},"geometry":{"type":"Point","coordinates":[112.558,59.451]}},{"type":"Feature","properties":{"name":"Olyokminsk","rank":2,"capital":0},"geometry":{"type":"Point","coordinates":[120.393,60.503]}},{"type":"Feature","properties":{"name":"Tunguskhaya","rank":2,"capital":0},"geometry":{"type":"Point","coordinates":[125.25,64.9]}},{"type":"Feature","properties":{"name":"Natara","rank":2,"capital":0},"geometry":{"type":"Point","coordinates":[123.925,68.411]}},{"type":"Feature","properties":{"name":"Zhilinda","rank":2,"capital":0},"geometry":{"type":"Point","coordinates":[114.0,70.134]}},{"type":"Feature","properties":{"name":"Trofimovsk","rank":2,"capital":0},"geometry":{"type":"Point","coordinates":[127.034,72.6]}},{"type":"Feature","properties":{"name":"Tukchi","rank":2,"capital":0},"geometry":{"type":"Point","coordinates":[139.5,57.367]}},{"type":"Feature","properties":{"name":"Amursk","rank":2,"capital":0},"geometry":{"type":"Point","coordinates":[136.897,50.223]}},{"type":"Feature","properties":{"name":"Bikin","rank":2,"capital":0},"geometry":{"type":"Point","coordinates":[134.265,46.82]}},{"type":"Feature","properties":{"name":"Vyazemskiy","rank":2,"capital":0},"geometry":{"type":"Point","coordinates":[134.747,47.533]}},{"type":"Feature","properties":{"name":"Chegdomyn","rank":2,"capital":0},"geometry":{"type":"Point","coordinates":[133.024,51.118]}},{"type":"Feature","properties":{"name":"Siglan","rank":2,"capital":0},"geometry":{"type":"Point","coordinates":[152.417,59.034]}},{"type":"Feature","properties":{"name":"Karamken","rank":2,"capital":0},"geometry":{"type":"Point","coordinates":[151.167,60.2]}},{"type":"Feature","properties":{"name":"Strelka","rank":2,"capital":0},"geometry":{"type":"Point","coordinates":[152.25,61.867]}},{"type":"Feature","properties":{"name":"Severo Kurilsk","rank":2,"capital":0},"geometry":{"type":"Point","coordinates":[156.085,50.69]}},{"type":"Feature","properties":{"name":"Krasnogorsk","rank":2,"capital":0},"geometry":{"type":"Point","coordinates":[142.09,48.462]}},{"type":"Feature","properties":{"name":"Poronaysk","rank":2,"capital":0},"geometry":{"type":"Point","coordinates":[143.085,49.242]}},{"type":"Feature","properties":{"name":"Makarov","rank":2,"capital":0},"geometry":{"type":"Point","coordinates":[142.8,48.634]}},{"type":"Feature","properties":{"name":"Dolinsk","rank":2,"capital":0},"geometry":{"type":"Point","coordinates":[142.8,47.35]}},{"type":"Feature","properties":{"name":"Nevelsk","rank":2,"capital":0},"geometry":{"type":"Point","coordinates":[141.87,46.68]}},{"type":"Feature","properties":{"name":"San Quint\u00edn","rank":2,"capital":0},"geometry":{"type":"Point","coordinates":[-115.94,30.558]}},{"type":"Feature","properties":{"name":"Punta Prieta","rank":2,"capital":0},"geometry":{"type":"Point","coordinates":[-114.167,28.934]}},{"type":"Feature","properties":{"name":"San Felipe","rank":2,"capital":0},"geometry":{"type":"Point","coordinates":[-114.85,31.024]}},{"type":"Feature","properties":{"name":"Santa Rosal\u00eda","rank":2,"capital":0},"geometry":{"type":"Point","coordinates":[-112.283,27.317]}},{"type":"Feature","properties":{"name":"Guerrero Negro","rank":2,"capital":0},"geometry":{"type":"Point","coordinates":[-114.17,27.99]}},{"type":"Feature","properties":{"name":"Piedras Negras","rank":2,"capital":0},"geometry":{"type":"Point","coordinates":[-100.532,28.708]}},{"type":"Feature","properties":{"name":"San Pedro de las Colonias","rank":2,"capital":0},"geometry":{"type":"Point","coordinates":[-102.983,25.759]}},{"type":"Feature","properties":{"name":"Sierra Mojada","rank":2,"capital":0},"geometry":{"type":"Point","coordinates":[-103.702,27.289]}},{"type":"Feature","properties":{"name":"Parras","rank":2,"capital":0},"geometry":{"type":"Point","coordinates":[-102.18,25.42]}},{"type":"Feature","properties":{"name":"Cuauht\u00e9moc","rank":2,"capital":0},"geometry":{"type":"Point","coordinates":[-106.87,28.426]}},{"type":"Feature","properties":{"name":"Nuevo Casas Grandes","rank":2,"capital":0},"geometry":{"type":"Point","coordinates":[-107.912,30.418]}},{"type":"Feature","properties":{"name":"Ojinaga","rank":2,"capital":0},"geometry":{"type":"Point","coordinates":[-104.41,29.54]}},{"type":"Feature","properties":{"name":"Villa Ahumada","rank":2,"capital":0},"geometry":{"type":"Point","coordinates":[-106.51,30.61]}},{"type":"Feature","properties":{"name":"Santa Barbara","rank":2,"capital":0},"geometry":{"type":"Point","coordinates":[-105.82,26.8]}},{"type":"Feature","properties":{"name":"Ciudad Camargo","rank":2,"capital":0},"geometry":{"type":"Point","coordinates":[-105.17,27.69]}},{"type":"Feature","properties":{"name":"Cuencame","rank":2,"capital":0},"geometry":{"type":"Point","coordinates":[-103.7,24.87]}},{"type":"Feature","properties":{"name":"Papasquiaro","rank":2,"capital":0},"geometry":{"type":"Point","coordinates":[-105.34,24.83]}},{"type":"Feature","properties":{"name":"Escuinapa","rank":2,"capital":0},"geometry":{"type":"Point","coordinates":[-105.8,22.85]}},{"type":"Feature","properties":{"name":"Guam\u00fachil","rank":2,"capital":0},"geometry":{"type":"Point","coordinates":[-108.09,25.47]}},{"type":"Feature","properties":{"name":"Guasave","rank":2,"capital":0},"geometry":{"type":"Point","coordinates":[-108.47,25.57]}},{"type":"Feature","properties":{"name":"El Fuerte","rank":2,"capital":0},"geometry":{"type":"Point","coordinates":[-108.62,26.42]}},{"type":"Feature","properties":{"name":"Eldorado","rank":2,"capital":0},"geometry":{"type":"Point","coordinates":[-107.37,24.33]}},{"type":"Feature","properties":{"name":"La Cruz","rank":2,"capital":0},"geometry":{"type":"Point","coordinates":[-106.9,23.92]}},{"type":"Feature","properties":{"name":"Agua Prieta","rank":2,"capital":0},"geometry":{"type":"Point","coordinates":[-109.563,31.322]}},{"type":"Feature","properties":{"name":"Ciudad Obregon","rank":2,"capital":0},"geometry":{"type":"Point","coordinates":[-109.925,27.467]}},{"type":"Feature","properties":{"name":"Navajoa","rank":2,"capital":0},"geometry":{"type":"Point","coordinates":[-109.455,27.082]}},{"type":"Feature","properties":{"name":"Caborca","rank":2,"capital":0},"geometry":{"type":"Point","coordinates":[-112.164,30.716]}},{"type":"Feature","properties":{"name":"Mazatl\u00e1n","rank":2,"capital":0},"geometry":{"type":"Point","coordinates":[-110.133,29.017]}},{"type":"Feature","properties":{"name":"Cananea","rank":2,"capital":0},"geometry":{"type":"Point","coordinates":[-110.3,30.99]}},{"type":"Feature","properties":{"name":"Huatabampo","rank":2,"capital":0},"geometry":{"type":"Point","coordinates":[-109.63,26.83]}},{"type":"Feature","properties":{"name":"Zacatecas","rank":2,"capital":0},"geometry":{"type":"Point","coordinates":[-102.58,22.77]}},{"type":"Feature","properties":{"name":"Juan Aldama","rank":2,"capital":0},"geometry":{"type":"Point","coordinates":[-103.39,24.29]}},{"type":"Feature","properties":{"name":"Valpara\u00edso","rank":2,"capital":0},"geometry":{"type":"Point","coordinates":[-103.57,22.77]}},{"type":"Feature","properties":{"name":"Fresnillo","rank":2,"capital":0},"geometry":{"type":"Point","coordinates":[-102.86,23.17]}},{"type":"Feature","properties":{"name":"Linares","rank":2,"capital":0},"geometry":{"type":"Point","coordinates":[-99.57,24.86]}},{"type":"Feature","properties":{"name":"Matehuala","rank":2,"capital":0},"geometry":{"type":"Point","coordinates":[-100.65,23.66]}},{"type":"Feature","properties":{"name":"Tamu\u00edn","rank":2,"capital":0},"geometry":{"type":"Point","coordinates":[-98.75,21.98]}},{"type":"Feature","properties":{"name":"Tamazunchale","rank":2,"capital":0},"geometry":{"type":"Point","coordinates":[-98.78,21.27]}},{"type":"Feature","properties":{"name":"Tula","rank":2,"capital":0},"geometry":{"type":"Point","coordinates":[-99.72,23.0]}},{"type":"Feature","properties":{"name":"Aldama","rank":2,"capital":0},"geometry":{"type":"Point","coordinates":[-98.07,22.92]}},{"type":"Feature","properties":{"name":"San Fernando","rank":2,"capital":0},"geometry":{"type":"Point","coordinates":[-98.16,24.85]}},{"type":"Feature","properties":{"name":"Tecoman","rank":2,"capital":0},"geometry":{"type":"Point","coordinates":[-103.88,18.92]}},{"type":"Feature","properties":{"name":"Puerto Vallarta","rank":2,"capital":0},"geometry":{"type":"Point","coordinates":[-105.245,20.677]}},{"type":"Feature","properties":{"name":"La Barca","rank":2,"capital":0},"geometry":{"type":"Point","coordinates":[-102.56,20.28]}},{"type":"Feature","properties":{"name":"Ciudad Guzman","rank":2,"capital":0},"geometry":{"type":"Point","coordinates":[-103.46,19.71]}},{"type":"Feature","properties":{"name":"Lagos de Moreno","rank":2,"capital":0},"geometry":{"type":"Point","coordinates":[-101.93,21.37]}},{"type":"Feature","properties":{"name":"Morelia","rank":2,"capital":0},"geometry":{"type":"Point","coordinates":[-101.189,19.733]}},{"type":"Feature","properties":{"name":"L\u00e1zaro C\u00e1rdenas","rank":2,"capital":0},"geometry":{"type":"Point","coordinates":[-102.2,17.959]}},{"type":"Feature","properties":{"name":"Zamora","rank":2,"capital":0},"geometry":{"type":"Point","coordinates":[-102.28,19.98]}},{"type":"Feature","properties":{"name":"Coalcoman","rank":2,"capital":0},"geometry":{"type":"Point","coordinates":[-103.15,18.78]}},{"type":"Feature","properties":{"name":"Uruapan","rank":2,"capital":0},"geometry":{"type":"Point","coordinates":[-102.07,19.42]}},{"type":"Feature","properties":{"name":"Tuxpan","rank":2,"capital":0},"geometry":{"type":"Point","coordinates":[-105.27,21.93]}},{"type":"Feature","properties":{"name":"Tepic","rank":2,"capital":0},"geometry":{"type":"Point","coordinates":[-104.88,21.505]}},{"type":"Feature","properties":{"name":"Compostela","rank":2,"capital":0},"geometry":{"type":"Point","coordinates":[-104.9,21.23]}},{"type":"Feature","properties":{"name":"Tecuala","rank":2,"capital":0},"geometry":{"type":"Point","coordinates":[-105.46,22.4]}},{"type":"Feature","properties":{"name":"Ciudad del Carmen","rank":2,"capital":0},"geometry":{"type":"Point","coordinates":[-91.824,18.654]}},{"type":"Feature","properties":{"name":"Champot\u00f3n","rank":2,"capital":0},"geometry":{"type":"Point","coordinates":[-90.72,19.35]}},{"type":"Feature","properties":{"name":"Salina Cruz","rank":2,"capital":0},"geometry":{"type":"Point","coordinates":[-95.2,16.167]}},{"type":"Feature","properties":{"name":"Puerto Escondido","rank":2,"capital":0},"geometry":{"type":"Point","coordinates":[-97.066,15.859]}},{"type":"Feature","properties":{"name":"Pochutla","rank":2,"capital":0},"geometry":{"type":"Point","coordinates":[-96.47,15.73]}},{"type":"Feature","properties":{"name":"Mitla","rank":2,"capital":0},"geometry":{"type":"Point","coordinates":[-96.4,16.917]}},{"type":"Feature","properties":{"name":"Tlaxiaco","rank":2,"capital":0},"geometry":{"type":"Point","coordinates":[-97.68,17.27]}},{"type":"Feature","properties":{"name":"Huajuapan de Le\u00f3n","rank":2,"capital":0},"geometry":{"type":"Point","coordinates":[-97.79,17.81]}},{"type":"Feature","properties":{"name":"Tehuacan","rank":2,"capital":0},"geometry":{"type":"Point","coordinates":[-97.38,18.45]}},{"type":"Feature","properties":{"name":"Teziutl\u00e1n","rank":2,"capital":0},"geometry":{"type":"Point","coordinates":[-97.36,19.82]}},{"type":"Feature","properties":{"name":"Frontera","rank":2,"capital":0},"geometry":{"type":"Point","coordinates":[-92.65,18.58]}},{"type":"Feature","properties":{"name":"Tenosique","rank":2,"capital":0},"geometry":{"type":"Point","coordinates":[-91.43,17.48]}},{"type":"Feature","properties":{"name":"Salamanca","rank":2,"capital":0},"geometry":{"type":"Point","coordinates":[-101.2,20.57]}},{"type":"Feature","properties":{"name":"Guanajuato","rank":2,"capital":0},"geometry":{"type":"Point","coordinates":[-101.28,21.02]}},{"type":"Feature","properties":{"name":"Taxco","rank":2,"capital":0},"geometry":{"type":"Point","coordinates":[-99.62,18.57]}},{"type":"Feature","properties":{"name":"Ayutla","rank":2,"capital":0},"geometry":{"type":"Point","coordinates":[-99.095,16.964]}},{"type":"Feature","properties":{"name":"Ciudad Altamirano","rank":2,"capital":0},"geometry":{"type":"Point","coordinates":[-100.65,18.32]}},{"type":"Feature","properties":{"name":"Petatl\u00e1n","rank":2,"capital":0},"geometry":{"type":"Point","coordinates":[-101.27,17.52]}},{"type":"Feature","properties":{"name":"Pachuca","rank":2,"capital":0},"geometry":{"type":"Point","coordinates":[-98.736,20.106]}},{"type":"Feature","properties":{"name":"Toluca","rank":2,"capital":0},"geometry":{"type":"Point","coordinates":[-99.653,19.289]}},{"type":"Feature","properties":{"name":"Zumpango","rank":2,"capital":0},"geometry":{"type":"Point","coordinates":[-99.11,19.81]}},{"type":"Feature","properties":{"name":"Minatitl\u00e1n","rank":2,"capital":0},"geometry":{"type":"Point","coordinates":[-94.53,17.98]}},{"type":"Feature","properties":{"name":"Coatzacoalcos","rank":2,"capital":0},"geometry":{"type":"Point","coordinates":[-94.42,18.12]}},{"type":"Feature","properties":{"name":"Poza Rica de Hidalgo","rank":2,"capital":0},"geometry":{"type":"Point","coordinates":[-97.444,20.526]}},{"type":"Feature","properties":{"name":"C\u00f3rdoba","rank":2,"capital":0},"geometry":{"type":"Point","coordinates":[-96.92,18.92]}},{"type":"Feature","properties":{"name":"Santiago Tuxtla","rank":2,"capital":0},"geometry":{"type":"Point","coordinates":[-95.3,18.47]}},{"type":"Feature","properties":{"name":"Tuxpam","rank":2,"capital":0},"geometry":{"type":"Point","coordinates":[-97.41,20.96]}},{"type":"Feature","properties":{"name":"P\u00e1nuco","rank":2,"capital":0},"geometry":{"type":"Point","coordinates":[-98.19,22.06]}},{"type":"Feature","properties":{"name":"Pijijiapan","rank":2,"capital":0},"geometry":{"type":"Point","coordinates":[-93.22,15.69]}},{"type":"Feature","properties":{"name":"Isla Mujeres","rank":2,"capital":0},"geometry":{"type":"Point","coordinates":[-86.711,21.208]}},{"type":"Feature","properties":{"name":"Felipe Carrillo Puerto","rank":2,"capital":0},"geometry":{"type":"Point","coordinates":[-88.05,19.58]}},{"type":"Feature","properties":{"name":"Tizim\u00edn","rank":2,"capital":0},"geometry":{"type":"Point","coordinates":[-88.15,21.13]}},{"type":"Feature","properties":{"name":"Valladolid","rank":2,"capital":0},"geometry":{"type":"Point","coordinates":[-88.2,20.67]}},{"type":"Feature","properties":{"name":"Izamal","rank":2,"capital":0},"geometry":{"type":"Point","coordinates":[-89.02,20.93]}},{"type":"Feature","properties":{"name":"Ticul","rank":2,"capital":0},"geometry":{"type":"Point","coordinates":[-89.53,20.4]}},{"type":"Feature","properties":{"name":"Biu","rank":2,"capital":0},"geometry":{"type":"Point","coordinates":[12.19,10.62]}},{"type":"Feature","properties":{"name":"Bama","rank":2,"capital":0},"geometry":{"type":"Point","coordinates":[13.69,11.52]}},{"type":"Feature","properties":{"name":"Aba","rank":2,"capital":0},"geometry":{"type":"Point","coordinates":[7.35,5.1]}},{"type":"Feature","properties":{"name":"Opobo","rank":2,"capital":0},"geometry":{"type":"Point","coordinates":[7.56,4.57]}},{"type":"Feature","properties":{"name":"Orlu","rank":2,"capital":0},"geometry":{"type":"Point","coordinates":[7.033,5.784]}},{"type":"Feature","properties":{"name":"Oturkpo","rank":2,"capital":0},"geometry":{"type":"Point","coordinates":[8.13,7.19]}},{"type":"Feature","properties":{"name":"Calabar","rank":2,"capital":0},"geometry":{"type":"Point","coordinates":[8.33,4.96]}},{"type":"Feature","properties":{"name":"Wukari","rank":2,"capital":0},"geometry":{"type":"Point","coordinates":[9.78,7.87]}},{"type":"Feature","properties":{"name":"Jalingo","rank":2,"capital":0},"geometry":{"type":"Point","coordinates":[11.36,8.9]}},{"type":"Feature","properties":{"name":"Kontagora","rank":2,"capital":0},"geometry":{"type":"Point","coordinates":[5.47,10.4]}},{"type":"Feature","properties":{"name":"Bida","rank":2,"capital":0},"geometry":{"type":"Point","coordinates":[6.01,9.08]}},{"type":"Feature","properties":{"name":"Abeokuta","rank":2,"capital":0},"geometry":{"type":"Point","coordinates":[3.35,7.16]}},{"type":"Feature","properties":{"name":"Ijebu Ode","rank":2,"capital":0},"geometry":{"type":"Point","coordinates":[3.92,6.82]}},{"type":"Feature","properties":{"name":"Akure","rank":2,"capital":0},"geometry":{"type":"Point","coordinates":[5.2,7.25]}},{"type":"Feature","properties":{"name":"Ikare","rank":2,"capital":0},"geometry":{"type":"Point","coordinates":[5.76,7.53]}},{"type":"Feature","properties":{"name":"Owo","rank":2,"capital":0},"geometry":{"type":"Point","coordinates":[5.59,7.2]}},{"type":"Feature","properties":{"name":"Ondo","rank":2,"capital":0},"geometry":{"type":"Point","coordinates":[4.84,7.09]}},{"type":"Feature","properties":{"name":"Ado Ekiti","rank":2,"capital":0},"geometry":{"type":"Point","coordinates":[5.22,7.63]}},{"type":"Feature","properties":{"name":"Ife","rank":2,"capital":0},"geometry":{"type":"Point","coordinates":[4.56,7.48]}},{"type":"Feature","properties":{"name":"Oshogbo","rank":2,"capital":0},"geometry":{"type":"Point","coordinates":[4.56,7.77]}},{"type":"Feature","properties":{"name":"Oyo","rank":2,"capital":0},"geometry":{"type":"Point","coordinates":[3.93,7.85]}},{"type":"Feature","properties":{"name":"Awka","rank":2,"capital":0},"geometry":{"type":"Point","coordinates":[7.07,6.21]}},{"type":"Feature","properties":{"name":"Onitsha","rank":2,"capital":0},"geometry":{"type":"Point","coordinates":[6.78,6.14]}},{"type":"Feature","properties":{"name":"Azare","rank":2,"capital":0},"geometry":{"type":"Point","coordinates":[10.19,11.68]}},{"type":"Feature","properties":{"name":"Bauchi","rank":2,"capital":0},"geometry":{"type":"Point","coordinates":[9.84,10.31]}},{"type":"Feature","properties":{"name":"Gombe","rank":2,"capital":0},"geometry":{"type":"Point","coordinates":[11.17,10.29]}},{"type":"Feature","properties":{"name":"Kumo","rank":2,"capital":0},"geometry":{"type":"Point","coordinates":[11.213,10.046]}},{"type":"Feature","properties":{"name":"Sapele","rank":2,"capital":0},"geometry":{"type":"Point","coordinates":[5.68,5.89]}},{"type":"Feature","properties":{"name":"Nsukka","rank":2,"capital":0},"geometry":{"type":"Point","coordinates":[7.383,6.867]}},{"type":"Feature","properties":{"name":"Lokoja","rank":2,"capital":0},"geometry":{"type":"Point","coordinates":[6.74,7.8]}},{"type":"Feature","properties":{"name":"Idah","rank":2,"capital":0},"geometry":{"type":"Point","coordinates":[6.74,7.11]}},{"type":"Feature","properties":{"name":"Lafia","rank":2,"capital":0},"geometry":{"type":"Point","coordinates":[8.52,8.49]}},{"type":"Feature","properties":{"name":"Keffi","rank":2,"capital":0},"geometry":{"type":"Point","coordinates":[7.874,8.849]}},{"type":"Feature","properties":{"name":"Funtua","rank":2,"capital":0},"geometry":{"type":"Point","coordinates":[7.32,11.52]}},{"type":"Feature","properties":{"name":"Katsina","rank":2,"capital":0},"geometry":{"type":"Point","coordinates":[7.6,12.99]}},{"type":"Feature","properties":{"name":"Gusau","rank":2,"capital":0},"geometry":{"type":"Point","coordinates":[6.66,12.17]}},{"type":"Feature","properties":{"name":"Nguru","rank":2,"capital":0},"geometry":{"type":"Point","coordinates":[10.45,12.88]}},{"type":"Feature","properties":{"name":"Gashua","rank":2,"capital":0},"geometry":{"type":"Point","coordinates":[11.04,12.87]}},{"type":"Feature","properties":{"name":"Potiskum","rank":2,"capital":0},"geometry":{"type":"Point","coordinates":[11.08,11.71]}},{"type":"Feature","properties":{"name":"Birnin Kebbi","rank":2,"capital":0},"geometry":{"type":"Point","coordinates":[4.2,12.45]}},{"type":"Feature","properties":{"name":"Koko","rank":2,"capital":0},"geometry":{"type":"Point","coordinates":[4.517,11.423]}},{"type":"Feature","properties":{"name":"Mubi","rank":2,"capital":0},"geometry":{"type":"Point","coordinates":[13.27,10.27]}},{"type":"Feature","properties":{"name":"Numan","rank":2,"capital":0},"geometry":{"type":"Point","coordinates":[12.04,9.46]}},{"type":"Feature","properties":{"name":"Kudymkar","rank":2,"capital":0},"geometry":{"type":"Point","coordinates":[54.633,59.016]}},{"type":"Feature","properties":{"name":"Kungur","rank":2,"capital":0},"geometry":{"type":"Point","coordinates":[56.954,57.435]}},{"type":"Feature","properties":{"name":"Krasnokamsk","rank":2,"capital":0},"geometry":{"type":"Point","coordinates":[55.744,58.075]}},{"type":"Feature","properties":{"name":"Chusovoy","rank":2,"capital":0},"geometry":{"type":"Point","coordinates":[57.813,58.293]}},{"type":"Feature","properties":{"name":"Gubakha","rank":2,"capital":0},"geometry":{"type":"Point","coordinates":[57.589,58.869]}},{"type":"Feature","properties":{"name":"Utkholok","rank":2,"capital":0},"geometry":{"type":"Point","coordinates":[157.233,57.55]}},{"type":"Feature","properties":{"name":"Bol'sheretsk","rank":2,"capital":0},"geometry":{"type":"Point","coordinates":[156.359,52.439]}},{"type":"Feature","properties":{"name":"Il'pyrskiy","rank":2,"capital":0},"geometry":{"type":"Point","coordinates":[164.172,59.967]}},{"type":"Feature","properties":{"name":"Korf","rank":2,"capital":0},"geometry":{"type":"Point","coordinates":[165.818,60.332]}},{"type":"Feature","properties":{"name":"Kure","rank":2,"capital":0},"geometry":{"type":"Point","coordinates":[132.566,34.251]}},{"type":"Feature","properties":{"name":"Matsue","rank":2,"capital":0},"geometry":{"type":"Point","coordinates":[133.067,35.467]}},{"type":"Feature","properties":{"name":"Tottori","rank":2,"capital":0},"geometry":{"type":"Point","coordinates":[134.233,35.5]}},{"type":"Feature","properties":{"name":"Sasebo","rank":2,"capital":0},"geometry":{"type":"Point","coordinates":[129.718,33.163]}},{"type":"Feature","properties":{"name":"Kitaky\u016bsh\u016b","rank":2,"capital":0},"geometry":{"type":"Point","coordinates":[130.82,33.87]}},{"type":"Feature","properties":{"name":"Kumamoto","rank":2,"capital":0},"geometry":{"type":"Point","coordinates":[130.701,32.801]}},{"type":"Feature","properties":{"name":"\u014cita","rank":2,"capital":0},"geometry":{"type":"Point","coordinates":[131.598,33.243]}},{"type":"Feature","properties":{"name":"Gifu","rank":2,"capital":0},"geometry":{"type":"Point","coordinates":[136.763,35.423]}},{"type":"Feature","properties":{"name":"Tsu","rank":2,"capital":0},"geometry":{"type":"Point","coordinates":[136.517,34.717]}},{"type":"Feature","properties":{"name":"Matsumoto","rank":2,"capital":0},"geometry":{"type":"Point","coordinates":[137.97,36.24]}},{"type":"Feature","properties":{"name":"Shizuoka","rank":2,"capital":0},"geometry":{"type":"Point","coordinates":[138.385,34.986]}},{"type":"Feature","properties":{"name":"Hamamatsu","rank":2,"capital":0},"geometry":{"type":"Point","coordinates":[137.733,34.718]}},{"type":"Feature","properties":{"name":"Obihiro","rank":2,"capital":0},"geometry":{"type":"Point","coordinates":[143.17,42.93]}},{"type":"Feature","properties":{"name":"Tomakomai","rank":2,"capital":0},"geometry":{"type":"Point","coordinates":[141.55,42.65]}},{"type":"Feature","properties":{"name":"Kitami","rank":2,"capital":0},"geometry":{"type":"Point","coordinates":[143.9,43.85]}},{"type":"Feature","properties":{"name":"Otaru","rank":2,"capital":0},"geometry":{"type":"Point","coordinates":[140.978,43.189]}},{"type":"Feature","properties":{"name":"Fukui","rank":2,"capital":0},"geometry":{"type":"Point","coordinates":[136.22,36.07]}},{"type":"Feature","properties":{"name":"Maizuru","rank":2,"capital":0},"geometry":{"type":"Point","coordinates":[135.333,35.45]}},{"type":"Feature","properties":{"name":"Wakayama","rank":2,"capital":0},"geometry":{"type":"Point","coordinates":[135.168,34.223]}},{"type":"Feature","properties":{"name":"Mito","rank":2,"capital":0},"geometry":{"type":"Point","coordinates":[140.48,36.37]}},{"type":"Feature","properties":{"name":"K\u014dfu","rank":2,"capital":0},"geometry":{"type":"Point","coordinates":[138.583,35.65]}},{"type":"Feature","properties":{"name":"Iwaki","rank":2,"capital":0},"geometry":{"type":"Point","coordinates":[140.89,37.055]}},{"type":"Feature","properties":{"name":"Nagaoka","rank":2,"capital":0},"geometry":{"type":"Point","coordinates":[138.86,37.45]}},{"type":"Feature","properties":{"name":"Yamagata","rank":2,"capital":0},"geometry":{"type":"Point","coordinates":[140.32,38.27]}},{"type":"Feature","properties":{"name":"Tsuruoka","rank":2,"capital":0},"geometry":{"type":"Point","coordinates":[139.83,38.7]}},{"type":"Feature","properties":{"name":"Steinbach","rank":2,"capital":0},"geometry":{"type":"Point","coordinates":[-96.683,49.517]}},{"type":"Feature","properties":{"name":"Nelson House","rank":2,"capital":0},"geometry":{"type":"Point","coordinates":[-98.85,55.8]}},{"type":"Feature","properties":{"name":"Shamattawa","rank":2,"capital":0},"geometry":{"type":"Point","coordinates":[-92.083,55.85]}},{"type":"Feature","properties":{"name":"Oxford House","rank":2,"capital":0},"geometry":{"type":"Point","coordinates":[-95.267,54.95]}},{"type":"Feature","properties":{"name":"Yorkton","rank":2,"capital":0},"geometry":{"type":"Point","coordinates":[-102.467,51.217]}},{"type":"Feature","properties":{"name":"Swift Current","rank":2,"capital":0},"geometry":{"type":"Point","coordinates":[-107.767,50.284]}},{"type":"Feature","properties":{"name":"Biggar","rank":2,"capital":0},"geometry":{"type":"Point","coordinates":[-107.983,52.05]}},{"type":"Feature","properties":{"name":"Kindersley","rank":2,"capital":0},"geometry":{"type":"Point","coordinates":[-109.133,51.467]}},{"type":"Feature","properties":{"name":"Meadow Lake","rank":2,"capital":0},"geometry":{"type":"Point","coordinates":[-108.435,54.13]}},{"type":"Feature","properties":{"name":"Hudson Bay","rank":2,"capital":0},"geometry":{"type":"Point","coordinates":[-102.383,52.85]}},{"type":"Feature","properties":{"name":"Lethbridge","rank":2,"capital":0},"geometry":{"type":"Point","coordinates":[-112.833,49.7]}},{"type":"Feature","properties":{"name":"Brooks","rank":2,"capital":0},"geometry":{"type":"Point","coordinates":[-111.9,50.567]}},{"type":"Feature","properties":{"name":"Lake Louise","rank":2,"capital":0},"geometry":{"type":"Point","coordinates":[-116.183,51.434]}},{"type":"Feature","properties":{"name":"Athabasca","rank":2,"capital":0},"geometry":{"type":"Point","coordinates":[-113.267,54.717]}},{"type":"Feature","properties":{"name":"Fort Chipewyan","rank":2,"capital":0},"geometry":{"type":"Point","coordinates":[-111.15,58.717]}},{"type":"Feature","properties":{"name":"Bella Bella","rank":2,"capital":0},"geometry":{"type":"Point","coordinates":[-128.117,52.148]}},{"type":"Feature","properties":{"name":"Sandspit","rank":2,"capital":0},"geometry":{"type":"Point","coordinates":[-131.833,53.24]}},{"type":"Feature","properties":{"name":"Campbell River","rank":2,"capital":0},"geometry":{"type":"Point","coordinates":[-125.25,50.017]}},{"type":"Feature","properties":{"name":"Port Hardy","rank":2,"capital":0},"geometry":{"type":"Point","coordinates":[-127.5,50.717]}},{"type":"Feature","properties":{"name":"Nanaimo","rank":2,"capital":0},"geometry":{"type":"Point","coordinates":[-123.934,49.146]}},{"type":"Feature","properties":{"name":"Quesnel","rank":2,"capital":0},"geometry":{"type":"Point","coordinates":[-122.483,52.984]}},{"type":"Feature","properties":{"name":"Abbotsford","rank":2,"capital":0},"geometry":{"type":"Point","coordinates":[-122.3,49.05]}},{"type":"Feature","properties":{"name":"Dawson Creek","rank":2,"capital":0},"geometry":{"type":"Point","coordinates":[-120.233,55.767]}},{"type":"Feature","properties":{"name":"Penticton","rank":2,"capital":0},"geometry":{"type":"Point","coordinates":[-119.583,49.5]}},{"type":"Feature","properties":{"name":"Nelson","rank":2,"capital":0},"geometry":{"type":"Point","coordinates":[-117.283,49.484]}},{"type":"Feature","properties":{"name":"Lillooet","rank":2,"capital":0},"geometry":{"type":"Point","coordinates":[-121.933,50.684]}},{"type":"Feature","properties":{"name":"Powell River","rank":2,"capital":0},"geometry":{"type":"Point","coordinates":[-124.55,49.884]}},{"type":"Feature","properties":{"name":"Revelstoke","rank":2,"capital":0},"geometry":{"type":"Point","coordinates":[-118.183,51.0]}},{"type":"Feature","properties":{"name":"Burns Lake","rank":2,"capital":0},"geometry":{"type":"Point","coordinates":[-125.767,54.217]}},{"type":"Feature","properties":{"name":"Dease Lake","rank":2,"capital":0},"geometry":{"type":"Point","coordinates":[-130.033,58.45]}},{"type":"Feature","properties":{"name":"Coral Harbour","rank":2,"capital":0},"geometry":{"type":"Point","coordinates":[-83.177,64.154]}},{"type":"Feature","properties":{"name":"Baker Lake","rank":2,"capital":0},"geometry":{"type":"Point","coordinates":[-96.017,64.317]}},{"type":"Feature","properties":{"name":"Norman Wells","rank":2,"capital":0},"geometry":{"type":"Point","coordinates":[-126.85,65.284]}},{"type":"Feature","properties":{"name":"Fort McPherson","rank":2,"capital":0},"geometry":{"type":"Point","coordinates":[-134.895,67.492]}},{"type":"Feature","properties":{"name":"Burwash Landing","rank":2,"capital":0},"geometry":{"type":"Point","coordinates":[-139.0,61.35]}},{"type":"Feature","properties":{"name":"Orangeville","rank":2,"capital":0},"geometry":{"type":"Point","coordinates":[-80.083,43.917]}},{"type":"Feature","properties":{"name":"Little Current","rank":2,"capital":0},"geometry":{"type":"Point","coordinates":[-81.933,45.967]}},{"type":"Feature","properties":{"name":"Chapleau","rank":2,"capital":0},"geometry":{"type":"Point","coordinates":[-83.4,47.834]}},{"type":"Feature","properties":{"name":"Wawa","rank":2,"capital":0},"geometry":{"type":"Point","coordinates":[-84.783,48.0]}},{"type":"Feature","properties":{"name":"Hearst","rank":2,"capital":0},"geometry":{"type":"Point","coordinates":[-83.667,49.7]}},{"type":"Feature","properties":{"name":"Marathon","rank":2,"capital":0},"geometry":{"type":"Point","coordinates":[-86.367,48.75]}},{"type":"Feature","properties":{"name":"Sioux Lookout","rank":2,"capital":0},"geometry":{"type":"Point","coordinates":[-91.917,50.263]}},{"type":"Feature","properties":{"name":"Red Lake","rank":2,"capital":0},"geometry":{"type":"Point","coordinates":[-93.833,51.034]}},{"type":"Feature","properties":{"name":"Deer Lake","rank":2,"capital":0},"geometry":{"type":"Point","coordinates":[-94.067,52.617]}},{"type":"Feature","properties":{"name":"Cat Lake","rank":2,"capital":0},"geometry":{"type":"Point","coordinates":[-91.8,51.717]}},{"type":"Feature","properties":{"name":"Cornwall","rank":2,"capital":0},"geometry":{"type":"Point","coordinates":[-74.733,45.017]}},{"type":"Feature","properties":{"name":"Kingston","rank":2,"capital":0},"geometry":{"type":"Point","coordinates":[-76.483,44.234]}},{"type":"Feature","properties":{"name":"Barrie","rank":2,"capital":0},"geometry":{"type":"Point","coordinates":[-79.7,44.384]}},{"type":"Feature","properties":{"name":"Parry Sound","rank":2,"capital":0},"geometry":{"type":"Point","coordinates":[-80.033,45.334]}},{"type":"Feature","properties":{"name":"Wiarton","rank":2,"capital":0},"geometry":{"type":"Point","coordinates":[-81.133,44.734]}},{"type":"Feature","properties":{"name":"Cobalt","rank":2,"capital":0},"geometry":{"type":"Point","coordinates":[-79.683,47.384]}},{"type":"Feature","properties":{"name":"Cochrane","rank":2,"capital":0},"geometry":{"type":"Point","coordinates":[-81.017,49.067]}},{"type":"Feature","properties":{"name":"Nipigon","rank":2,"capital":0},"geometry":{"type":"Point","coordinates":[-88.25,49.017]}},{"type":"Feature","properties":{"name":"Atikokan","rank":2,"capital":0},"geometry":{"type":"Point","coordinates":[-91.617,48.75]}},{"type":"Feature","properties":{"name":"Rimouski","rank":2,"capital":0},"geometry":{"type":"Point","coordinates":[-68.517,48.434]}},{"type":"Feature","properties":{"name":"Saint-Georges","rank":2,"capital":0},"geometry":{"type":"Point","coordinates":[-70.667,46.117]}},{"type":"Feature","properties":{"name":"Victoriaville","rank":2,"capital":0},"geometry":{"type":"Point","coordinates":[-71.967,46.05]}},{"type":"Feature","properties":{"name":"Chevery","rank":2,"capital":0},"geometry":{"type":"Point","coordinates":[-59.61,50.481]}},{"type":"Feature","properties":{"name":"Mistassini","rank":2,"capital":0},"geometry":{"type":"Point","coordinates":[-73.867,50.417]}},{"type":"Feature","properties":{"name":"Kangirsuk","rank":2,"capital":0},"geometry":{"type":"Point","coordinates":[-69.999,60.025]}},{"type":"Feature","properties":{"name":"Shawinigan","rank":2,"capital":0},"geometry":{"type":"Point","coordinates":[-72.733,46.55]}},{"type":"Feature","properties":{"name":"Matagami","rank":2,"capital":0},"geometry":{"type":"Point","coordinates":[-77.633,49.75]}},{"type":"Feature","properties":{"name":"Mont-Laurier","rank":2,"capital":0},"geometry":{"type":"Point","coordinates":[-75.5,46.55]}},{"type":"Feature","properties":{"name":"Pembroke","rank":2,"capital":0},"geometry":{"type":"Point","coordinates":[-77.117,45.85]}},{"type":"Feature","properties":{"name":"Radisson","rank":2,"capital":0},"geometry":{"type":"Point","coordinates":[-77.617,53.784]}},{"type":"Feature","properties":{"name":"Saint John","rank":2,"capital":0},"geometry":{"type":"Point","coordinates":[-66.077,45.267]}},{"type":"Feature","properties":{"name":"Edmundston","rank":2,"capital":0},"geometry":{"type":"Point","coordinates":[-68.333,47.379]}},{"type":"Feature","properties":{"name":"Shelburne","rank":2,"capital":0},"geometry":{"type":"Point","coordinates":[-65.319,43.766]}},{"type":"Feature","properties":{"name":"Antigonish","rank":2,"capital":0},"geometry":{"type":"Point","coordinates":[-61.998,45.627]}},{"type":"Feature","properties":{"name":"Windsor","rank":2,"capital":0},"geometry":{"type":"Point","coordinates":[-64.129,44.981]}},{"type":"Feature","properties":{"name":"Digby","rank":2,"capital":0},"geometry":{"type":"Point","coordinates":[-65.76,44.623]}},{"type":"Feature","properties":{"name":"Stephenville","rank":2,"capital":0},"geometry":{"type":"Point","coordinates":[-58.567,48.55]}},{"type":"Feature","properties":{"name":"Argentia","rank":2,"capital":0},"geometry":{"type":"Point","coordinates":[-53.99,47.3]}},{"type":"Feature","properties":{"name":"St. Anthony","rank":2,"capital":0},"geometry":{"type":"Point","coordinates":[-55.6,51.384]}},{"type":"Feature","properties":{"name":"Channel-Port aux Basques","rank":2,"capital":0},"geometry":{"type":"Point","coordinates":[-59.15,47.567]}},{"type":"Feature","properties":{"name":"Buchans","rank":2,"capital":0},"geometry":{"type":"Point","coordinates":[-56.867,48.817]}},{"type":"Feature","properties":{"name":"Trout River","rank":2,"capital":0},"geometry":{"type":"Point","coordinates":[-58.117,49.484]}},{"type":"Feature","properties":{"name":"Churchill Falls","rank":2,"capital":0},"geometry":{"type":"Point","coordinates":[-63.981,53.526]}},{"type":"Feature","properties":{"name":"Forteau","rank":2,"capital":0},"geometry":{"type":"Point","coordinates":[-56.95,51.45]}},{"type":"Feature","properties":{"name":"Mymensingh","rank":2,"capital":0},"geometry":{"type":"Point","coordinates":[90.38,24.75]}},{"type":"Feature","properties":{"name":"Jamalpur","rank":2,"capital":0},"geometry":{"type":"Point","coordinates":[89.95,24.9]}},{"type":"Feature","properties":{"name":"Narayanganj","rank":2,"capital":0},"geometry":{"type":"Point","coordinates":[90.5,23.62]}},{"type":"Feature","properties":{"name":"Jashore","rank":2,"capital":0},"geometry":{"type":"Point","coordinates":[89.2,23.17]}},{"type":"Feature","properties":{"name":"Barishal","rank":2,"capital":0},"geometry":{"type":"Point","coordinates":[90.375,22.7]}},{"type":"Feature","properties":{"name":"Comilla","rank":2,"capital":0},"geometry":{"type":"Point","coordinates":[91.17,23.47]}},{"type":"Feature","properties":{"name":"Pabna","rank":2,"capital":0},"geometry":{"type":"Point","coordinates":[89.25,24.0]}},{"type":"Feature","properties":{"name":"Nawabganj","rank":2,"capital":0},"geometry":{"type":"Point","coordinates":[88.35,24.58]}},{"type":"Feature","properties":{"name":"Saidpur","rank":2,"capital":0},"geometry":{"type":"Point","coordinates":[89.0,25.8]}},{"type":"Feature","properties":{"name":"Chaman","rank":2,"capital":0},"geometry":{"type":"Point","coordinates":[66.446,30.925]}},{"type":"Feature","properties":{"name":"Turbat","rank":2,"capital":0},"geometry":{"type":"Point","coordinates":[63.072,25.992]}},{"type":"Feature","properties":{"name":"Faisalabad","rank":2,"capital":0},"geometry":{"type":"Point","coordinates":[73.108,31.412]}},{"type":"Feature","properties":{"name":"Rawalpindi","rank":2,"capital":0},"geometry":{"type":"Point","coordinates":[73.068,33.591]}},{"type":"Feature","properties":{"name":"Bahawalpur","rank":2,"capital":0},"geometry":{"type":"Point","coordinates":[71.675,29.39]}},{"type":"Feature","properties":{"name":"Mirpur Khas","rank":2,"capital":0},"geometry":{"type":"Point","coordinates":[69.012,25.532]}},{"type":"Feature","properties":{"name":"Sukkur","rank":2,"capital":0},"geometry":{"type":"Point","coordinates":[68.849,27.714]}},{"type":"Feature","properties":{"name":"Saidu","rank":2,"capital":0},"geometry":{"type":"Point","coordinates":[72.35,34.75]}},{"type":"Feature","properties":{"name":"Kolpashevo","rank":2,"capital":0},"geometry":{"type":"Point","coordinates":[82.907,58.311]}},{"type":"Feature","properties":{"name":"Omolon","rank":2,"capital":0},"geometry":{"type":"Point","coordinates":[160.5,65.25]}},{"type":"Feature","properties":{"name":"Pevek","rank":2,"capital":0},"geometry":{"type":"Point","coordinates":[170.313,69.701]}},{"type":"Feature","properties":{"name":"Umba","rank":2,"capital":0},"geometry":{"type":"Point","coordinates":[34.346,66.681]}},{"type":"Feature","properties":{"name":"Kovda","rank":2,"capital":0},"geometry":{"type":"Point","coordinates":[32.87,66.69]}},{"type":"Feature","properties":{"name":"Velikiy Novgorod","rank":2,"capital":0},"geometry":{"type":"Point","coordinates":[31.33,58.5]}},{"type":"Feature","properties":{"name":"Velikiye Luki","rank":2,"capital":0},"geometry":{"type":"Point","coordinates":[30.52,56.32]}},{"type":"Feature","properties":{"name":"Belomorsk","rank":2,"capital":0},"geometry":{"type":"Point","coordinates":[34.766,64.525]}},{"type":"Feature","properties":{"name":"Kem","rank":2,"capital":0},"geometry":{"type":"Point","coordinates":[34.568,64.954]}},{"type":"Feature","properties":{"name":"Krasino","rank":2,"capital":0},"geometry":{"type":"Point","coordinates":[54.421,70.731]}},{"type":"Feature","properties":{"name":"Mato\u010dkin \u0160ar","rank":2,"capital":0},"geometry":{"type":"Point","coordinates":[56.45,73.27]}},{"type":"Feature","properties":{"name":"Severodvinsk","rank":2,"capital":0},"geometry":{"type":"Point","coordinates":[39.83,64.57]}},{"type":"Feature","properties":{"name":"Kursk","rank":2,"capital":0},"geometry":{"type":"Point","coordinates":[36.19,51.74]}},{"type":"Feature","properties":{"name":"Tula","rank":2,"capital":0},"geometry":{"type":"Point","coordinates":[37.63,54.2]}},{"type":"Feature","properties":{"name":"Tambov","rank":2,"capital":0},"geometry":{"type":"Point","coordinates":[41.43,52.73]}},{"type":"Feature","properties":{"name":"Sterlitamak","rank":2,"capital":0},"geometry":{"type":"Point","coordinates":[55.96,53.63]}},{"type":"Feature","properties":{"name":"Kurgan","rank":2,"capital":0},"geometry":{"type":"Point","coordinates":[65.345,55.46]}},{"type":"Feature","properties":{"name":"Indiga","rank":2,"capital":0},"geometry":{"type":"Point","coordinates":[49.017,67.69]}},{"type":"Feature","properties":{"name":"Shoyna","rank":2,"capital":0},"geometry":{"type":"Point","coordinates":[44.133,67.867]}},{"type":"Feature","properties":{"name":"Novy Port","rank":2,"capital":0},"geometry":{"type":"Point","coordinates":[72.928,67.698]}},{"type":"Feature","properties":{"name":"Salekhard","rank":2,"capital":0},"geometry":{"type":"Point","coordinates":[66.61,66.535]}},{"type":"Feature","properties":{"name":"Gyda","rank":2,"capital":0},"geometry":{"type":"Point","coordinates":[78.466,70.881]}},{"type":"Feature","properties":{"name":"Tazovsky","rank":2,"capital":0},"geometry":{"type":"Point","coordinates":[78.7,67.467]}},{"type":"Feature","properties":{"name":"Novy Urengoy","rank":2,"capital":0},"geometry":{"type":"Point","coordinates":[76.633,66.083]}},{"type":"Feature","properties":{"name":"Nadym","rank":2,"capital":0},"geometry":{"type":"Point","coordinates":[72.515,65.53]}},{"type":"Feature","properties":{"name":"Noyabrsk","rank":2,"capital":0},"geometry":{"type":"Point","coordinates":[75.617,63.167]}},{"type":"Feature","properties":{"name":"Syktyvkar","rank":2,"capital":0},"geometry":{"type":"Point","coordinates":[50.82,61.66]}},{"type":"Feature","properties":{"name":"Ukhta","rank":2,"capital":0},"geometry":{"type":"Point","coordinates":[53.69,63.56]}},{"type":"Feature","properties":{"name":"Serov","rank":2,"capital":0},"geometry":{"type":"Point","coordinates":[60.585,59.615]}},{"type":"Feature","properties":{"name":"Cheboksary","rank":2,"capital":0},"geometry":{"type":"Point","coordinates":[47.25,56.13]}},{"type":"Feature","properties":{"name":"Orsk","rank":2,"capital":0},"geometry":{"type":"Point","coordinates":[58.627,51.21]}},{"type":"Feature","properties":{"name":"Balakovo","rank":2,"capital":0},"geometry":{"type":"Point","coordinates":[47.8,52.03]}},{"type":"Feature","properties":{"name":"Igrim","rank":2,"capital":0},"geometry":{"type":"Point","coordinates":[64.419,63.193]}},{"type":"Feature","properties":{"name":"Nyagan","rank":2,"capital":0},"geometry":{"type":"Point","coordinates":[65.381,62.147]}},{"type":"Feature","properties":{"name":"Khanty Mansiysk","rank":2,"capital":0},"geometry":{"type":"Point","coordinates":[69.002,61.002]}},{"type":"Feature","properties":{"name":"Nizhenvartovsk","rank":2,"capital":0},"geometry":{"type":"Point","coordinates":[76.58,60.935]}},{"type":"Feature","properties":{"name":"Numto","rank":2,"capital":0},"geometry":{"type":"Point","coordinates":[71.333,63.667]}},{"type":"Feature","properties":{"name":"Tara","rank":2,"capital":0},"geometry":{"type":"Point","coordinates":[74.378,56.898]}},{"type":"Feature","properties":{"name":"Tobolsk","rank":2,"capital":0},"geometry":{"type":"Point","coordinates":[68.265,58.2]}},{"type":"Feature","properties":{"name":"Rubtsovsk","rank":2,"capital":0},"geometry":{"type":"Point","coordinates":[81.21,51.52]}},{"type":"Feature","properties":{"name":"Gorno Altaysk","rank":2,"capital":0},"geometry":{"type":"Point","coordinates":[85.958,51.961]}},{"type":"Feature","properties":{"name":"Prokopyevsk","rank":2,"capital":0},"geometry":{"type":"Point","coordinates":[86.71,53.9]}},{"type":"Feature","properties":{"name":"Makhachkala","rank":2,"capital":0},"geometry":{"type":"Point","coordinates":[47.5,42.98]}},{"type":"Feature","properties":{"name":"Tura","rank":2,"capital":0},"geometry":{"type":"Point","coordinates":[100.25,64.283]}},{"type":"Feature","properties":{"name":"Noginsk","rank":2,"capital":0},"geometry":{"type":"Point","coordinates":[91.233,64.483]}},{"type":"Feature","properties":{"name":"Yerema","rank":2,"capital":0},"geometry":{"type":"Point","coordinates":[107.779,60.381]}},{"type":"Feature","properties":{"name":"Tayshet","rank":2,"capital":0},"geometry":{"type":"Point","coordinates":[97.988,55.928]}},{"type":"Feature","properties":{"name":"Usolye Sibirskoye","rank":2,"capital":0},"geometry":{"type":"Point","coordinates":[103.645,52.765]}},{"type":"Feature","properties":{"name":"Slyudyanka","rank":2,"capital":0},"geometry":{"type":"Point","coordinates":[103.699,51.654]}},{"type":"Feature","properties":{"name":"Cheremkhovo","rank":2,"capital":0},"geometry":{"type":"Point","coordinates":[103.074,53.159]}},{"type":"Feature","properties":{"name":"Zima","rank":2,"capital":0},"geometry":{"type":"Point","coordinates":[102.033,53.933]}},{"type":"Feature","properties":{"name":"Tulun","rank":2,"capital":0},"geometry":{"type":"Point","coordinates":[100.565,54.565]}},{"type":"Feature","properties":{"name":"Nizhneudinsk","rank":2,"capital":0},"geometry":{"type":"Point","coordinates":[99.028,54.898]}},{"type":"Feature","properties":{"name":"Ust-Kut","rank":2,"capital":0},"geometry":{"type":"Point","coordinates":[105.76,56.765]}},{"type":"Feature","properties":{"name":"Bodaybo","rank":2,"capital":0},"geometry":{"type":"Point","coordinates":[114.193,57.851]}},{"type":"Feature","properties":{"name":"Komsa","rank":2,"capital":0},"geometry":{"type":"Point","coordinates":[89.258,61.868]}},{"type":"Feature","properties":{"name":"Kansk","rank":2,"capital":0},"geometry":{"type":"Point","coordinates":[95.71,56.19]}},{"type":"Feature","properties":{"name":"Achinsk","rank":2,"capital":0},"geometry":{"type":"Point","coordinates":[90.5,56.27]}},{"type":"Feature","properties":{"name":"Yeniseysk","rank":2,"capital":0},"geometry":{"type":"Point","coordinates":[92.157,58.452]}},{"type":"Feature","properties":{"name":"Lesosibirsk","rank":2,"capital":0},"geometry":{"type":"Point","coordinates":[92.483,58.243]}},{"type":"Feature","properties":{"name":"Turukhansk","rank":2,"capital":0},"geometry":{"type":"Point","coordinates":[87.955,65.838]}},{"type":"Feature","properties":{"name":"Vorontsovo","rank":2,"capital":0},"geometry":{"type":"Point","coordinates":[83.564,71.698]}},{"type":"Feature","properties":{"name":"Starorybnoye","rank":2,"capital":0},"geometry":{"type":"Point","coordinates":[104.8,72.767]}},{"type":"Feature","properties":{"name":"Mikhaylova","rank":2,"capital":0},"geometry":{"type":"Point","coordinates":[86.982,75.095]}},{"type":"Feature","properties":{"name":"Dudinka","rank":2,"capital":0},"geometry":{"type":"Point","coordinates":[86.225,69.418]}},{"type":"Feature","properties":{"name":"Teeli","rank":2,"capital":0},"geometry":{"type":"Point","coordinates":[90.233,51.033]}},{"type":"Feature","properties":{"name":"Novyy Uoyin","rank":2,"capital":0},"geometry":{"type":"Point","coordinates":[111.734,56.135]}},{"type":"Feature","properties":{"name":"Bagdarin","rank":2,"capital":0},"geometry":{"type":"Point","coordinates":[113.6,54.433]}},{"type":"Feature","properties":{"name":"Severobaykalsk","rank":2,"capital":0},"geometry":{"type":"Point","coordinates":[109.313,55.634]}},{"type":"Feature","properties":{"name":"Kyakhta","rank":2,"capital":0},"geometry":{"type":"Point","coordinates":[106.453,50.353]}},{"type":"Feature","properties":{"name":"Svobodnyy","rank":2,"capital":0},"geometry":{"type":"Point","coordinates":[128.131,51.406]}},{"type":"Feature","properties":{"name":"Zeya","rank":2,"capital":0},"geometry":{"type":"Point","coordinates":[127.267,53.75]}},{"type":"Feature","properties":{"name":"Magdagachi","rank":2,"capital":0},"geometry":{"type":"Point","coordinates":[125.8,53.45]}},{"type":"Feature","properties":{"name":"Shimanovsk","rank":2,"capital":0},"geometry":{"type":"Point","coordinates":[127.697,52.002]}},{"type":"Feature","properties":{"name":"Skovorodino","rank":2,"capital":0},"geometry":{"type":"Point","coordinates":[123.917,53.983]}},{"type":"Feature","properties":{"name":"Tynda","rank":2,"capital":0},"geometry":{"type":"Point","coordinates":[124.708,55.174]}},{"type":"Feature","properties":{"name":"Olovyannaya","rank":2,"capital":0},"geometry":{"type":"Point","coordinates":[115.567,50.95]}},{"type":"Feature","properties":{"name":"Mogocha","rank":2,"capital":0},"geometry":{"type":"Point","coordinates":[119.767,53.733]}},{"type":"Feature","properties":{"name":"Krasnokamensk","rank":2,"capital":0},"geometry":{"type":"Point","coordinates":[118.026,50.066]}},{"type":"Feature","properties":{"name":"Borzya","rank":2,"capital":0},"geometry":{"type":"Point","coordinates":[116.519,50.389]}},{"type":"Feature","properties":{"name":"Khilok","rank":2,"capital":0},"geometry":{"type":"Point","coordinates":[110.45,51.35]}},{"type":"Feature","properties":{"name":"Nakhodka","rank":2,"capital":0},"geometry":{"type":"Point","coordinates":[132.887,42.837]}},{"type":"Feature","properties":{"name":"Ussuriysk","rank":2,"capital":0},"geometry":{"type":"Point","coordinates":[132.02,43.8]}},{"type":"Feature","properties":{"name":"Lesozavodsk","rank":2,"capital":0},"geometry":{"type":"Point","coordinates":[133.43,45.475]}},{"type":"Feature","properties":{"name":"Kazachye","rank":2,"capital":0},"geometry":{"type":"Point","coordinates":[136.217,70.733]}},{"type":"Feature","properties":{"name":"Verkhoyansk","rank":2,"capital":0},"geometry":{"type":"Point","coordinates":[133.385,67.545]}},{"type":"Feature","properties":{"name":"Chersky","rank":2,"capital":0},"geometry":{"type":"Point","coordinates":[161.33,68.75]}},{"type":"Feature","properties":{"name":"Srednekolymsk","rank":2,"capital":0},"geometry":{"type":"Point","coordinates":[153.71,67.45]}},{"type":"Feature","properties":{"name":"Zyryanka","rank":2,"capital":0},"geometry":{"type":"Point","coordinates":[150.89,65.736]}},{"type":"Feature","properties":{"name":"Eldikan","rank":2,"capital":0},"geometry":{"type":"Point","coordinates":[135.183,60.8]}},{"type":"Feature","properties":{"name":"Chagda","rank":2,"capital":0},"geometry":{"type":"Point","coordinates":[133.9,60.1]}},{"type":"Feature","properties":{"name":"Khandyga","rank":2,"capital":0},"geometry":{"type":"Point","coordinates":[135.6,62.666]}},{"type":"Feature","properties":{"name":"Ust-Maya","rank":2,"capital":0},"geometry":{"type":"Point","coordinates":[134.543,60.457]}},{"type":"Feature","properties":{"name":"Neryungri","rank":2,"capital":0},"geometry":{"type":"Point","coordinates":[124.71,56.674]}},{"type":"Feature","properties":{"name":"Chernyshevsky","rank":2,"capital":0},"geometry":{"type":"Point","coordinates":[112.471,63.013]}},{"type":"Feature","properties":{"name":"Terbyas","rank":2,"capital":0},"geometry":{"type":"Point","coordinates":[120.547,64.376]}},{"type":"Feature","properties":{"name":"Vilyuysk","rank":2,"capital":0},"geometry":{"type":"Point","coordinates":[121.625,63.755]}},{"type":"Feature","properties":{"name":"Sangar","rank":2,"capital":0},"geometry":{"type":"Point","coordinates":[127.474,63.924]}},{"type":"Feature","properties":{"name":"Menkere","rank":2,"capital":0},"geometry":{"type":"Point","coordinates":[123.35,67.989]}},{"type":"Feature","properties":{"name":"Saskylakh","rank":2,"capital":0},"geometry":{"type":"Point","coordinates":[114.083,71.917]}},{"type":"Feature","properties":{"name":"Govorovo","rank":2,"capital":0},"geometry":{"type":"Point","coordinates":[125.993,70.211]}},{"type":"Feature","properties":{"name":"Sagastyr","rank":2,"capital":0},"geometry":{"type":"Point","coordinates":[126.592,73.378]}},{"type":"Feature","properties":{"name":"Ust-Olenyok","rank":2,"capital":0},"geometry":{"type":"Point","coordinates":[119.773,72.998]}},{"type":"Feature","properties":{"name":"Suntar","rank":2,"capital":0},"geometry":{"type":"Point","coordinates":[117.632,62.144]}},{"type":"Feature","properties":{"name":"Olenyok","rank":2,"capital":0},"geometry":{"type":"Point","coordinates":[112.45,68.525]}},{"type":"Feature","properties":{"name":"Udachny","rank":2,"capital":0},"geometry":{"type":"Point","coordinates":[112.397,66.423]}},{"type":"Feature","properties":{"name":"Birobidzhan","rank":2,"capital":0},"geometry":{"type":"Point","coordinates":[132.951,48.797]}},{"type":"Feature","properties":{"name":"Khakhar","rank":2,"capital":0},"geometry":{"type":"Point","coordinates":[135.43,57.667]}},{"type":"Feature","properties":{"name":"De-Kastri","rank":2,"capital":0},"geometry":{"type":"Point","coordinates":[140.783,51.467]}},{"type":"Feature","properties":{"name":"Chumikan","rank":2,"capital":0},"geometry":{"type":"Point","coordinates":[135.315,54.711]}},{"type":"Feature","properties":{"name":"Komsomolsk na Amure","rank":2,"capital":0},"geometry":{"type":"Point","coordinates":[137.02,50.555]}},{"type":"Feature","properties":{"name":"Ayan","rank":2,"capital":0},"geometry":{"type":"Point","coordinates":[138.167,56.454]}},{"type":"Feature","properties":{"name":"Nikolayevsk na Amure","rank":2,"capital":0},"geometry":{"type":"Point","coordinates":[140.73,53.15]}},{"type":"Feature","properties":{"name":"Sovetskaya Gavan","rank":2,"capital":0},"geometry":{"type":"Point","coordinates":[140.275,48.97]}},{"type":"Feature","properties":{"name":"Evensk","rank":2,"capital":0},"geometry":{"type":"Point","coordinates":[159.233,61.95]}},{"type":"Feature","properties":{"name":"Palatka","rank":2,"capital":0},"geometry":{"type":"Point","coordinates":[150.9,60.1]}},{"type":"Feature","properties":{"name":"Omsukchan","rank":2,"capital":0},"geometry":{"type":"Point","coordinates":[155.8,62.533]}},{"type":"Feature","properties":{"name":"Susuman","rank":2,"capital":0},"geometry":{"type":"Point","coordinates":[148.167,62.783]}},{"type":"Feature","properties":{"name":"Nogliki","rank":2,"capital":0},"geometry":{"type":"Point","coordinates":[143.167,51.833]}},{"type":"Feature","properties":{"name":"Aleksandrovsk Sakhalinskiy","rank":2,"capital":0},"geometry":{"type":"Point","coordinates":[142.156,50.897]}},{"type":"Feature","properties":{"name":"Korsakov","rank":2,"capital":0},"geometry":{"type":"Point","coordinates":[142.777,46.642]}},{"type":"Feature","properties":{"name":"Ensenada","rank":2,"capital":0},"geometry":{"type":"Point","coordinates":[-116.62,31.87]}},{"type":"Feature","properties":{"name":"Saltillo","rank":2,"capital":0},"geometry":{"type":"Point","coordinates":[-101.007,25.422]}},{"type":"Feature","properties":{"name":"Ciudad Ju\u00e1rez","rank":2,"capital":0},"geometry":{"type":"Point","coordinates":[-106.492,31.692]}},{"type":"Feature","properties":{"name":"Delicias","rank":2,"capital":0},"geometry":{"type":"Point","coordinates":[-105.5,28.2]}},{"type":"Feature","properties":{"name":"Durango","rank":2,"capital":0},"geometry":{"type":"Point","coordinates":[-104.67,24.031]}},{"type":"Feature","properties":{"name":"Los Mochis","rank":2,"capital":0},"geometry":{"type":"Point","coordinates":[-109.0,25.79]}},{"type":"Feature","properties":{"name":"Ciudad Victoria","rank":2,"capital":0},"geometry":{"type":"Point","coordinates":[-99.13,23.72]}},{"type":"Feature","properties":{"name":"Aguascalientes","rank":2,"capital":0},"geometry":{"type":"Point","coordinates":[-102.292,21.881]}},{"type":"Feature","properties":{"name":"Manzanillo","rank":2,"capital":0},"geometry":{"type":"Point","coordinates":[-104.323,19.05]}},{"type":"Feature","properties":{"name":"Tehuantepec","rank":2,"capital":0},"geometry":{"type":"Point","coordinates":[-95.23,16.33]}},{"type":"Feature","properties":{"name":"Villahermosa","rank":2,"capital":0},"geometry":{"type":"Point","coordinates":[-92.9,18.0]}},{"type":"Feature","properties":{"name":"Cuernavaca","rank":2,"capital":0},"geometry":{"type":"Point","coordinates":[-99.24,18.921]}},{"type":"Feature","properties":{"name":"Quer\u00e9taro","rank":2,"capital":0},"geometry":{"type":"Point","coordinates":[-100.387,20.578]}},{"type":"Feature","properties":{"name":"Tapachula","rank":2,"capital":0},"geometry":{"type":"Point","coordinates":[-92.27,14.9]}},{"type":"Feature","properties":{"name":"Chetumal","rank":2,"capital":0},"geometry":{"type":"Point","coordinates":[-88.3,18.5]}},{"type":"Feature","properties":{"name":"Progreso","rank":2,"capital":0},"geometry":{"type":"Point","coordinates":[-89.667,21.283]}},{"type":"Feature","properties":{"name":"Manily","rank":2,"capital":0},"geometry":{"type":"Point","coordinates":[165.3,62.55]}},{"type":"Feature","properties":{"name":"Oktyabrsky","rank":2,"capital":0},"geometry":{"type":"Point","coordinates":[156.239,52.664]}},{"type":"Feature","properties":{"name":"Klyuchi","rank":2,"capital":0},"geometry":{"type":"Point","coordinates":[160.85,56.3]}},{"type":"Feature","properties":{"name":"Ust-Kamchatsk","rank":2,"capital":0},"geometry":{"type":"Point","coordinates":[162.435,56.214]}},{"type":"Feature","properties":{"name":"Kagoshima","rank":2,"capital":0},"geometry":{"type":"Point","coordinates":[130.561,31.586]}},{"type":"Feature","properties":{"name":"Matsuyama","rank":2,"capital":0},"geometry":{"type":"Point","coordinates":[132.766,33.846]}},{"type":"Feature","properties":{"name":"Kanazawa","rank":2,"capital":0},"geometry":{"type":"Point","coordinates":[136.64,36.56]}},{"type":"Feature","properties":{"name":"Muroran","rank":2,"capital":0},"geometry":{"type":"Point","coordinates":[140.98,42.35]}},{"type":"Feature","properties":{"name":"Asahikawa","rank":2,"capital":0},"geometry":{"type":"Point","coordinates":[142.38,43.755]}},{"type":"Feature","properties":{"name":"K\u014dbe","rank":2,"capital":0},"geometry":{"type":"Point","coordinates":[135.17,34.68]}},{"type":"Feature","properties":{"name":"Yokohama","rank":2,"capital":0},"geometry":{"type":"Point","coordinates":[139.602,35.431]}},{"type":"Feature","properties":{"name":"Akita","rank":2,"capital":0},"geometry":{"type":"Point","coordinates":[140.09,39.71]}},{"type":"Feature","properties":{"name":"Aomori","rank":2,"capital":0},"geometry":{"type":"Point","coordinates":[140.71,40.825]}},{"type":"Feature","properties":{"name":"Hirosaki","rank":2,"capital":0},"geometry":{"type":"Point","coordinates":[140.47,40.57]}},{"type":"Feature","properties":{"name":"Hachinohe","rank":2,"capital":0},"geometry":{"type":"Point","coordinates":[141.54,40.51]}},{"type":"Feature","properties":{"name":"Fukushima","rank":2,"capital":0},"geometry":{"type":"Point","coordinates":[140.47,37.74]}},{"type":"Feature","properties":{"name":"Morioka","rank":2,"capital":0},"geometry":{"type":"Point","coordinates":[141.13,39.72]}},{"type":"Feature","properties":{"name":"Niigata","rank":2,"capital":0},"geometry":{"type":"Point","coordinates":[139.04,37.92]}},{"type":"Feature","properties":{"name":"Brochet","rank":2,"capital":0},"geometry":{"type":"Point","coordinates":[-101.667,57.883]}},{"type":"Feature","properties":{"name":"Lynn Lake","rank":2,"capital":0},"geometry":{"type":"Point","coordinates":[-101.05,56.85]}},{"type":"Feature","properties":{"name":"Gillam","rank":2,"capital":0},"geometry":{"type":"Point","coordinates":[-94.7,56.35]}},{"type":"Feature","properties":{"name":"North Battleford","rank":2,"capital":0},"geometry":{"type":"Point","coordinates":[-108.283,52.767]}},{"type":"Feature","properties":{"name":"Prince Albert","rank":2,"capital":0},"geometry":{"type":"Point","coordinates":[-105.75,53.2]}},{"type":"Feature","properties":{"name":"Courtenay","rank":2,"capital":0},"geometry":{"type":"Point","coordinates":[-125.0,49.683]}},{"type":"Feature","properties":{"name":"Kelowna","rank":2,"capital":0},"geometry":{"type":"Point","coordinates":[-119.483,49.9]}},{"type":"Feature","properties":{"name":"Pangnirtung","rank":2,"capital":0},"geometry":{"type":"Point","coordinates":[-65.75,66.133]}},{"type":"Feature","properties":{"name":"Holman","rank":2,"capital":0},"geometry":{"type":"Point","coordinates":[-117.75,70.733]}},{"type":"Feature","properties":{"name":"Dryden","rank":2,"capital":0},"geometry":{"type":"Point","coordinates":[-92.833,49.783]}},{"type":"Feature","properties":{"name":"Attawapiskat","rank":2,"capital":0},"geometry":{"type":"Point","coordinates":[-82.433,52.917]}},{"type":"Feature","properties":{"name":"Hamilton","rank":2,"capital":0},"geometry":{"type":"Point","coordinates":[-79.83,43.25]}},{"type":"Feature","properties":{"name":"Windsor","rank":2,"capital":0},"geometry":{"type":"Point","coordinates":[-83.037,42.315]}},{"type":"Feature","properties":{"name":"Trois-Rivi\u00e8res","rank":2,"capital":0},"geometry":{"type":"Point","coordinates":[-72.55,46.35]}},{"type":"Feature","properties":{"name":"Sept-\u00celes","rank":2,"capital":0},"geometry":{"type":"Point","coordinates":[-66.36,50.316]}},{"type":"Feature","properties":{"name":"Corner Brook","rank":2,"capital":0},"geometry":{"type":"Point","coordinates":[-57.933,48.95]}},{"type":"Feature","properties":{"name":"Rangpur","rank":2,"capital":0},"geometry":{"type":"Point","coordinates":[89.28,25.75]}},{"type":"Feature","properties":{"name":"Provideniya","rank":2,"capital":0},"geometry":{"type":"Point","coordinates":[-173.226,64.423]}},{"type":"Feature","properties":{"name":"Uelen","rank":2,"capital":0},"geometry":{"type":"Point","coordinates":[-169.811,66.154]}},{"type":"Feature","properties":{"name":"Kandalaksha","rank":2,"capital":0},"geometry":{"type":"Point","coordinates":[32.414,67.164]}},{"type":"Feature","properties":{"name":"Vyborg","rank":2,"capital":0},"geometry":{"type":"Point","coordinates":[28.755,60.704]}},{"type":"Feature","properties":{"name":"Kondopoga","rank":2,"capital":0},"geometry":{"type":"Point","coordinates":[34.289,62.209]}},{"type":"Feature","properties":{"name":"Rusanovo","rank":2,"capital":0},"geometry":{"type":"Point","coordinates":[56.372,70.598]}},{"type":"Feature","properties":{"name":"Mezen","rank":2,"capital":0},"geometry":{"type":"Point","coordinates":[44.24,65.852]}},{"type":"Feature","properties":{"name":"Velsk","rank":2,"capital":0},"geometry":{"type":"Point","coordinates":[42.097,61.067]}},{"type":"Feature","properties":{"name":"Kotlas","rank":2,"capital":0},"geometry":{"type":"Point","coordinates":[46.663,61.263]}},{"type":"Feature","properties":{"name":"Onega","rank":2,"capital":0},"geometry":{"type":"Point","coordinates":[38.077,63.927]}},{"type":"Feature","properties":{"name":"Ivanovo","rank":2,"capital":0},"geometry":{"type":"Point","coordinates":[41.01,57.01]}},{"type":"Feature","properties":{"name":"Kostroma","rank":2,"capital":0},"geometry":{"type":"Point","coordinates":[40.94,57.77]}},{"type":"Feature","properties":{"name":"Velikiy Ustyug","rank":2,"capital":0},"geometry":{"type":"Point","coordinates":[46.299,60.769]}},{"type":"Feature","properties":{"name":"Lipetsk","rank":2,"capital":0},"geometry":{"type":"Point","coordinates":[39.64,52.62]}},{"type":"Feature","properties":{"name":"Orel","rank":2,"capital":0},"geometry":{"type":"Point","coordinates":[36.07,52.97]}},{"type":"Feature","properties":{"name":"Volgodonsk","rank":2,"capital":0},"geometry":{"type":"Point","coordinates":[42.16,47.51]}},{"type":"Feature","properties":{"name":"Belgorod","rank":2,"capital":0},"geometry":{"type":"Point","coordinates":[36.6,50.63]}},{"type":"Feature","properties":{"name":"Novorossiysk","rank":2,"capital":0},"geometry":{"type":"Point","coordinates":[37.77,44.73]}},{"type":"Feature","properties":{"name":"Vladimir","rank":2,"capital":0},"geometry":{"type":"Point","coordinates":[40.41,56.13]}},{"type":"Feature","properties":{"name":"Birsk","rank":2,"capital":0},"geometry":{"type":"Point","coordinates":[55.544,55.424]}},{"type":"Feature","properties":{"name":"Zlatoust","rank":2,"capital":0},"geometry":{"type":"Point","coordinates":[59.65,55.175]}},{"type":"Feature","properties":{"name":"Amderma","rank":2,"capital":0},"geometry":{"type":"Point","coordinates":[61.668,69.763]}},{"type":"Feature","properties":{"name":"Naryan Mar","rank":2,"capital":0},"geometry":{"type":"Point","coordinates":[53.057,67.647]}},{"type":"Feature","properties":{"name":"Inta","rank":2,"capital":0},"geometry":{"type":"Point","coordinates":[60.167,66.037]}},{"type":"Feature","properties":{"name":"Usinsk","rank":2,"capital":0},"geometry":{"type":"Point","coordinates":[57.403,65.923]}},{"type":"Feature","properties":{"name":"Pechora","rank":2,"capital":0},"geometry":{"type":"Point","coordinates":[57.209,65.159]}},{"type":"Feature","properties":{"name":"Pervouralsk","rank":2,"capital":0},"geometry":{"type":"Point","coordinates":[59.955,56.91]}},{"type":"Feature","properties":{"name":"Izhevsk","rank":2,"capital":0},"geometry":{"type":"Point","coordinates":[53.23,56.85]}},{"type":"Feature","properties":{"name":"Akhtubinsk","rank":2,"capital":0},"geometry":{"type":"Point","coordinates":[46.169,48.279]}},{"type":"Feature","properties":{"name":"Elista","rank":2,"capital":0},"geometry":{"type":"Point","coordinates":[44.209,46.329]}},{"type":"Feature","properties":{"name":"Krasnoarmeysk","rank":2,"capital":0},"geometry":{"type":"Point","coordinates":[45.697,51.017]}},{"type":"Feature","properties":{"name":"Cabo San Lucas","rank":2,"capital":0},"geometry":{"type":"Point","coordinates":[-109.905,22.893]}},{"type":"Feature","properties":{"name":"Monclova","rank":2,"capital":0},"geometry":{"type":"Point","coordinates":[-101.42,26.9]}},{"type":"Feature","properties":{"name":"Ometepec","rank":2,"capital":0},"geometry":{"type":"Point","coordinates":[-98.42,16.68]}},{"type":"Feature","properties":{"name":"Cozumel","rank":2,"capital":0},"geometry":{"type":"Point","coordinates":[-86.95,20.51]}},{"type":"Feature","properties":{"name":"Ilorin","rank":2,"capital":0},"geometry":{"type":"Point","coordinates":[4.548,8.492]}},{"type":"Feature","properties":{"name":"Minna","rank":2,"capital":0},"geometry":{"type":"Point","coordinates":[6.55,9.62]}},{"type":"Feature","properties":{"name":"Zaria","rank":2,"capital":0},"geometry":{"type":"Point","coordinates":[7.708,11.082]}},{"type":"Feature","properties":{"name":"Jos","rank":2,"capital":0},"geometry":{"type":"Point","coordinates":[8.89,9.93]}},{"type":"Feature","properties":{"name":"Yola","rank":2,"capital":0},"geometry":{"type":"Point","coordinates":[12.48,9.21]}},{"type":"Feature","properties":{"name":"Berezniki","rank":2,"capital":0},"geometry":{"type":"Point","coordinates":[56.76,59.42]}},{"type":"Feature","properties":{"name":"Norway House","rank":2,"capital":0},"geometry":{"type":"Point","coordinates":[-97.833,53.967]}},{"type":"Feature","properties":{"name":"Flin Flon","rank":2,"capital":0},"geometry":{"type":"Point","coordinates":[-101.883,54.767]}},{"type":"Feature","properties":{"name":"Dauphin","rank":2,"capital":0},"geometry":{"type":"Point","coordinates":[-100.05,51.15]}},{"type":"Feature","properties":{"name":"The Pas","rank":2,"capital":0},"geometry":{"type":"Point","coordinates":[-101.233,53.817]}},{"type":"Feature","properties":{"name":"Uranium City","rank":2,"capital":0},"geometry":{"type":"Point","coordinates":[-108.617,59.567]}},{"type":"Feature","properties":{"name":"Moose Jaw","rank":2,"capital":0},"geometry":{"type":"Point","coordinates":[-105.55,50.4]}},{"type":"Feature","properties":{"name":"Jasper","rank":2,"capital":0},"geometry":{"type":"Point","coordinates":[-118.083,52.883]}},{"type":"Feature","properties":{"name":"Medicine Hat","rank":2,"capital":0},"geometry":{"type":"Point","coordinates":[-110.683,50.033]}},{"type":"Feature","properties":{"name":"Red Deer","rank":2,"capital":0},"geometry":{"type":"Point","coordinates":[-113.8,52.267]}},{"type":"Feature","properties":{"name":"Banff","rank":2,"capital":0},"geometry":{"type":"Point","coordinates":[-115.572,51.178]}},{"type":"Feature","properties":{"name":"Grand Prairie","rank":2,"capital":0},"geometry":{"type":"Point","coordinates":[-118.8,55.167]}},{"type":"Feature","properties":{"name":"Smithers","rank":2,"capital":0},"geometry":{"type":"Point","coordinates":[-127.167,54.767]}},{"type":"Feature","properties":{"name":"Kamloops","rank":2,"capital":0},"geometry":{"type":"Point","coordinates":[-120.333,50.667]}},{"type":"Feature","properties":{"name":"Williams Lake","rank":2,"capital":0},"geometry":{"type":"Point","coordinates":[-122.15,52.117]}},{"type":"Feature","properties":{"name":"Prince George","rank":2,"capital":0},"geometry":{"type":"Point","coordinates":[-122.767,53.917]}},{"type":"Feature","properties":{"name":"Fort Nelson","rank":2,"capital":0},"geometry":{"type":"Point","coordinates":[-122.687,58.804]}},{"type":"Feature","properties":{"name":"Pond Inlet","rank":2,"capital":0},"geometry":{"type":"Point","coordinates":[-78.0,72.685]}},{"type":"Feature","properties":{"name":"Cape Dorset","rank":2,"capital":0},"geometry":{"type":"Point","coordinates":[-76.539,64.313]}},{"type":"Feature","properties":{"name":"Kimmirut","rank":2,"capital":0},"geometry":{"type":"Point","coordinates":[-69.883,62.85]}},{"type":"Feature","properties":{"name":"Gjoa Haven","rank":2,"capital":0},"geometry":{"type":"Point","coordinates":[-95.917,68.633]}},{"type":"Feature","properties":{"name":"Grise Fiord","rank":2,"capital":0},"geometry":{"type":"Point","coordinates":[-82.95,76.442]}},{"type":"Feature","properties":{"name":"Alert","rank":2,"capital":0},"geometry":{"type":"Point","coordinates":[-62.25,82.483]}},{"type":"Feature","properties":{"name":"Ennadai","rank":2,"capital":0},"geometry":{"type":"Point","coordinates":[-100.883,61.133]}},{"type":"Feature","properties":{"name":"Rankin Inlet","rank":2,"capital":0},"geometry":{"type":"Point","coordinates":[-92.095,62.817]}},{"type":"Feature","properties":{"name":"Fort Resolution","rank":2,"capital":0},"geometry":{"type":"Point","coordinates":[-113.683,61.167]}},{"type":"Feature","properties":{"name":"Fort Simpson","rank":2,"capital":0},"geometry":{"type":"Point","coordinates":[-121.333,61.85]}},{"type":"Feature","properties":{"name":"Inuvik","rank":2,"capital":0},"geometry":{"type":"Point","coordinates":[-133.7,68.35]}},{"type":"Feature","properties":{"name":"Tuktoyaktuk","rank":2,"capital":0},"geometry":{"type":"Point","coordinates":[-133.049,69.455]}},{"type":"Feature","properties":{"name":"Watson Lake","rank":2,"capital":0},"geometry":{"type":"Point","coordinates":[-128.712,60.062]}},{"type":"Feature","properties":{"name":"Lansdowne House","rank":2,"capital":0},"geometry":{"type":"Point","coordinates":[-87.883,52.217]}},{"type":"Feature","properties":{"name":"Moosonee","rank":2,"capital":0},"geometry":{"type":"Point","coordinates":[-80.658,51.281]}},{"type":"Feature","properties":{"name":"Sudbury","rank":2,"capital":0},"geometry":{"type":"Point","coordinates":[-80.967,46.5]}},{"type":"Feature","properties":{"name":"Kenora","rank":2,"capital":0},"geometry":{"type":"Point","coordinates":[-94.467,49.767]}},{"type":"Feature","properties":{"name":"Gasp\u00e9","rank":2,"capital":0},"geometry":{"type":"Point","coordinates":[-64.493,48.837]}},{"type":"Feature","properties":{"name":"Mingan","rank":2,"capital":0},"geometry":{"type":"Point","coordinates":[-64.017,50.302]}},{"type":"Feature","properties":{"name":"Dolbeau","rank":2,"capital":0},"geometry":{"type":"Point","coordinates":[-72.233,48.867]}},{"type":"Feature","properties":{"name":"Val d'Or","rank":2,"capital":0},"geometry":{"type":"Point","coordinates":[-77.767,48.117]}},{"type":"Feature","properties":{"name":"Ivugivik","rank":2,"capital":0},"geometry":{"type":"Point","coordinates":[-77.9,62.417]}},{"type":"Feature","properties":{"name":"Inukjuak","rank":2,"capital":0},"geometry":{"type":"Point","coordinates":[-78.136,58.47]}},{"type":"Feature","properties":{"name":"Chicoutimi","rank":2,"capital":0},"geometry":{"type":"Point","coordinates":[-71.067,48.433]}},{"type":"Feature","properties":{"name":"Moncton","rank":2,"capital":0},"geometry":{"type":"Point","coordinates":[-64.767,46.083]}},{"type":"Feature","properties":{"name":"Fredericton","rank":2,"capital":0},"geometry":{"type":"Point","coordinates":[-66.633,45.95]}},{"type":"Feature","properties":{"name":"Bathurst","rank":2,"capital":0},"geometry":{"type":"Point","coordinates":[-65.65,47.6]}},{"type":"Feature","properties":{"name":"Yarmouth","rank":2,"capital":0},"geometry":{"type":"Point","coordinates":[-66.113,43.831]}},{"type":"Feature","properties":{"name":"Gander","rank":2,"capital":0},"geometry":{"type":"Point","coordinates":[-54.55,48.95]}},{"type":"Feature","properties":{"name":"Cartwright","rank":2,"capital":0},"geometry":{"type":"Point","coordinates":[-57.012,53.701]}},{"type":"Feature","properties":{"name":"Rigolet","rank":2,"capital":0},"geometry":{"type":"Point","coordinates":[-58.447,54.177]}},{"type":"Feature","properties":{"name":"Port Burwell","rank":2,"capital":0},"geometry":{"type":"Point","coordinates":[-64.741,60.266]}},{"type":"Feature","properties":{"name":"Gujranwala","rank":2,"capital":0},"geometry":{"type":"Point","coordinates":[74.183,32.162]}},{"type":"Feature","properties":{"name":"Benin City","rank":2,"capital":0},"geometry":{"type":"Point","coordinates":[5.618,6.342]}},{"type":"Feature","properties":{"name":"Quetta","rank":2,"capital":0},"geometry":{"type":"Point","coordinates":[67.023,30.222]}},{"type":"Feature","properties":{"name":"Larkana","rank":2,"capital":0},"geometry":{"type":"Point","coordinates":[68.207,27.562]}},{"type":"Feature","properties":{"name":"Nalchik","rank":2,"capital":0},"geometry":{"type":"Point","coordinates":[43.618,43.498]}},{"type":"Feature","properties":{"name":"Stavropol","rank":2,"capital":0},"geometry":{"type":"Point","coordinates":[41.98,45.05]}},{"type":"Feature","properties":{"name":"Ugolnye Kopi","rank":2,"capital":0},"geometry":{"type":"Point","coordinates":[177.7,64.733]}},{"type":"Feature","properties":{"name":"Kaliningrad","rank":2,"capital":0},"geometry":{"type":"Point","coordinates":[20.497,54.7]}},{"type":"Feature","properties":{"name":"Pskov","rank":2,"capital":0},"geometry":{"type":"Point","coordinates":[28.33,57.83]}},{"type":"Feature","properties":{"name":"Bryansk","rank":2,"capital":0},"geometry":{"type":"Point","coordinates":[34.43,53.26]}},{"type":"Feature","properties":{"name":"Smolensk","rank":2,"capital":0},"geometry":{"type":"Point","coordinates":[32.047,54.783]}},{"type":"Feature","properties":{"name":"Petrozavodsk","rank":2,"capital":0},"geometry":{"type":"Point","coordinates":[34.361,61.781]}},{"type":"Feature","properties":{"name":"Tver","rank":2,"capital":0},"geometry":{"type":"Point","coordinates":[35.89,56.86]}},{"type":"Feature","properties":{"name":"Vologda","rank":2,"capital":0},"geometry":{"type":"Point","coordinates":[39.92,59.21]}},{"type":"Feature","properties":{"name":"Yaroslavl","rank":2,"capital":0},"geometry":{"type":"Point","coordinates":[39.87,57.62]}},{"type":"Feature","properties":{"name":"Rostov","rank":2,"capital":0},"geometry":{"type":"Point","coordinates":[39.711,47.237]}},{"type":"Feature","properties":{"name":"Sochi","rank":2,"capital":0},"geometry":{"type":"Point","coordinates":[39.73,43.59]}},{"type":"Feature","properties":{"name":"Krasnodar","rank":2,"capital":0},"geometry":{"type":"Point","coordinates":[39.0,45.02]}},{"type":"Feature","properties":{"name":"Penza","rank":2,"capital":0},"geometry":{"type":"Point","coordinates":[45.0,53.18]}},{"type":"Feature","properties":{"name":"Ryazan","rank":2,"capital":0},"geometry":{"type":"Point","coordinates":[39.72,54.62]}},{"type":"Feature","properties":{"name":"Voronezh","rank":2,"capital":0},"geometry":{"type":"Point","coordinates":[39.187,51.665]}},{"type":"Feature","properties":{"name":"Magnitogorsk","rank":2,"capital":0},"geometry":{"type":"Point","coordinates":[58.98,53.423]}},{"type":"Feature","properties":{"name":"Chelyabinsk","rank":2,"capital":0},"geometry":{"type":"Point","coordinates":[61.437,55.157]}},{"type":"Feature","properties":{"name":"Vorkuta","rank":2,"capital":0},"geometry":{"type":"Point","coordinates":[64.01,67.5]}},{"type":"Feature","properties":{"name":"Kirov","rank":2,"capital":0},"geometry":{"type":"Point","coordinates":[49.67,58.59]}},{"type":"Feature","properties":{"name":"Nizhny Tagil","rank":2,"capital":0},"geometry":{"type":"Point","coordinates":[59.975,57.92]}},{"type":"Feature","properties":{"name":"Astrakhan","rank":2,"capital":0},"geometry":{"type":"Point","coordinates":[48.055,46.349]}},{"type":"Feature","properties":{"name":"Orenburg","rank":2,"capital":0},"geometry":{"type":"Point","coordinates":[55.11,51.78]}},{"type":"Feature","properties":{"name":"Saratov","rank":2,"capital":0},"geometry":{"type":"Point","coordinates":[46.028,51.582]}},{"type":"Feature","properties":{"name":"Ulyanovsk","rank":2,"capital":0},"geometry":{"type":"Point","coordinates":[48.41,54.33]}},{"type":"Feature","properties":{"name":"Omsk","rank":2,"capital":0},"geometry":{"type":"Point","coordinates":[73.398,54.992]}},{"type":"Feature","properties":{"name":"Tyumen","rank":2,"capital":0},"geometry":{"type":"Point","coordinates":[65.53,57.14]}},{"type":"Feature","properties":{"name":"Novokuznetsk","rank":2,"capital":0},"geometry":{"type":"Point","coordinates":[87.115,53.75]}},{"type":"Feature","properties":{"name":"Kemerovo","rank":2,"capital":0},"geometry":{"type":"Point","coordinates":[86.09,55.34]}},{"type":"Feature","properties":{"name":"Grozny","rank":2,"capital":0},"geometry":{"type":"Point","coordinates":[45.699,43.319]}},{"type":"Feature","properties":{"name":"Ust-Ilimsk","rank":2,"capital":0},"geometry":{"type":"Point","coordinates":[102.633,57.99]}},{"type":"Feature","properties":{"name":"Angarsk","rank":2,"capital":0},"geometry":{"type":"Point","coordinates":[103.92,52.56]}},{"type":"Feature","properties":{"name":"Abakan","rank":2,"capital":0},"geometry":{"type":"Point","coordinates":[91.445,53.704]}},{"type":"Feature","properties":{"name":"Norilsk","rank":2,"capital":0},"geometry":{"type":"Point","coordinates":[88.225,69.34]}},{"type":"Feature","properties":{"name":"Khatanga","rank":2,"capital":0},"geometry":{"type":"Point","coordinates":[102.465,72.041]}},{"type":"Feature","properties":{"name":"Kyzyl","rank":2,"capital":0},"geometry":{"type":"Point","coordinates":[94.383,51.707]}},{"type":"Feature","properties":{"name":"Ulan-Ude","rank":2,"capital":0},"geometry":{"type":"Point","coordinates":[107.625,51.825]}},{"type":"Feature","properties":{"name":"Blagoveshchensk","rank":2,"capital":0},"geometry":{"type":"Point","coordinates":[127.533,50.267]}},{"type":"Feature","properties":{"name":"Bukachacha","rank":2,"capital":0},"geometry":{"type":"Point","coordinates":[116.917,52.983]}},{"type":"Feature","properties":{"name":"Dalnegorsk","rank":2,"capital":0},"geometry":{"type":"Point","coordinates":[135.517,44.537]}},{"type":"Feature","properties":{"name":"Ambarchik","rank":2,"capital":0},"geometry":{"type":"Point","coordinates":[162.334,69.651]}},{"type":"Feature","properties":{"name":"Batagay","rank":2,"capital":0},"geometry":{"type":"Point","coordinates":[134.635,67.656]}},{"type":"Feature","properties":{"name":"Chokurdakh","rank":2,"capital":0},"geometry":{"type":"Point","coordinates":[147.895,70.618]}},{"type":"Feature","properties":{"name":"Ust-Nera","rank":2,"capital":0},"geometry":{"type":"Point","coordinates":[143.2,64.567]}},{"type":"Feature","properties":{"name":"Lensk","rank":2,"capital":0},"geometry":{"type":"Point","coordinates":[114.947,60.725]}},{"type":"Feature","properties":{"name":"Aldan","rank":2,"capital":0},"geometry":{"type":"Point","coordinates":[125.389,58.603]}},{"type":"Feature","properties":{"name":"Mirny","rank":2,"capital":0},"geometry":{"type":"Point","coordinates":[113.961,62.54]}},{"type":"Feature","properties":{"name":"Zhigansk","rank":2,"capital":0},"geometry":{"type":"Point","coordinates":[123.371,66.77]}},{"type":"Feature","properties":{"name":"Okhotsk","rank":2,"capital":0},"geometry":{"type":"Point","coordinates":[143.217,59.383]}},{"type":"Feature","properties":{"name":"Khabarovsk","rank":2,"capital":0},"geometry":{"type":"Point","coordinates":[135.12,48.455]}},{"type":"Feature","properties":{"name":"Okha","rank":2,"capital":0},"geometry":{"type":"Point","coordinates":[142.948,53.574]}},{"type":"Feature","properties":{"name":"Yuzhno Sakhalinsk","rank":2,"capital":0},"geometry":{"type":"Point","coordinates":[142.74,46.965]}},{"type":"Feature","properties":{"name":"Mexicali","rank":2,"capital":0},"geometry":{"type":"Point","coordinates":[-115.482,32.652]}},{"type":"Feature","properties":{"name":"La Paz","rank":2,"capital":0},"geometry":{"type":"Point","coordinates":[-110.32,24.14]}},{"type":"Feature","properties":{"name":"Torre\u00f3n","rank":2,"capital":0},"geometry":{"type":"Point","coordinates":[-103.422,25.572]}},{"type":"Feature","properties":{"name":"Culiac\u00e1n","rank":2,"capital":0},"geometry":{"type":"Point","coordinates":[-107.382,24.832]}},{"type":"Feature","properties":{"name":"Nogales","rank":2,"capital":0},"geometry":{"type":"Point","coordinates":[-110.945,31.305]}},{"type":"Feature","properties":{"name":"Hermosillo","rank":2,"capital":0},"geometry":{"type":"Point","coordinates":[-110.954,29.099]}},{"type":"Feature","properties":{"name":"Guaymas","rank":2,"capital":0},"geometry":{"type":"Point","coordinates":[-110.89,27.93]}},{"type":"Feature","properties":{"name":"San Luis Potos\u00ed","rank":2,"capital":0},"geometry":{"type":"Point","coordinates":[-101.002,22.172]}},{"type":"Feature","properties":{"name":"Matamoros","rank":2,"capital":0},"geometry":{"type":"Point","coordinates":[-97.5,25.88]}},{"type":"Feature","properties":{"name":"Nuevo Laredo","rank":2,"capital":0},"geometry":{"type":"Point","coordinates":[-99.55,27.5]}},{"type":"Feature","properties":{"name":"Colima","rank":2,"capital":0},"geometry":{"type":"Point","coordinates":[-103.72,19.23]}},{"type":"Feature","properties":{"name":"Campeche","rank":2,"capital":0},"geometry":{"type":"Point","coordinates":[-90.5,19.83]}},{"type":"Feature","properties":{"name":"Oaxaca","rank":2,"capital":0},"geometry":{"type":"Point","coordinates":[-96.67,17.083]}},{"type":"Feature","properties":{"name":"Le\u00f3n","rank":2,"capital":0},"geometry":{"type":"Point","coordinates":[-101.702,21.152]}},{"type":"Feature","properties":{"name":"Maiduguri","rank":2,"capital":0},"geometry":{"type":"Point","coordinates":[13.158,11.852]}},{"type":"Feature","properties":{"name":"Port Harcourt","rank":2,"capital":0},"geometry":{"type":"Point","coordinates":[7.008,4.812]}},{"type":"Feature","properties":{"name":"Makurdi","rank":2,"capital":0},"geometry":{"type":"Point","coordinates":[8.53,7.73]}},{"type":"Feature","properties":{"name":"Ibadan","rank":2,"capital":0},"geometry":{"type":"Point","coordinates":[3.928,7.382]}},{"type":"Feature","properties":{"name":"Ogbomosho","rank":2,"capital":0},"geometry":{"type":"Point","coordinates":[4.238,8.132]}},{"type":"Feature","properties":{"name":"Warri","rank":2,"capital":0},"geometry":{"type":"Point","coordinates":[5.76,5.52]}},{"type":"Feature","properties":{"name":"Kaduna","rank":2,"capital":0},"geometry":{"type":"Point","coordinates":[7.438,10.522]}},{"type":"Feature","properties":{"name":"Fukuoka","rank":2,"capital":0},"geometry":{"type":"Point","coordinates":[130.408,33.597]}},{"type":"Feature","properties":{"name":"Miyazaki","rank":2,"capital":0},"geometry":{"type":"Point","coordinates":[131.418,31.918]}},{"type":"Feature","properties":{"name":"Naha","rank":2,"capital":0},"geometry":{"type":"Point","coordinates":[127.673,26.207]}},{"type":"Feature","properties":{"name":"K\u014dchi","rank":2,"capital":0},"geometry":{"type":"Point","coordinates":[133.538,33.562]}},{"type":"Feature","properties":{"name":"Nagoya","rank":2,"capital":0},"geometry":{"type":"Point","coordinates":[136.913,35.157]}},{"type":"Feature","properties":{"name":"Nagano","rank":2,"capital":0},"geometry":{"type":"Point","coordinates":[138.17,36.65]}},{"type":"Feature","properties":{"name":"Kushiro","rank":2,"capital":0},"geometry":{"type":"Point","coordinates":[144.375,42.975]}},{"type":"Feature","properties":{"name":"Hakodate","rank":2,"capital":0},"geometry":{"type":"Point","coordinates":[140.74,41.795]}},{"type":"Feature","properties":{"name":"Kyoto","rank":2,"capital":0},"geometry":{"type":"Point","coordinates":[135.748,35.032]}},{"type":"Feature","properties":{"name":"Sendai","rank":2,"capital":0},"geometry":{"type":"Point","coordinates":[140.87,38.268]}},{"type":"Feature","properties":{"name":"Sakata","rank":2,"capital":0},"geometry":{"type":"Point","coordinates":[139.85,38.92]}},{"type":"Feature","properties":{"name":"Thompson","rank":2,"capital":0},"geometry":{"type":"Point","coordinates":[-97.867,55.75]}},{"type":"Feature","properties":{"name":"Brandon","rank":2,"capital":0},"geometry":{"type":"Point","coordinates":[-99.95,49.833]}},{"type":"Feature","properties":{"name":"Fort Smith","rank":2,"capital":0},"geometry":{"type":"Point","coordinates":[-111.883,60.0]}},{"type":"Feature","properties":{"name":"Fort McMurray","rank":2,"capital":0},"geometry":{"type":"Point","coordinates":[-111.383,56.733]}},{"type":"Feature","properties":{"name":"Peace River","rank":2,"capital":0},"geometry":{"type":"Point","coordinates":[-117.283,56.233]}},{"type":"Feature","properties":{"name":"Fort St. John","rank":2,"capital":0},"geometry":{"type":"Point","coordinates":[-120.833,56.25]}},{"type":"Feature","properties":{"name":"Iqaluit","rank":2,"capital":0},"geometry":{"type":"Point","coordinates":[-68.5,63.75]}},{"type":"Feature","properties":{"name":"Cambridge Bay","rank":2,"capital":0},"geometry":{"type":"Point","coordinates":[-105.033,69.117]}},{"type":"Feature","properties":{"name":"Kugluktuk","rank":2,"capital":0},"geometry":{"type":"Point","coordinates":[-115.125,67.799]}},{"type":"Feature","properties":{"name":"Chesterfield Inlet","rank":2,"capital":0},"geometry":{"type":"Point","coordinates":[-90.7,63.338]}},{"type":"Feature","properties":{"name":"Arviat","rank":2,"capital":0},"geometry":{"type":"Point","coordinates":[-94.059,61.109]}},{"type":"Feature","properties":{"name":"Taloyoak","rank":2,"capital":0},"geometry":{"type":"Point","coordinates":[-93.533,69.533]}},{"type":"Feature","properties":{"name":"Igloolik","rank":2,"capital":0},"geometry":{"type":"Point","coordinates":[-81.794,69.257]}},{"type":"Feature","properties":{"name":"Dawson City","rank":2,"capital":0},"geometry":{"type":"Point","coordinates":[-139.417,64.067]}},{"type":"Feature","properties":{"name":"Timmins","rank":2,"capital":0},"geometry":{"type":"Point","coordinates":[-81.333,48.467]}},{"type":"Feature","properties":{"name":"North Bay","rank":2,"capital":0},"geometry":{"type":"Point","coordinates":[-79.45,46.3]}},{"type":"Feature","properties":{"name":"Kuujjuarapik","rank":2,"capital":0},"geometry":{"type":"Point","coordinates":[-77.766,55.281]}},{"type":"Feature","properties":{"name":"Kuujjuaq","rank":2,"capital":0},"geometry":{"type":"Point","coordinates":[-68.4,58.1]}},{"type":"Feature","properties":{"name":"Sydney","rank":2,"capital":0},"geometry":{"type":"Point","coordinates":[-60.18,46.066]}},{"type":"Feature","properties":{"name":"Labrador City","rank":2,"capital":0},"geometry":{"type":"Point","coordinates":[-66.916,52.941]}},{"type":"Feature","properties":{"name":"Khulna","rank":2,"capital":0},"geometry":{"type":"Point","coordinates":[89.558,22.842]}},{"type":"Feature","properties":{"name":"Rajshahi","rank":2,"capital":0},"geometry":{"type":"Point","coordinates":[88.603,24.377]}},{"type":"Feature","properties":{"name":"Leh","rank":2,"capital":0},"geometry":{"type":"Point","coordinates":[77.572,34.162]}},{"type":"Feature","properties":{"name":"Islamabad","rank":2,"capital":1},"geometry":{"type":"Point","coordinates":[73.081,33.689]}},{"type":"Feature","properties":{"name":"Multan","rank":2,"capital":0},"geometry":{"type":"Point","coordinates":[71.453,30.202]}},{"type":"Feature","properties":{"name":"Hyderabad","rank":2,"capital":0},"geometry":{"type":"Point","coordinates":[68.373,25.382]}},{"type":"Feature","properties":{"name":"Peshawar","rank":2,"capital":0},"geometry":{"type":"Point","coordinates":[71.533,34.007]}},{"type":"Feature","properties":{"name":"Tomsk","rank":2,"capital":0},"geometry":{"type":"Point","coordinates":[84.975,56.495]}},{"type":"Feature","properties":{"name":"Anadyr","rank":2,"capital":0},"geometry":{"type":"Point","coordinates":[177.475,64.737]}},{"type":"Feature","properties":{"name":"Murmansk","rank":2,"capital":0},"geometry":{"type":"Point","coordinates":[33.1,68.97]}},{"type":"Feature","properties":{"name":"Archangel","rank":2,"capital":0},"geometry":{"type":"Point","coordinates":[40.545,64.575]}},{"type":"Feature","properties":{"name":"Nizhny Novgorod","rank":2,"capital":0},"geometry":{"type":"Point","coordinates":[43.998,56.335]}},{"type":"Feature","properties":{"name":"Volgograd","rank":2,"capital":0},"geometry":{"type":"Point","coordinates":[44.498,48.712]}},{"type":"Feature","properties":{"name":"Ufa","rank":2,"capital":0},"geometry":{"type":"Point","coordinates":[56.038,54.792]}},{"type":"Feature","properties":{"name":"Yekaterinburg","rank":2,"capital":0},"geometry":{"type":"Point","coordinates":[60.598,56.852]}},{"type":"Feature","properties":{"name":"Samara","rank":2,"capital":0},"geometry":{"type":"Point","coordinates":[50.149,53.197]}},{"type":"Feature","properties":{"name":"Kazan","rank":2,"capital":0},"geometry":{"type":"Point","coordinates":[49.124,55.752]}},{"type":"Feature","properties":{"name":"Surgut","rank":2,"capital":0},"geometry":{"type":"Point","coordinates":[73.425,61.26]}},{"type":"Feature","properties":{"name":"Barnaul","rank":2,"capital":0},"geometry":{"type":"Point","coordinates":[83.745,53.355]}},{"type":"Feature","properties":{"name":"Novosibirsk","rank":2,"capital":0},"geometry":{"type":"Point","coordinates":[82.958,55.032]}},{"type":"Feature","properties":{"name":"Bratsk","rank":2,"capital":0},"geometry":{"type":"Point","coordinates":[101.615,56.157]}},{"type":"Feature","properties":{"name":"Irkutsk","rank":2,"capital":0},"geometry":{"type":"Point","coordinates":[104.284,52.285]}},{"type":"Feature","properties":{"name":"Krasnoyarsk","rank":2,"capital":0},"geometry":{"type":"Point","coordinates":[92.864,56.016]}},{"type":"Feature","properties":{"name":"Dikson","rank":2,"capital":0},"geometry":{"type":"Point","coordinates":[80.545,73.507]}},{"type":"Feature","properties":{"name":"Chita","rank":2,"capital":0},"geometry":{"type":"Point","coordinates":[113.465,52.055]}},{"type":"Feature","properties":{"name":"Vladivostok","rank":2,"capital":0},"geometry":{"type":"Point","coordinates":[131.91,43.13]}},{"type":"Feature","properties":{"name":"Nizhneyansk","rank":2,"capital":0},"geometry":{"type":"Point","coordinates":[136.067,71.433]}},{"type":"Feature","properties":{"name":"Yakutsk","rank":2,"capital":0},"geometry":{"type":"Point","coordinates":[129.735,62.035]}},{"type":"Feature","properties":{"name":"Tiksi","rank":2,"capital":0},"geometry":{"type":"Point","coordinates":[128.835,71.627]}},{"type":"Feature","properties":{"name":"Magadan","rank":2,"capital":0},"geometry":{"type":"Point","coordinates":[150.81,59.575]}},{"type":"Feature","properties":{"name":"Tijuana","rank":2,"capital":0},"geometry":{"type":"Point","coordinates":[-117.082,32.502]}},{"type":"Feature","properties":{"name":"Chihuahua","rank":2,"capital":0},"geometry":{"type":"Point","coordinates":[-106.087,28.647]}},{"type":"Feature","properties":{"name":"Mazatl\u00e1n","rank":2,"capital":0},"geometry":{"type":"Point","coordinates":[-106.42,23.221]}},{"type":"Feature","properties":{"name":"Tampico","rank":2,"capital":0},"geometry":{"type":"Point","coordinates":[-97.87,22.3]}},{"type":"Feature","properties":{"name":"Acapulco","rank":2,"capital":0},"geometry":{"type":"Point","coordinates":[-99.916,16.85]}},{"type":"Feature","properties":{"name":"Veracruz","rank":2,"capital":0},"geometry":{"type":"Point","coordinates":[-96.16,19.177]}},{"type":"Feature","properties":{"name":"Tuxtla Guti\u00e9rrez","rank":2,"capital":0},"geometry":{"type":"Point","coordinates":[-93.15,16.75]}},{"type":"Feature","properties":{"name":"Canc\u00fan","rank":2,"capital":0},"geometry":{"type":"Point","coordinates":[-86.83,21.17]}},{"type":"Feature","properties":{"name":"M\u00e9rida","rank":2,"capital":0},"geometry":{"type":"Point","coordinates":[-89.619,20.969]}},{"type":"Feature","properties":{"name":"Enugu","rank":2,"capital":0},"geometry":{"type":"Point","coordinates":[7.5,6.45]}},{"type":"Feature","properties":{"name":"Sokoto","rank":2,"capital":0},"geometry":{"type":"Point","coordinates":[5.24,13.06]}},{"type":"Feature","properties":{"name":"Perm","rank":2,"capital":0},"geometry":{"type":"Point","coordinates":[56.248,58.002]}},{"type":"Feature","properties":{"name":"Palana","rank":2,"capital":0},"geometry":{"type":"Point","coordinates":[159.95,59.084]}},{"type":"Feature","properties":{"name":"Petropavlovsk-Kamchatsky","rank":2,"capital":0},"geometry":{"type":"Point","coordinates":[158.623,53.062]}},{"type":"Feature","properties":{"name":"Abuja","rank":2,"capital":1},"geometry":{"type":"Point","coordinates":[7.49,9.055]}},{"type":"Feature","properties":{"name":"Nagasaki","rank":2,"capital":0},"geometry":{"type":"Point","coordinates":[129.885,32.765]}},{"type":"Feature","properties":{"name":"Winnipeg","rank":2,"capital":0},"geometry":{"type":"Point","coordinates":[-97.166,49.883]}},{"type":"Feature","properties":{"name":"Churchill","rank":2,"capital":0},"geometry":{"type":"Point","coordinates":[-94.166,58.766]}},{"type":"Feature","properties":{"name":"Regina","rank":2,"capital":0},"geometry":{"type":"Point","coordinates":[-104.617,50.45]}},{"type":"Feature","properties":{"name":"Saskatoon","rank":2,"capital":0},"geometry":{"type":"Point","coordinates":[-106.67,52.17]}},{"type":"Feature","properties":{"name":"Calgary","rank":2,"capital":0},"geometry":{"type":"Point","coordinates":[-114.082,51.085]}},{"type":"Feature","properties":{"name":"Prince Rupert","rank":2,"capital":0},"geometry":{"type":"Point","coordinates":[-130.33,54.317]}},{"type":"Feature","properties":{"name":"Victoria","rank":2,"capital":0},"geometry":{"type":"Point","coordinates":[-123.35,48.433]}},{"type":"Feature","properties":{"name":"Arctic Bay","rank":2,"capital":0},"geometry":{"type":"Point","coordinates":[-85.167,73.033]}},{"type":"Feature","properties":{"name":"Resolute","rank":2,"capital":0},"geometry":{"type":"Point","coordinates":[-94.9,74.683]}},{"type":"Feature","properties":{"name":"Naujaat","rank":2,"capital":0},"geometry":{"type":"Point","coordinates":[-86.283,66.529]}},{"type":"Feature","properties":{"name":"Yellowknife","rank":2,"capital":0},"geometry":{"type":"Point","coordinates":[-114.397,62.442]}},{"type":"Feature","properties":{"name":"Fort Good Hope","rank":2,"capital":0},"geometry":{"type":"Point","coordinates":[-128.633,66.267]}},{"type":"Feature","properties":{"name":"Whitehorse","rank":2,"capital":0},"geometry":{"type":"Point","coordinates":[-135.05,60.717]}},{"type":"Feature","properties":{"name":"Ottawa","rank":2,"capital":1},"geometry":{"type":"Point","coordinates":[-75.702,45.419]}},{"type":"Feature","properties":{"name":"Fort Severn","rank":2,"capital":0},"geometry":{"type":"Point","coordinates":[-87.65,55.983]}},{"type":"Feature","properties":{"name":"Thunder Bay","rank":2,"capital":0},"geometry":{"type":"Point","coordinates":[-89.275,48.446]}},{"type":"Feature","properties":{"name":"Qu\u00e9bec","rank":2,"capital":0},"geometry":{"type":"Point","coordinates":[-71.246,46.84]}},{"type":"Feature","properties":{"name":"Halifax","rank":2,"capital":0},"geometry":{"type":"Point","coordinates":[-63.6,44.65]}},{"type":"Feature","properties":{"name":"St. John's","rank":2,"capital":0},"geometry":{"type":"Point","coordinates":[-52.681,47.585]}},{"type":"Feature","properties":{"name":"Nain","rank":2,"capital":0},"geometry":{"type":"Point","coordinates":[-61.686,56.547]}},{"type":"Feature","properties":{"name":"Charlottetown","rank":2,"capital":0},"geometry":{"type":"Point","coordinates":[-63.131,46.249]}},{"type":"Feature","properties":{"name":"Lahore","rank":2,"capital":0},"geometry":{"type":"Point","coordinates":[74.348,31.562]}},{"type":"Feature","properties":{"name":"Karachi","rank":2,"capital":0},"geometry":{"type":"Point","coordinates":[66.988,24.872]}},{"type":"Feature","properties":{"name":"St.  Petersburg","rank":2,"capital":0},"geometry":{"type":"Point","coordinates":[30.314,59.941]}},{"type":"Feature","properties":{"name":"Guadalajara","rank":2,"capital":0},"geometry":{"type":"Point","coordinates":[-103.332,20.672]}},{"type":"Feature","properties":{"name":"Puebla","rank":2,"capital":0},"geometry":{"type":"Point","coordinates":[-98.204,19.033]}},{"type":"Feature","properties":{"name":"Kano","rank":2,"capital":0},"geometry":{"type":"Point","coordinates":[8.518,12.002]}},{"type":"Feature","properties":{"name":"Hiroshima","rank":2,"capital":0},"geometry":{"type":"Point","coordinates":[132.441,34.39]}},{"type":"Feature","properties":{"name":"Sapporo","rank":2,"capital":0},"geometry":{"type":"Point","coordinates":[141.338,43.077]}},{"type":"Feature","properties":{"name":"Edmonton","rank":2,"capital":0},"geometry":{"type":"Point","coordinates":[-113.502,53.552]}},{"type":"Feature","properties":{"name":"Montr\u00e9al","rank":2,"capital":0},"geometry":{"type":"Point","coordinates":[-73.585,45.502]}},{"type":"Feature","properties":{"name":"Dhaka","rank":2,"capital":1},"geometry":{"type":"Point","coordinates":[90.407,23.725]}},{"type":"Feature","properties":{"name":"Chattogram","rank":2,"capital":0},"geometry":{"type":"Point","coordinates":[91.798,22.332]}},{"type":"Feature","properties":{"name":"Monterrey","rank":2,"capital":0},"geometry":{"type":"Point","coordinates":[-100.332,25.672]}},{"type":"Feature","properties":{"name":"\u014csaka","rank":2,"capital":0},"geometry":{"type":"Point","coordinates":[135.504,34.691]}},{"type":"Feature","properties":{"name":"Vancouver","rank":2,"capital":0},"geometry":{"type":"Point","coordinates":[-123.124,49.275]}},{"type":"Feature","properties":{"name":"Toronto","rank":2,"capital":0},"geometry":{"type":"Point","coordinates":[-79.389,43.665]}},{"type":"Feature","properties":{"name":"Moscow","rank":2,"capital":1},"geometry":{"type":"Point","coordinates":[37.614,55.754]}},{"type":"Feature","properties":{"name":"Mexico City","rank":2,"capital":1},"geometry":{"type":"Point","coordinates":[-99.133,19.444]}},{"type":"Feature","properties":{"name":"Lagos","rank":2,"capital":0},"geometry":{"type":"Point","coordinates":[3.39,6.445]}},{"type":"Feature","properties":{"name":"Tokyo","rank":2,"capital":1},"geometry":{"type":"Point","coordinates":[139.749,35.687]}},{"type":"Feature","properties":{"name":"M\u00e9rida","rank":3,"capital":0},"geometry":{"type":"Point","coordinates":[-6.338,38.912]}},{"type":"Feature","properties":{"name":"Qacha's Nek","rank":3,"capital":0},"geometry":{"type":"Point","coordinates":[28.702,-30.117]}},{"type":"Feature","properties":{"name":"Potenza","rank":3,"capital":0},"geometry":{"type":"Point","coordinates":[15.799,40.642]}},{"type":"Feature","properties":{"name":"Campobasso","rank":3,"capital":0},"geometry":{"type":"Point","coordinates":[14.656,41.563]}},{"type":"Feature","properties":{"name":"Aosta","rank":3,"capital":0},"geometry":{"type":"Point","coordinates":[7.315,45.737]}},{"type":"Feature","properties":{"name":"Shibin el Kom","rank":3,"capital":0},"geometry":{"type":"Point","coordinates":[31.007,30.554]}},{"type":"Feature","properties":{"name":"Benha","rank":3,"capital":0},"geometry":{"type":"Point","coordinates":[31.183,30.467]}},{"type":"Feature","properties":{"name":"Zagazig","rank":3,"capital":0},"geometry":{"type":"Point","coordinates":[31.517,30.583]}},{"type":"Feature","properties":{"name":"Kafr el Sheikh","rank":3,"capital":0},"geometry":{"type":"Point","coordinates":[30.936,31.109]}},{"type":"Feature","properties":{"name":"Buluko","rank":3,"capital":0},"geometry":{"type":"Point","coordinates":[28.528,-0.757]}},{"type":"Feature","properties":{"name":"Mainz","rank":3,"capital":0},"geometry":{"type":"Point","coordinates":[8.273,49.982]}},{"type":"Feature","properties":{"name":"Awasa","rank":3,"capital":0},"geometry":{"type":"Point","coordinates":[38.477,7.06]}},{"type":"Feature","properties":{"name":"Gore","rank":3,"capital":0},"geometry":{"type":"Point","coordinates":[35.537,8.149]}},{"type":"Feature","properties":{"name":"Schwerin","rank":3,"capital":0},"geometry":{"type":"Point","coordinates":[11.417,53.633]}},{"type":"Feature","properties":{"name":"Marbella","rank":3,"capital":0},"geometry":{"type":"Point","coordinates":[-4.883,36.517]}},{"type":"Feature","properties":{"name":"Linares","rank":3,"capital":0},"geometry":{"type":"Point","coordinates":[-3.633,38.083]}},{"type":"Feature","properties":{"name":"Algeciras","rank":3,"capital":0},"geometry":{"type":"Point","coordinates":[-5.453,36.132]}},{"type":"Feature","properties":{"name":"Le\u00f3n","rank":3,"capital":0},"geometry":{"type":"Point","coordinates":[-5.57,42.58]}},{"type":"Feature","properties":{"name":"Matar\u00f3","rank":3,"capital":0},"geometry":{"type":"Point","coordinates":[2.45,41.54]}},{"type":"Feature","properties":{"name":"Gij\u00f3n","rank":3,"capital":0},"geometry":{"type":"Point","coordinates":[-5.67,43.53]}},{"type":"Feature","properties":{"name":"Vitoria","rank":3,"capital":0},"geometry":{"type":"Point","coordinates":[-2.67,42.85]}},{"type":"Feature","properties":{"name":"Vatican City","rank":3,"capital":1},"geometry":{"type":"Point","coordinates":[12.453,41.903]}},{"type":"Feature","properties":{"name":"Eumseong","rank":3,"capital":0},"geometry":{"type":"Point","coordinates":[127.69,36.935]}},{"type":"Feature","properties":{"name":"Cheongju","rank":3,"capital":0},"geometry":{"type":"Point","coordinates":[127.501,36.644]}},{"type":"Feature","properties":{"name":"Wonju","rank":3,"capital":0},"geometry":{"type":"Point","coordinates":[127.94,37.355]}},{"type":"Feature","properties":{"name":"Chuncheon","rank":3,"capital":0},"geometry":{"type":"Point","coordinates":[127.734,37.875]}},{"type":"Feature","properties":{"name":"Ansan","rank":3,"capital":0},"geometry":{"type":"Point","coordinates":[126.86,37.348]}},{"type":"Feature","properties":{"name":"Iksan","rank":3,"capital":0},"geometry":{"type":"Point","coordinates":[126.945,35.941]}},{"type":"Feature","properties":{"name":"Gyeongju","rank":3,"capital":0},"geometry":{"type":"Point","coordinates":[129.212,35.843]}},{"type":"Feature","properties":{"name":"Changwon","rank":3,"capital":0},"geometry":{"type":"Point","coordinates":[128.584,35.219]}},{"type":"Feature","properties":{"name":"Modena","rank":3,"capital":0},"geometry":{"type":"Point","coordinates":[10.92,44.65]}},{"type":"Feature","properties":{"name":"Crotone","rank":3,"capital":0},"geometry":{"type":"Point","coordinates":[17.123,39.083]}},{"type":"Feature","properties":{"name":"Vibo Valentia","rank":3,"capital":0},"geometry":{"type":"Point","coordinates":[16.1,38.667]}},{"type":"Feature","properties":{"name":"Reggio di Calabria","rank":3,"capital":0},"geometry":{"type":"Point","coordinates":[15.641,38.115]}},{"type":"Feature","properties":{"name":"Caserta","rank":3,"capital":0},"geometry":{"type":"Point","coordinates":[14.337,41.06]}},{"type":"Feature","properties":{"name":"Barletta","rank":3,"capital":0},"geometry":{"type":"Point","coordinates":[16.27,41.32]}},{"type":"Feature","properties":{"name":"Ragusa","rank":3,"capital":0},"geometry":{"type":"Point","coordinates":[14.73,36.93]}},{"type":"Feature","properties":{"name":"Asti","rank":3,"capital":0},"geometry":{"type":"Point","coordinates":[8.21,44.93]}},{"type":"Feature","properties":{"name":"Novara","rank":3,"capital":0},"geometry":{"type":"Point","coordinates":[8.62,45.45]}},{"type":"Feature","properties":{"name":"Como","rank":3,"capital":0},"geometry":{"type":"Point","coordinates":[9.08,45.81]}},{"type":"Feature","properties":{"name":"Udine","rank":3,"capital":0},"geometry":{"type":"Point","coordinates":[13.24,46.07]}},{"type":"Feature","properties":{"name":"Treviso","rank":3,"capital":0},"geometry":{"type":"Point","coordinates":[12.24,45.67]}},{"type":"Feature","properties":{"name":"Annecy","rank":3,"capital":0},"geometry":{"type":"Point","coordinates":[6.117,45.9]}},{"type":"Feature","properties":{"name":"Roanne","rank":3,"capital":0},"geometry":{"type":"Point","coordinates":[4.067,46.033]}},{"type":"Feature","properties":{"name":"Bielefeld","rank":3,"capital":0},"geometry":{"type":"Point","coordinates":[8.53,52.03]}},{"type":"Feature","properties":{"name":"Dortmund","rank":3,"capital":0},"geometry":{"type":"Point","coordinates":[7.45,51.53]}},{"type":"Feature","properties":{"name":"Duisburg","rank":3,"capital":0},"geometry":{"type":"Point","coordinates":[6.75,51.43]}},{"type":"Feature","properties":{"name":"Wuppertal","rank":3,"capital":0},"geometry":{"type":"Point","coordinates":[7.17,51.25]}},{"type":"Feature","properties":{"name":"Essen","rank":3,"capital":0},"geometry":{"type":"Point","coordinates":[7.017,51.45]}},{"type":"Feature","properties":{"name":"Karlsruhe","rank":3,"capital":0},"geometry":{"type":"Point","coordinates":[8.4,49.0]}},{"type":"Feature","properties":{"name":"Heidelberg","rank":3,"capital":0},"geometry":{"type":"Point","coordinates":[8.7,49.42]}},{"type":"Feature","properties":{"name":"Kassel","rank":3,"capital":0},"geometry":{"type":"Point","coordinates":[9.5,51.3]}},{"type":"Feature","properties":{"name":"Oldenburg","rank":3,"capital":0},"geometry":{"type":"Point","coordinates":[8.22,53.13]}},{"type":"Feature","properties":{"name":"Emden","rank":3,"capital":0},"geometry":{"type":"Point","coordinates":[7.217,53.367]}},{"type":"Feature","properties":{"name":"Braunschweig","rank":3,"capital":0},"geometry":{"type":"Point","coordinates":[10.5,52.25]}},{"type":"Feature","properties":{"name":"Erfurt","rank":3,"capital":0},"geometry":{"type":"Point","coordinates":[11.03,50.97]}},{"type":"Feature","properties":{"name":"Coburg","rank":3,"capital":0},"geometry":{"type":"Point","coordinates":[10.967,50.267]}},{"type":"Feature","properties":{"name":"Augsburg","rank":3,"capital":0},"geometry":{"type":"Point","coordinates":[10.9,48.35]}},{"type":"Feature","properties":{"name":"F\u00fcrth","rank":3,"capital":0},"geometry":{"type":"Point","coordinates":[11.0,49.47]}},{"type":"Feature","properties":{"name":"Chemnitz","rank":3,"capital":0},"geometry":{"type":"Point","coordinates":[12.92,50.83]}},{"type":"Feature","properties":{"name":"St.-Brieuc","rank":3,"capital":0},"geometry":{"type":"Point","coordinates":[-2.783,48.517]}},{"type":"Feature","properties":{"name":"Poitier","rank":3,"capital":0},"geometry":{"type":"Point","coordinates":[0.333,46.583]}},{"type":"Feature","properties":{"name":"Angers","rank":3,"capital":0},"geometry":{"type":"Point","coordinates":[-0.53,47.48]}},{"type":"Feature","properties":{"name":"Biarritz","rank":3,"capital":0},"geometry":{"type":"Point","coordinates":[-1.562,43.473]}},{"type":"Feature","properties":{"name":"Aix-en-Provence","rank":3,"capital":0},"geometry":{"type":"Point","coordinates":[5.45,43.52]}},{"type":"Feature","properties":{"name":"Perpignan","rank":3,"capital":0},"geometry":{"type":"Point","coordinates":[2.9,42.7]}},{"type":"Feature","properties":{"name":"Tarbes","rank":3,"capital":0},"geometry":{"type":"Point","coordinates":[0.083,43.233]}},{"type":"Feature","properties":{"name":"Clermont-Ferrand","rank":3,"capital":0},"geometry":{"type":"Point","coordinates":[3.08,45.78]}},{"type":"Feature","properties":{"name":"Melun","rank":3,"capital":0},"geometry":{"type":"Point","coordinates":[2.667,48.533]}},{"type":"Feature","properties":{"name":"Arras","rank":3,"capital":0},"geometry":{"type":"Point","coordinates":[2.783,50.283]}},{"type":"Feature","properties":{"name":"Besan\u00e7on","rank":3,"capital":0},"geometry":{"type":"Point","coordinates":[6.03,47.23]}},{"type":"Feature","properties":{"name":"R\u00edo Verde","rank":3,"capital":0},"geometry":{"type":"Point","coordinates":[-71.467,-52.65]}},{"type":"Feature","properties":{"name":"Cuya","rank":3,"capital":0},"geometry":{"type":"Point","coordinates":[-70.133,-19.117]}},{"type":"Feature","properties":{"name":"Chuquicamata","rank":3,"capital":0},"geometry":{"type":"Point","coordinates":[-68.93,-22.32]}},{"type":"Feature","properties":{"name":"Mar\u00eda Elena","rank":3,"capital":0},"geometry":{"type":"Point","coordinates":[-69.67,-22.35]}},{"type":"Feature","properties":{"name":"Tierra Amarilla","rank":3,"capital":0},"geometry":{"type":"Point","coordinates":[-70.28,-27.48]}},{"type":"Feature","properties":{"name":"Combarbal\u00e1","rank":3,"capital":0},"geometry":{"type":"Point","coordinates":[-71.0,-31.18]}},{"type":"Feature","properties":{"name":"San Bernardo","rank":3,"capital":0},"geometry":{"type":"Point","coordinates":[-70.7,-33.6]}},{"type":"Feature","properties":{"name":"San Felipe","rank":3,"capital":0},"geometry":{"type":"Point","coordinates":[-70.72,-32.75]}},{"type":"Feature","properties":{"name":"Vi\u00f1a del Mar","rank":3,"capital":0},"geometry":{"type":"Point","coordinates":[-71.557,-33.025]}},{"type":"Feature","properties":{"name":"La Ligua","rank":3,"capital":0},"geometry":{"type":"Point","coordinates":[-71.24,-32.46]}},{"type":"Feature","properties":{"name":"Quillota","rank":3,"capital":0},"geometry":{"type":"Point","coordinates":[-71.26,-32.88]}},{"type":"Feature","properties":{"name":"Nueva Imperial","rank":3,"capital":0},"geometry":{"type":"Point","coordinates":[-72.96,-38.74]}},{"type":"Feature","properties":{"name":"Loncoche","rank":3,"capital":0},"geometry":{"type":"Point","coordinates":[-72.63,-39.37]}},{"type":"Feature","properties":{"name":"Villarica","rank":3,"capital":0},"geometry":{"type":"Point","coordinates":[-72.23,-39.28]}},{"type":"Feature","properties":{"name":"Tolt\u00e9n","rank":3,"capital":0},"geometry":{"type":"Point","coordinates":[-73.212,-39.217]}},{"type":"Feature","properties":{"name":"Lonquimay","rank":3,"capital":0},"geometry":{"type":"Point","coordinates":[-71.233,-38.433]}},{"type":"Feature","properties":{"name":"Angol","rank":3,"capital":0},"geometry":{"type":"Point","coordinates":[-72.705,-37.802]}},{"type":"Feature","properties":{"name":"Collipulli","rank":3,"capital":0},"geometry":{"type":"Point","coordinates":[-72.43,-37.96]}},{"type":"Feature","properties":{"name":"La Uni\u00f3n","rank":3,"capital":0},"geometry":{"type":"Point","coordinates":[-73.09,-40.29]}},{"type":"Feature","properties":{"name":"R\u00edo Bueno","rank":3,"capital":0},"geometry":{"type":"Point","coordinates":[-72.96,-40.34]}},{"type":"Feature","properties":{"name":"Coronel","rank":3,"capital":0},"geometry":{"type":"Point","coordinates":[-73.16,-37.03]}},{"type":"Feature","properties":{"name":"Talcahuano","rank":3,"capital":0},"geometry":{"type":"Point","coordinates":[-73.117,-36.717]}},{"type":"Feature","properties":{"name":"Quirihue","rank":3,"capital":0},"geometry":{"type":"Point","coordinates":[-72.53,-36.28]}},{"type":"Feature","properties":{"name":"Curanilahue","rank":3,"capital":0},"geometry":{"type":"Point","coordinates":[-73.34,-37.48]}},{"type":"Feature","properties":{"name":"Santa B\u00e1rbara","rank":3,"capital":0},"geometry":{"type":"Point","coordinates":[-72.02,-37.67]}},{"type":"Feature","properties":{"name":"Pichilemu","rank":3,"capital":0},"geometry":{"type":"Point","coordinates":[-72.0,-34.38]}},{"type":"Feature","properties":{"name":"San Fernando","rank":3,"capital":0},"geometry":{"type":"Point","coordinates":[-70.99,-34.58]}},{"type":"Feature","properties":{"name":"Puerto Varas","rank":3,"capital":0},"geometry":{"type":"Point","coordinates":[-72.99,-41.33]}},{"type":"Feature","properties":{"name":"Calbuco","rank":3,"capital":0},"geometry":{"type":"Point","coordinates":[-73.195,-41.761]}},{"type":"Feature","properties":{"name":"Castro","rank":3,"capital":0},"geometry":{"type":"Point","coordinates":[-73.762,-42.481]}},{"type":"Feature","properties":{"name":"Chonchi","rank":3,"capital":0},"geometry":{"type":"Point","coordinates":[-73.794,-42.637]}},{"type":"Feature","properties":{"name":"Linares","rank":3,"capital":0},"geometry":{"type":"Point","coordinates":[-71.591,-35.851]}},{"type":"Feature","properties":{"name":"Cauquenes","rank":3,"capital":0},"geometry":{"type":"Point","coordinates":[-72.314,-35.975]}},{"type":"Feature","properties":{"name":"28 de Noviembre","rank":3,"capital":0},"geometry":{"type":"Point","coordinates":[-72.22,-51.589]}},{"type":"Feature","properties":{"name":"Gobernador Gregores","rank":3,"capital":0},"geometry":{"type":"Point","coordinates":[-70.25,-48.767]}},{"type":"Feature","properties":{"name":"Comondante Luis Piedrabuena","rank":3,"capital":0},"geometry":{"type":"Point","coordinates":[-68.903,-49.975]}},{"type":"Feature","properties":{"name":"Paso R\u00edo Mayo","rank":3,"capital":0},"geometry":{"type":"Point","coordinates":[-70.267,-45.683]}},{"type":"Feature","properties":{"name":"Alto Rio Sanguer","rank":3,"capital":0},"geometry":{"type":"Point","coordinates":[-70.833,-45.033]}},{"type":"Feature","properties":{"name":"El Mait\u00e9n","rank":3,"capital":0},"geometry":{"type":"Point","coordinates":[-71.167,-42.05]}},{"type":"Feature","properties":{"name":"Puerto Madryn","rank":3,"capital":0},"geometry":{"type":"Point","coordinates":[-65.04,-42.77]}},{"type":"Feature","properties":{"name":"Trelew","rank":3,"capital":0},"geometry":{"type":"Point","coordinates":[-65.33,-43.25]}},{"type":"Feature","properties":{"name":"Las Heras","rank":3,"capital":0},"geometry":{"type":"Point","coordinates":[-68.802,-32.825]}},{"type":"Feature","properties":{"name":"San Mart\u00edn","rank":3,"capital":0},"geometry":{"type":"Point","coordinates":[-68.49,-33.07]}},{"type":"Feature","properties":{"name":"Uspallata","rank":3,"capital":0},"geometry":{"type":"Point","coordinates":[-69.346,-32.593]}},{"type":"Feature","properties":{"name":"Cutral C\u00f3","rank":3,"capital":0},"geometry":{"type":"Point","coordinates":[-69.24,-38.94]}},{"type":"Feature","properties":{"name":"Punta Alta","rank":3,"capital":0},"geometry":{"type":"Point","coordinates":[-62.08,-38.88]}},{"type":"Feature","properties":{"name":"San Nicolas","rank":3,"capital":0},"geometry":{"type":"Point","coordinates":[-60.24,-33.33]}},{"type":"Feature","properties":{"name":"Campana","rank":3,"capital":0},"geometry":{"type":"Point","coordinates":[-58.96,-34.16]}},{"type":"Feature","properties":{"name":"Chacabuco","rank":3,"capital":0},"geometry":{"type":"Point","coordinates":[-60.49,-34.65]}},{"type":"Feature","properties":{"name":"Mercedes","rank":3,"capital":0},"geometry":{"type":"Point","coordinates":[-59.44,-34.66]}},{"type":"Feature","properties":{"name":"Lincoln","rank":3,"capital":0},"geometry":{"type":"Point","coordinates":[-61.54,-34.88]}},{"type":"Feature","properties":{"name":"Chivilcoy","rank":3,"capital":0},"geometry":{"type":"Point","coordinates":[-60.04,-34.9]}},{"type":"Feature","properties":{"name":"Veinticinco de Mayo","rank":3,"capital":0},"geometry":{"type":"Point","coordinates":[-60.18,-35.43]}},{"type":"Feature","properties":{"name":"Nueve de Julio","rank":3,"capital":0},"geometry":{"type":"Point","coordinates":[-60.89,-35.446]}},{"type":"Feature","properties":{"name":"Dolores","rank":3,"capital":0},"geometry":{"type":"Point","coordinates":[-57.69,-36.33]}},{"type":"Feature","properties":{"name":"Pedro Luro","rank":3,"capital":0},"geometry":{"type":"Point","coordinates":[-62.683,-39.483]}},{"type":"Feature","properties":{"name":"Tres Arroyos","rank":3,"capital":0},"geometry":{"type":"Point","coordinates":[-60.27,-38.37]}},{"type":"Feature","properties":{"name":"Coronel Su\u00e1rez","rank":3,"capital":0},"geometry":{"type":"Point","coordinates":[-61.917,-37.467]}},{"type":"Feature","properties":{"name":"Balcarce","rank":3,"capital":0},"geometry":{"type":"Point","coordinates":[-58.25,-37.833]}},{"type":"Feature","properties":{"name":"25 de Mayo","rank":3,"capital":0},"geometry":{"type":"Point","coordinates":[-67.683,-37.8]}},{"type":"Feature","properties":{"name":"General Roca","rank":3,"capital":0},"geometry":{"type":"Point","coordinates":[-67.61,-39.02]}},{"type":"Feature","properties":{"name":"Comallo","rank":3,"capital":0},"geometry":{"type":"Point","coordinates":[-70.267,-41.033]}},{"type":"Feature","properties":{"name":"Ingeniero Jacobacci","rank":3,"capital":0},"geometry":{"type":"Point","coordinates":[-69.583,-41.3]}},{"type":"Feature","properties":{"name":"General Conesa","rank":3,"capital":0},"geometry":{"type":"Point","coordinates":[-64.433,-40.1]}},{"type":"Feature","properties":{"name":"Choele Choel","rank":3,"capital":0},"geometry":{"type":"Point","coordinates":[-65.683,-39.267]}},{"type":"Feature","properties":{"name":"San Francisco","rank":3,"capital":0},"geometry":{"type":"Point","coordinates":[-62.09,-31.43]}},{"type":"Feature","properties":{"name":"Alta Gracia","rank":3,"capital":0},"geometry":{"type":"Point","coordinates":[-64.43,-31.66]}},{"type":"Feature","properties":{"name":"Villa Mar\u00eda","rank":3,"capital":0},"geometry":{"type":"Point","coordinates":[-63.26,-32.41]}},{"type":"Feature","properties":{"name":"Bell Ville","rank":3,"capital":0},"geometry":{"type":"Point","coordinates":[-62.68,-32.6]}},{"type":"Feature","properties":{"name":"Villa Rumipal","rank":3,"capital":0},"geometry":{"type":"Point","coordinates":[-64.483,-32.183]}},{"type":"Feature","properties":{"name":"Villa Carlos Paz","rank":3,"capital":0},"geometry":{"type":"Point","coordinates":[-64.5,-31.42]}},{"type":"Feature","properties":{"name":"Chumbicha","rank":3,"capital":0},"geometry":{"type":"Point","coordinates":[-66.233,-28.867]}},{"type":"Feature","properties":{"name":"Tinogasta","rank":3,"capital":0},"geometry":{"type":"Point","coordinates":[-67.567,-28.067]}},{"type":"Feature","properties":{"name":"Abra Pampa","rank":3,"capital":0},"geometry":{"type":"Point","coordinates":[-65.7,-22.717]}},{"type":"Feature","properties":{"name":"Humahuaca","rank":3,"capital":0},"geometry":{"type":"Point","coordinates":[-65.35,-23.2]}},{"type":"Feature","properties":{"name":"Susques","rank":3,"capital":0},"geometry":{"type":"Point","coordinates":[-66.483,-23.417]}},{"type":"Feature","properties":{"name":"Chepes","rank":3,"capital":0},"geometry":{"type":"Point","coordinates":[-66.6,-31.35]}},{"type":"Feature","properties":{"name":"Yacu\u00edba","rank":3,"capital":0},"geometry":{"type":"Point","coordinates":[-63.7,-22.03]}},{"type":"Feature","properties":{"name":"Tartagal","rank":3,"capital":0},"geometry":{"type":"Point","coordinates":[-63.81,-22.55]}},{"type":"Feature","properties":{"name":"Joaqu\u00edn V. Gonz\u00e1lez","rank":3,"capital":0},"geometry":{"type":"Point","coordinates":[-64.183,-25.083]}},{"type":"Feature","properties":{"name":"General Guemes","rank":3,"capital":0},"geometry":{"type":"Point","coordinates":[-65.05,-24.667]}},{"type":"Feature","properties":{"name":"Trancas","rank":3,"capital":0},"geometry":{"type":"Point","coordinates":[-65.283,-26.217]}},{"type":"Feature","properties":{"name":"Presidencia Roque Saenz Pena","rank":3,"capital":0},"geometry":{"type":"Point","coordinates":[-60.45,-26.79]}},{"type":"Feature","properties":{"name":"Pampa del Infierno","rank":3,"capital":0},"geometry":{"type":"Point","coordinates":[-61.167,-26.517]}},{"type":"Feature","properties":{"name":"Villa \u00c1ngela","rank":3,"capital":0},"geometry":{"type":"Point","coordinates":[-60.717,-27.583]}},{"type":"Feature","properties":{"name":"Ingeniero Guillermo N. Juarez","rank":3,"capital":0},"geometry":{"type":"Point","coordinates":[-61.85,-23.9]}},{"type":"Feature","properties":{"name":"Comandante Fontana","rank":3,"capital":0},"geometry":{"type":"Point","coordinates":[-59.683,-25.333]}},{"type":"Feature","properties":{"name":"Doctor Pedro P. Pe\u00f1a","rank":3,"capital":0},"geometry":{"type":"Point","coordinates":[-62.3,-22.48]}},{"type":"Feature","properties":{"name":"San Lorenzo","rank":3,"capital":0},"geometry":{"type":"Point","coordinates":[-58.77,-28.12]}},{"type":"Feature","properties":{"name":"Corrientes","rank":3,"capital":0},"geometry":{"type":"Point","coordinates":[-58.81,-27.49]}},{"type":"Feature","properties":{"name":"Concepci\u00f3n del Uruguay","rank":3,"capital":0},"geometry":{"type":"Point","coordinates":[-58.24,-32.48]}},{"type":"Feature","properties":{"name":"Victoria","rank":3,"capital":0},"geometry":{"type":"Point","coordinates":[-60.18,-32.61]}},{"type":"Feature","properties":{"name":"Gualeguay","rank":3,"capital":0},"geometry":{"type":"Point","coordinates":[-59.34,-33.15]}},{"type":"Feature","properties":{"name":"Paran\u00e1","rank":3,"capital":0},"geometry":{"type":"Point","coordinates":[-60.533,-31.733]}},{"type":"Feature","properties":{"name":"Villa Constituci\u00f3n","rank":3,"capital":0},"geometry":{"type":"Point","coordinates":[-60.35,-33.23]}},{"type":"Feature","properties":{"name":"Rafaela","rank":3,"capital":0},"geometry":{"type":"Point","coordinates":[-61.5,-31.25]}},{"type":"Feature","properties":{"name":"Eldorado","rank":3,"capital":0},"geometry":{"type":"Point","coordinates":[-54.6,-26.2]}},{"type":"Feature","properties":{"name":"Central Coast","rank":3,"capital":0},"geometry":{"type":"Point","coordinates":[151.3,-33.42]}},{"type":"Feature","properties":{"name":"Sunshine Coast","rank":3,"capital":0},"geometry":{"type":"Point","coordinates":[153.05,-26.68]}},{"type":"Feature","properties":{"name":"Bourke","rank":3,"capital":0},"geometry":{"type":"Point","coordinates":[145.933,-30.1]}},{"type":"Feature","properties":{"name":"Almer\u00eda","rank":3,"capital":0},"geometry":{"type":"Point","coordinates":[-2.43,36.83]}},{"type":"Feature","properties":{"name":"M\u00e1laga","rank":3,"capital":0},"geometry":{"type":"Point","coordinates":[-4.42,36.72]}},{"type":"Feature","properties":{"name":"Ja\u00e9n","rank":3,"capital":0},"geometry":{"type":"Point","coordinates":[-3.8,37.77]}},{"type":"Feature","properties":{"name":"Huelva","rank":3,"capital":0},"geometry":{"type":"Point","coordinates":[-6.93,37.25]}},{"type":"Feature","properties":{"name":"Albacete","rank":3,"capital":0},"geometry":{"type":"Point","coordinates":[-1.87,39.0]}},{"type":"Feature","properties":{"name":"Toledo","rank":3,"capital":0},"geometry":{"type":"Point","coordinates":[-4.017,39.867]}},{"type":"Feature","properties":{"name":"Guadalajara","rank":3,"capital":0},"geometry":{"type":"Point","coordinates":[-3.167,40.634]}},{"type":"Feature","properties":{"name":"Santander","rank":3,"capital":0},"geometry":{"type":"Point","coordinates":[-3.8,43.38]}},{"type":"Feature","properties":{"name":"Salamanca","rank":3,"capital":0},"geometry":{"type":"Point","coordinates":[-5.67,40.97]}},{"type":"Feature","properties":{"name":"Burgos","rank":3,"capital":0},"geometry":{"type":"Point","coordinates":[-3.68,42.35]}},{"type":"Feature","properties":{"name":"Tarragona","rank":3,"capital":0},"geometry":{"type":"Point","coordinates":[1.25,41.12]}},{"type":"Feature","properties":{"name":"Lorca","rank":3,"capital":0},"geometry":{"type":"Point","coordinates":[-1.699,37.689]}},{"type":"Feature","properties":{"name":"Cartagena","rank":3,"capital":0},"geometry":{"type":"Point","coordinates":[-0.98,37.6]}},{"type":"Feature","properties":{"name":"Oviedo","rank":3,"capital":0},"geometry":{"type":"Point","coordinates":[-5.83,43.35]}},{"type":"Feature","properties":{"name":"Santiago de Compostela","rank":3,"capital":0},"geometry":{"type":"Point","coordinates":[-8.541,42.883]}},{"type":"Feature","properties":{"name":"Badajoz","rank":3,"capital":0},"geometry":{"type":"Point","coordinates":[-6.97,38.88]}},{"type":"Feature","properties":{"name":"Logro\u00f1o","rank":3,"capital":0},"geometry":{"type":"Point","coordinates":[-2.43,42.47]}},{"type":"Feature","properties":{"name":"San Sebasti\u00e1n","rank":3,"capital":0},"geometry":{"type":"Point","coordinates":[-1.98,43.32]}},{"type":"Feature","properties":{"name":"Yeosu","rank":3,"capital":0},"geometry":{"type":"Point","coordinates":[127.746,34.737]}},{"type":"Feature","properties":{"name":"Andong","rank":3,"capital":0},"geometry":{"type":"Point","coordinates":[128.725,36.566]}},{"type":"Feature","properties":{"name":"Jeju","rank":3,"capital":0},"geometry":{"type":"Point","coordinates":[126.522,33.51]}},{"type":"Feature","properties":{"name":"Alicante","rank":3,"capital":0},"geometry":{"type":"Point","coordinates":[-0.484,38.351]}},{"type":"Feature","properties":{"name":"Castello","rank":3,"capital":0},"geometry":{"type":"Point","coordinates":[-0.05,39.97]}},{"type":"Feature","properties":{"name":"Colesberg","rank":3,"capital":0},"geometry":{"type":"Point","coordinates":[25.1,-30.72]}},{"type":"Feature","properties":{"name":"Poffader","rank":3,"capital":0},"geometry":{"type":"Point","coordinates":[19.383,-29.133]}},{"type":"Feature","properties":{"name":"Carnarvon","rank":3,"capital":0},"geometry":{"type":"Point","coordinates":[22.133,-30.95]}},{"type":"Feature","properties":{"name":"Prieska","rank":3,"capital":0},"geometry":{"type":"Point","coordinates":[22.73,-29.66]}},{"type":"Feature","properties":{"name":"Kuruman","rank":3,"capital":0},"geometry":{"type":"Point","coordinates":[23.42,-27.45]}},{"type":"Feature","properties":{"name":"Knysna","rank":3,"capital":0},"geometry":{"type":"Point","coordinates":[23.033,-34.033]}},{"type":"Feature","properties":{"name":"Swellendam","rank":3,"capital":0},"geometry":{"type":"Point","coordinates":[20.43,-34.02]}},{"type":"Feature","properties":{"name":"Hermanus","rank":3,"capital":0},"geometry":{"type":"Point","coordinates":[19.23,-34.41]}},{"type":"Feature","properties":{"name":"Paarl","rank":3,"capital":0},"geometry":{"type":"Point","coordinates":[18.96,-33.7]}},{"type":"Feature","properties":{"name":"Bredasdorp","rank":3,"capital":0},"geometry":{"type":"Point","coordinates":[20.03,-34.53]}},{"type":"Feature","properties":{"name":"Beaufort West","rank":3,"capital":0},"geometry":{"type":"Point","coordinates":[22.57,-32.35]}},{"type":"Feature","properties":{"name":"Brits","rank":3,"capital":0},"geometry":{"type":"Point","coordinates":[27.78,-25.63]}},{"type":"Feature","properties":{"name":"Bloemhof","rank":3,"capital":0},"geometry":{"type":"Point","coordinates":[25.59,-27.65]}},{"type":"Feature","properties":{"name":"Potchefstroom","rank":3,"capital":0},"geometry":{"type":"Point","coordinates":[27.1,-26.7]}},{"type":"Feature","properties":{"name":"Brandfort","rank":3,"capital":0},"geometry":{"type":"Point","coordinates":[26.47,-28.7]}},{"type":"Feature","properties":{"name":"Bethlehem","rank":3,"capital":0},"geometry":{"type":"Point","coordinates":[28.3,-28.22]}},{"type":"Feature","properties":{"name":"Springs","rank":3,"capital":0},"geometry":{"type":"Point","coordinates":[28.43,-26.27]}},{"type":"Feature","properties":{"name":"Volksrust","rank":3,"capital":0},"geometry":{"type":"Point","coordinates":[29.89,-27.36]}},{"type":"Feature","properties":{"name":"Mbombela","rank":3,"capital":0},"geometry":{"type":"Point","coordinates":[30.98,-25.47]}},{"type":"Feature","properties":{"name":"Komatipoort","rank":3,"capital":0},"geometry":{"type":"Point","coordinates":[31.94,-25.41]}},{"type":"Feature","properties":{"name":"Middelburg","rank":3,"capital":0},"geometry":{"type":"Point","coordinates":[29.47,-25.76]}},{"type":"Feature","properties":{"name":"Bethal","rank":3,"capital":0},"geometry":{"type":"Point","coordinates":[29.45,-26.47]}},{"type":"Feature","properties":{"name":"Standerton","rank":3,"capital":0},"geometry":{"type":"Point","coordinates":[29.24,-26.94]}},{"type":"Feature","properties":{"name":"Lebowakgomo","rank":3,"capital":0},"geometry":{"type":"Point","coordinates":[29.5,-24.2]}},{"type":"Feature","properties":{"name":"Tzaneen","rank":3,"capital":0},"geometry":{"type":"Point","coordinates":[30.17,-23.82]}},{"type":"Feature","properties":{"name":"Ulundi","rank":3,"capital":0},"geometry":{"type":"Point","coordinates":[31.41,-28.33]}},{"type":"Feature","properties":{"name":"Ladysmith","rank":3,"capital":0},"geometry":{"type":"Point","coordinates":[29.78,-28.549]}},{"type":"Feature","properties":{"name":"Port Shepstone","rank":3,"capital":0},"geometry":{"type":"Point","coordinates":[30.46,-30.72]}},{"type":"Feature","properties":{"name":"Ubomba","rank":3,"capital":0},"geometry":{"type":"Point","coordinates":[32.083,-27.566]}},{"type":"Feature","properties":{"name":"Cradock","rank":3,"capital":0},"geometry":{"type":"Point","coordinates":[25.61,-32.2]}},{"type":"Feature","properties":{"name":"Uitenhage","rank":3,"capital":0},"geometry":{"type":"Point","coordinates":[25.39,-33.76]}},{"type":"Feature","properties":{"name":"Port Alfred","rank":3,"capital":0},"geometry":{"type":"Point","coordinates":[26.88,-33.6]}},{"type":"Feature","properties":{"name":"Grahamstown","rank":3,"capital":0},"geometry":{"type":"Point","coordinates":[26.52,-33.3]}},{"type":"Feature","properties":{"name":"Port St. Johns","rank":3,"capital":0},"geometry":{"type":"Point","coordinates":[29.528,-31.628]}},{"type":"Feature","properties":{"name":"Aliwal North","rank":3,"capital":0},"geometry":{"type":"Point","coordinates":[26.71,-30.69]}},{"type":"Feature","properties":{"name":"Queenstown","rank":3,"capital":0},"geometry":{"type":"Point","coordinates":[26.88,-31.9]}},{"type":"Feature","properties":{"name":"Gangneung","rank":3,"capital":0},"geometry":{"type":"Point","coordinates":[128.896,37.756]}},{"type":"Feature","properties":{"name":"Sokcho","rank":3,"capital":0},"geometry":{"type":"Point","coordinates":[128.591,38.209]}},{"type":"Feature","properties":{"name":"Jeonju","rank":3,"capital":0},"geometry":{"type":"Point","coordinates":[127.14,35.831]}},{"type":"Feature","properties":{"name":"Gunsan","rank":3,"capital":0},"geometry":{"type":"Point","coordinates":[126.716,35.982]}},{"type":"Feature","properties":{"name":"Mokpo","rank":3,"capital":0},"geometry":{"type":"Point","coordinates":[126.396,34.807]}},{"type":"Feature","properties":{"name":"Parma","rank":3,"capital":0},"geometry":{"type":"Point","coordinates":[10.32,44.81]}},{"type":"Feature","properties":{"name":"Ravenna","rank":3,"capital":0},"geometry":{"type":"Point","coordinates":[12.22,44.42]}},{"type":"Feature","properties":{"name":"Ferrara","rank":3,"capital":0},"geometry":{"type":"Point","coordinates":[11.61,44.85]}},{"type":"Feature","properties":{"name":"Bologna","rank":3,"capital":0},"geometry":{"type":"Point","coordinates":[11.34,44.5]}},{"type":"Feature","properties":{"name":"Olbia","rank":3,"capital":0},"geometry":{"type":"Point","coordinates":[9.515,40.914]}},{"type":"Feature","properties":{"name":"Cagliari","rank":3,"capital":0},"geometry":{"type":"Point","coordinates":[9.104,39.222]}},{"type":"Feature","properties":{"name":"Pisa","rank":3,"capital":0},"geometry":{"type":"Point","coordinates":[10.4,43.72]}},{"type":"Feature","properties":{"name":"Livorno","rank":3,"capital":0},"geometry":{"type":"Point","coordinates":[10.302,43.551]}},{"type":"Feature","properties":{"name":"Siena","rank":3,"capital":0},"geometry":{"type":"Point","coordinates":[11.35,43.317]}},{"type":"Feature","properties":{"name":"Arezzo","rank":3,"capital":0},"geometry":{"type":"Point","coordinates":[11.875,43.462]}},{"type":"Feature","properties":{"name":"Catanzaro","rank":3,"capital":0},"geometry":{"type":"Point","coordinates":[16.6,38.9]}},{"type":"Feature","properties":{"name":"Salerno","rank":3,"capital":0},"geometry":{"type":"Point","coordinates":[14.77,40.68]}},{"type":"Feature","properties":{"name":"Benevento","rank":3,"capital":0},"geometry":{"type":"Point","coordinates":[14.75,41.134]}},{"type":"Feature","properties":{"name":"Bari","rank":3,"capital":0},"geometry":{"type":"Point","coordinates":[16.873,41.114]}},{"type":"Feature","properties":{"name":"Foggia","rank":3,"capital":0},"geometry":{"type":"Point","coordinates":[15.56,41.46]}},{"type":"Feature","properties":{"name":"Lecce","rank":3,"capital":0},"geometry":{"type":"Point","coordinates":[18.15,40.36]}},{"type":"Feature","properties":{"name":"Brindisi","rank":3,"capital":0},"geometry":{"type":"Point","coordinates":[17.93,40.64]}},{"type":"Feature","properties":{"name":"Taranto","rank":3,"capital":0},"geometry":{"type":"Point","coordinates":[17.23,40.508]}},{"type":"Feature","properties":{"name":"Messina","rank":3,"capital":0},"geometry":{"type":"Point","coordinates":[15.55,38.2]}},{"type":"Feature","properties":{"name":"Marsala","rank":3,"capital":0},"geometry":{"type":"Point","coordinates":[12.439,37.805]}},{"type":"Feature","properties":{"name":"Siracusa","rank":3,"capital":0},"geometry":{"type":"Point","coordinates":[15.29,37.07]}},{"type":"Feature","properties":{"name":"Pescara","rank":3,"capital":0},"geometry":{"type":"Point","coordinates":[14.219,42.455]}},{"type":"Feature","properties":{"name":"L'Aquila","rank":3,"capital":0},"geometry":{"type":"Point","coordinates":[13.39,42.35]}},{"type":"Feature","properties":{"name":"Civitavecchia","rank":3,"capital":0},"geometry":{"type":"Point","coordinates":[11.8,42.1]}},{"type":"Feature","properties":{"name":"Ancona","rank":3,"capital":0},"geometry":{"type":"Point","coordinates":[13.5,43.6]}},{"type":"Feature","properties":{"name":"Perugia","rank":3,"capital":0},"geometry":{"type":"Point","coordinates":[12.39,43.11]}},{"type":"Feature","properties":{"name":"Bergamo","rank":3,"capital":0},"geometry":{"type":"Point","coordinates":[9.67,45.7]}},{"type":"Feature","properties":{"name":"Trieste","rank":3,"capital":0},"geometry":{"type":"Point","coordinates":[13.8,45.65]}},{"type":"Feature","properties":{"name":"Bolzano","rank":3,"capital":0},"geometry":{"type":"Point","coordinates":[11.36,46.5]}},{"type":"Feature","properties":{"name":"Trento","rank":3,"capital":0},"geometry":{"type":"Point","coordinates":[11.12,46.08]}},{"type":"Feature","properties":{"name":"Verona","rank":3,"capital":0},"geometry":{"type":"Point","coordinates":[10.99,45.44]}},{"type":"Feature","properties":{"name":"Saint-\u00c9tienne","rank":3,"capital":0},"geometry":{"type":"Point","coordinates":[4.38,45.43]}},{"type":"Feature","properties":{"name":"Grenoble","rank":3,"capital":0},"geometry":{"type":"Point","coordinates":[5.72,45.18]}},{"type":"Feature","properties":{"name":"Zongo","rank":3,"capital":0},"geometry":{"type":"Point","coordinates":[18.615,4.33]}},{"type":"Feature","properties":{"name":"Libenge","rank":3,"capital":0},"geometry":{"type":"Point","coordinates":[18.62,3.66]}},{"type":"Feature","properties":{"name":"Bongandanga","rank":3,"capital":0},"geometry":{"type":"Point","coordinates":[21.05,1.51]}},{"type":"Feature","properties":{"name":"Ikela","rank":3,"capital":0},"geometry":{"type":"Point","coordinates":[23.267,-1.183]}},{"type":"Feature","properties":{"name":"Binga","rank":3,"capital":0},"geometry":{"type":"Point","coordinates":[20.42,2.383]}},{"type":"Feature","properties":{"name":"Basankusu","rank":3,"capital":0},"geometry":{"type":"Point","coordinates":[19.8,1.234]}},{"type":"Feature","properties":{"name":"Boende","rank":3,"capital":0},"geometry":{"type":"Point","coordinates":[20.86,-0.22]}},{"type":"Feature","properties":{"name":"Gbadolite","rank":3,"capital":0},"geometry":{"type":"Point","coordinates":[21.02,4.29]}},{"type":"Feature","properties":{"name":"Businga","rank":3,"capital":0},"geometry":{"type":"Point","coordinates":[20.87,3.34]}},{"type":"Feature","properties":{"name":"Bosobolo","rank":3,"capital":0},"geometry":{"type":"Point","coordinates":[19.88,4.19]}},{"type":"Feature","properties":{"name":"Tanta","rank":3,"capital":0},"geometry":{"type":"Point","coordinates":[31.0,30.79]}},{"type":"Feature","properties":{"name":"Isma\u00eflia","rank":3,"capital":0},"geometry":{"type":"Point","coordinates":[32.26,30.59]}},{"type":"Feature","properties":{"name":"El Mansura","rank":3,"capital":0},"geometry":{"type":"Point","coordinates":[31.38,31.05]}},{"type":"Feature","properties":{"name":"Dumyat","rank":3,"capital":0},"geometry":{"type":"Point","coordinates":[31.82,31.42]}},{"type":"Feature","properties":{"name":"Matruh","rank":3,"capital":0},"geometry":{"type":"Point","coordinates":[27.23,31.35]}},{"type":"Feature","properties":{"name":"El Alamein","rank":3,"capital":0},"geometry":{"type":"Point","coordinates":[28.95,30.817]}},{"type":"Feature","properties":{"name":"El Daba","rank":3,"capital":0},"geometry":{"type":"Point","coordinates":[28.433,31.034]}},{"type":"Feature","properties":{"name":"Salum","rank":3,"capital":0},"geometry":{"type":"Point","coordinates":[25.15,31.567]}},{"type":"Feature","properties":{"name":"Damanh\u00fbr","rank":3,"capital":0},"geometry":{"type":"Point","coordinates":[30.47,31.05]}},{"type":"Feature","properties":{"name":"Samalut","rank":3,"capital":0},"geometry":{"type":"Point","coordinates":[30.71,28.3]}},{"type":"Feature","properties":{"name":"Mallawi","rank":3,"capital":0},"geometry":{"type":"Point","coordinates":[30.84,27.73]}},{"type":"Feature","properties":{"name":"Beni Mazar","rank":3,"capital":0},"geometry":{"type":"Point","coordinates":[30.81,28.49]}},{"type":"Feature","properties":{"name":"Beni Suef","rank":3,"capital":0},"geometry":{"type":"Point","coordinates":[31.09,29.08]}},{"type":"Feature","properties":{"name":"Rashid","rank":3,"capital":0},"geometry":{"type":"Point","coordinates":[30.39,31.46]}},{"type":"Feature","properties":{"name":"Qasr Farafra","rank":3,"capital":0},"geometry":{"type":"Point","coordinates":[27.967,27.067]}},{"type":"Feature","properties":{"name":"El Qasr","rank":3,"capital":0},"geometry":{"type":"Point","coordinates":[28.883,25.7]}},{"type":"Feature","properties":{"name":"Isna","rank":3,"capital":0},"geometry":{"type":"Point","coordinates":[32.55,25.29]}},{"type":"Feature","properties":{"name":"Qena","rank":3,"capital":0},"geometry":{"type":"Point","coordinates":[32.72,26.15]}},{"type":"Feature","properties":{"name":"Girga","rank":3,"capital":0},"geometry":{"type":"Point","coordinates":[31.88,26.33]}},{"type":"Feature","properties":{"name":"Sohag","rank":3,"capital":0},"geometry":{"type":"Point","coordinates":[31.7,26.55]}},{"type":"Feature","properties":{"name":"Berenice","rank":3,"capital":0},"geometry":{"type":"Point","coordinates":[35.484,23.946]}},{"type":"Feature","properties":{"name":"Bur Safaga","rank":3,"capital":0},"geometry":{"type":"Point","coordinates":[33.933,26.734]}},{"type":"Feature","properties":{"name":"El Tur","rank":3,"capital":0},"geometry":{"type":"Point","coordinates":[33.615,28.239]}},{"type":"Feature","properties":{"name":"El Arish","rank":3,"capital":0},"geometry":{"type":"Point","coordinates":[33.801,31.125]}},{"type":"Feature","properties":{"name":"Yangambi","rank":3,"capital":0},"geometry":{"type":"Point","coordinates":[24.43,0.77]}},{"type":"Feature","properties":{"name":"Aketi","rank":3,"capital":0},"geometry":{"type":"Point","coordinates":[23.78,2.74]}},{"type":"Feature","properties":{"name":"Mongbwalu","rank":3,"capital":0},"geometry":{"type":"Point","coordinates":[30.033,1.95]}},{"type":"Feature","properties":{"name":"Bafwasende","rank":3,"capital":0},"geometry":{"type":"Point","coordinates":[27.267,1.084]}},{"type":"Feature","properties":{"name":"Bunia","rank":3,"capital":0},"geometry":{"type":"Point","coordinates":[30.24,1.56]}},{"type":"Feature","properties":{"name":"Wamba","rank":3,"capital":0},"geometry":{"type":"Point","coordinates":[27.99,2.14]}},{"type":"Feature","properties":{"name":"Basoko","rank":3,"capital":0},"geometry":{"type":"Point","coordinates":[23.59,1.24]}},{"type":"Feature","properties":{"name":"Bonn","rank":3,"capital":0},"geometry":{"type":"Point","coordinates":[7.08,50.72]}},{"type":"Feature","properties":{"name":"M\u00fcnster","rank":3,"capital":0},"geometry":{"type":"Point","coordinates":[7.62,51.97]}},{"type":"Feature","properties":{"name":"D\u00fcsseldorf","rank":3,"capital":0},"geometry":{"type":"Point","coordinates":[6.78,51.22]}},{"type":"Feature","properties":{"name":"Ulm","rank":3,"capital":0},"geometry":{"type":"Point","coordinates":[10.0,48.4]}},{"type":"Feature","properties":{"name":"Mannheim","rank":3,"capital":0},"geometry":{"type":"Point","coordinates":[8.47,49.5]}},{"type":"Feature","properties":{"name":"Freiburg","rank":3,"capital":0},"geometry":{"type":"Point","coordinates":[7.87,48.0]}},{"type":"Feature","properties":{"name":"Gie\u00dfen","rank":3,"capital":0},"geometry":{"type":"Point","coordinates":[8.65,50.584]}},{"type":"Feature","properties":{"name":"Wiesbaden","rank":3,"capital":0},"geometry":{"type":"Point","coordinates":[8.25,50.08]}},{"type":"Feature","properties":{"name":"Bremerhaven","rank":3,"capital":0},"geometry":{"type":"Point","coordinates":[8.58,53.55]}},{"type":"Feature","properties":{"name":"Osnabr\u00fcck","rank":3,"capital":0},"geometry":{"type":"Point","coordinates":[8.05,52.28]}},{"type":"Feature","properties":{"name":"Hanover","rank":3,"capital":0},"geometry":{"type":"Point","coordinates":[9.717,52.367]}},{"type":"Feature","properties":{"name":"G\u00f6ttingen","rank":3,"capital":0},"geometry":{"type":"Point","coordinates":[9.92,51.52]}},{"type":"Feature","properties":{"name":"Gera","rank":3,"capital":0},"geometry":{"type":"Point","coordinates":[12.07,50.87]}},{"type":"Feature","properties":{"name":"Jena","rank":3,"capital":0},"geometry":{"type":"Point","coordinates":[11.58,50.93]}},{"type":"Feature","properties":{"name":"Flensburg","rank":3,"capital":0},"geometry":{"type":"Point","coordinates":[9.433,54.784]}},{"type":"Feature","properties":{"name":"L\u00fcbeck","rank":3,"capital":0},"geometry":{"type":"Point","coordinates":[10.67,53.87]}},{"type":"Feature","properties":{"name":"Kiel","rank":3,"capital":0},"geometry":{"type":"Point","coordinates":[10.13,54.33]}},{"type":"Feature","properties":{"name":"Koblenz","rank":3,"capital":0},"geometry":{"type":"Point","coordinates":[7.6,50.35]}},{"type":"Feature","properties":{"name":"Saarbr\u00fccken","rank":3,"capital":0},"geometry":{"type":"Point","coordinates":[6.97,49.25]}},{"type":"Feature","properties":{"name":"Regensburg","rank":3,"capital":0},"geometry":{"type":"Point","coordinates":[12.12,49.02]}},{"type":"Feature","properties":{"name":"Rosenheim","rank":3,"capital":0},"geometry":{"type":"Point","coordinates":[12.133,47.85]}},{"type":"Feature","properties":{"name":"Hof","rank":3,"capital":0},"geometry":{"type":"Point","coordinates":[11.917,50.317]}},{"type":"Feature","properties":{"name":"W\u00fcrzburg","rank":3,"capital":0},"geometry":{"type":"Point","coordinates":[9.95,49.8]}},{"type":"Feature","properties":{"name":"Ingolstadt","rank":3,"capital":0},"geometry":{"type":"Point","coordinates":[11.45,48.77]}},{"type":"Feature","properties":{"name":"Cottbus","rank":3,"capital":0},"geometry":{"type":"Point","coordinates":[14.33,51.77]}},{"type":"Feature","properties":{"name":"Potsdam","rank":3,"capital":0},"geometry":{"type":"Point","coordinates":[13.07,52.4]}},{"type":"Feature","properties":{"name":"Magdeburg","rank":3,"capital":0},"geometry":{"type":"Point","coordinates":[11.62,52.13]}},{"type":"Feature","properties":{"name":"Leipzig","rank":3,"capital":0},"geometry":{"type":"Point","coordinates":[12.41,51.335]}},{"type":"Feature","properties":{"name":"Kenge","rank":3,"capital":0},"geometry":{"type":"Point","coordinates":[16.9,-4.83]}},{"type":"Feature","properties":{"name":"Bolobo","rank":3,"capital":0},"geometry":{"type":"Point","coordinates":[16.24,-2.16]}},{"type":"Feature","properties":{"name":"Kahemba","rank":3,"capital":0},"geometry":{"type":"Point","coordinates":[19.0,-7.283]}},{"type":"Feature","properties":{"name":"Bulungu","rank":3,"capital":0},"geometry":{"type":"Point","coordinates":[18.6,-4.55]}},{"type":"Feature","properties":{"name":"Lusanga","rank":3,"capital":0},"geometry":{"type":"Point","coordinates":[16.517,-5.583]}},{"type":"Feature","properties":{"name":"Mangai","rank":3,"capital":0},"geometry":{"type":"Point","coordinates":[19.53,-4.04]}},{"type":"Feature","properties":{"name":"Kasongo-Lunda","rank":3,"capital":0},"geometry":{"type":"Point","coordinates":[16.83,-6.48]}},{"type":"Feature","properties":{"name":"Mushie","rank":3,"capital":0},"geometry":{"type":"Point","coordinates":[16.92,-3.02]}},{"type":"Feature","properties":{"name":"Dibaya","rank":3,"capital":0},"geometry":{"type":"Point","coordinates":[22.87,-6.51]}},{"type":"Feature","properties":{"name":"Mweka","rank":3,"capital":0},"geometry":{"type":"Point","coordinates":[21.57,-4.84]}},{"type":"Feature","properties":{"name":"Luebo","rank":3,"capital":0},"geometry":{"type":"Point","coordinates":[21.41,-5.35]}},{"type":"Feature","properties":{"name":"Demba","rank":3,"capital":0},"geometry":{"type":"Point","coordinates":[22.26,-5.51]}},{"type":"Feature","properties":{"name":"Ilebo","rank":3,"capital":0},"geometry":{"type":"Point","coordinates":[20.61,-4.32]}},{"type":"Feature","properties":{"name":"Moanda","rank":3,"capital":0},"geometry":{"type":"Point","coordinates":[12.355,-5.923]}},{"type":"Feature","properties":{"name":"Kimpese","rank":3,"capital":0},"geometry":{"type":"Point","coordinates":[14.433,-5.55]}},{"type":"Feature","properties":{"name":"Kasangulu","rank":3,"capital":0},"geometry":{"type":"Point","coordinates":[15.18,-4.58]}},{"type":"Feature","properties":{"name":"Mbanza-Ngungu","rank":3,"capital":0},"geometry":{"type":"Point","coordinates":[14.86,-5.25]}},{"type":"Feature","properties":{"name":"Tshela","rank":3,"capital":0},"geometry":{"type":"Point","coordinates":[12.93,-4.97]}},{"type":"Feature","properties":{"name":"Mwenga","rank":3,"capital":0},"geometry":{"type":"Point","coordinates":[28.433,-3.038]}},{"type":"Feature","properties":{"name":"Kampene","rank":3,"capital":0},"geometry":{"type":"Point","coordinates":[26.67,-3.6]}},{"type":"Feature","properties":{"name":"Kalima","rank":3,"capital":0},"geometry":{"type":"Point","coordinates":[26.43,-2.51]}},{"type":"Feature","properties":{"name":"Lubutu","rank":3,"capital":0},"geometry":{"type":"Point","coordinates":[26.583,-0.733]}},{"type":"Feature","properties":{"name":"Kabinda","rank":3,"capital":0},"geometry":{"type":"Point","coordinates":[24.48,-6.13]}},{"type":"Feature","properties":{"name":"Lubao","rank":3,"capital":0},"geometry":{"type":"Point","coordinates":[25.75,-5.39]}},{"type":"Feature","properties":{"name":"Lusambo","rank":3,"capital":0},"geometry":{"type":"Point","coordinates":[23.43,-4.97]}},{"type":"Feature","properties":{"name":"Gandajika","rank":3,"capital":0},"geometry":{"type":"Point","coordinates":[23.96,-6.74]}},{"type":"Feature","properties":{"name":"Lodja","rank":3,"capital":0},"geometry":{"type":"Point","coordinates":[23.591,-3.532]}},{"type":"Feature","properties":{"name":"Dilolo","rank":3,"capital":0},"geometry":{"type":"Point","coordinates":[22.333,-10.7]}},{"type":"Feature","properties":{"name":"Nyunzu","rank":3,"capital":0},"geometry":{"type":"Point","coordinates":[28.017,-5.95]}},{"type":"Feature","properties":{"name":"Kasaji","rank":3,"capital":0},"geometry":{"type":"Point","coordinates":[23.45,-10.366]}},{"type":"Feature","properties":{"name":"Luanza","rank":3,"capital":0},"geometry":{"type":"Point","coordinates":[28.7,-8.7]}},{"type":"Feature","properties":{"name":"Moba","rank":3,"capital":0},"geometry":{"type":"Point","coordinates":[29.72,-7.06]}},{"type":"Feature","properties":{"name":"Bukama","rank":3,"capital":0},"geometry":{"type":"Point","coordinates":[25.84,-9.21]}},{"type":"Feature","properties":{"name":"Kaniama","rank":3,"capital":0},"geometry":{"type":"Point","coordinates":[24.17,-7.57]}},{"type":"Feature","properties":{"name":"Kipushi","rank":3,"capital":0},"geometry":{"type":"Point","coordinates":[27.25,-11.76]}},{"type":"Feature","properties":{"name":"Kambove","rank":3,"capital":0},"geometry":{"type":"Point","coordinates":[26.6,-10.87]}},{"type":"Feature","properties":{"name":"Kongolo","rank":3,"capital":0},"geometry":{"type":"Point","coordinates":[26.98,-5.379]}},{"type":"Feature","properties":{"name":"Kabalo","rank":3,"capital":0},"geometry":{"type":"Point","coordinates":[26.91,-6.05]}},{"type":"Feature","properties":{"name":"Beni","rank":3,"capital":0},"geometry":{"type":"Point","coordinates":[29.45,0.49]}},{"type":"Feature","properties":{"name":"Cherbourg","rank":3,"capital":0},"geometry":{"type":"Point","coordinates":[-1.65,49.65]}},{"type":"Feature","properties":{"name":"Caen","rank":3,"capital":0},"geometry":{"type":"Point","coordinates":[-0.35,49.184]}},{"type":"Feature","properties":{"name":"Lorient","rank":3,"capital":0},"geometry":{"type":"Point","coordinates":[-3.367,47.75]}},{"type":"Feature","properties":{"name":"Brest","rank":3,"capital":0},"geometry":{"type":"Point","coordinates":[-4.495,48.39]}},{"type":"Feature","properties":{"name":"Le Mans","rank":3,"capital":0},"geometry":{"type":"Point","coordinates":[0.203,48.004]}},{"type":"Feature","properties":{"name":"Nantes","rank":3,"capital":0},"geometry":{"type":"Point","coordinates":[-1.59,47.21]}},{"type":"Feature","properties":{"name":"Agen","rank":3,"capital":0},"geometry":{"type":"Point","coordinates":[0.633,44.2]}},{"type":"Feature","properties":{"name":"Ajaccio","rank":3,"capital":0},"geometry":{"type":"Point","coordinates":[8.728,41.927]}},{"type":"Feature","properties":{"name":"Bastia","rank":3,"capital":0},"geometry":{"type":"Point","coordinates":[9.45,42.703]}},{"type":"Feature","properties":{"name":"Toulon","rank":3,"capital":0},"geometry":{"type":"Point","coordinates":[5.919,43.134]}},{"type":"Feature","properties":{"name":"B\u00e9ziers","rank":3,"capital":0},"geometry":{"type":"Point","coordinates":[3.21,43.35]}},{"type":"Feature","properties":{"name":"Montpellier","rank":3,"capital":0},"geometry":{"type":"Point","coordinates":[3.87,43.61]}},{"type":"Feature","properties":{"name":"N\u00eemes","rank":3,"capital":0},"geometry":{"type":"Point","coordinates":[4.35,43.83]}},{"type":"Feature","properties":{"name":"Vichy","rank":3,"capital":0},"geometry":{"type":"Point","coordinates":[3.417,46.117]}},{"type":"Feature","properties":{"name":"Nevers","rank":3,"capital":0},"geometry":{"type":"Point","coordinates":[3.167,46.984]}},{"type":"Feature","properties":{"name":"Auxerre","rank":3,"capital":0},"geometry":{"type":"Point","coordinates":[3.567,47.8]}},{"type":"Feature","properties":{"name":"Dijon","rank":3,"capital":0},"geometry":{"type":"Point","coordinates":[5.03,47.33]}},{"type":"Feature","properties":{"name":"Bourges","rank":3,"capital":0},"geometry":{"type":"Point","coordinates":[2.4,47.084]}},{"type":"Feature","properties":{"name":"Tours","rank":3,"capital":0},"geometry":{"type":"Point","coordinates":[0.7,47.38]}},{"type":"Feature","properties":{"name":"Orl\u00e9ans","rank":3,"capital":0},"geometry":{"type":"Point","coordinates":[1.9,47.9]}},{"type":"Feature","properties":{"name":"Dieppe","rank":3,"capital":0},"geometry":{"type":"Point","coordinates":[1.083,49.934]}},{"type":"Feature","properties":{"name":"Rouen","rank":3,"capital":0},"geometry":{"type":"Point","coordinates":[1.08,49.43]}},{"type":"Feature","properties":{"name":"Versailles","rank":3,"capital":0},"geometry":{"type":"Point","coordinates":[2.133,48.8]}},{"type":"Feature","properties":{"name":"Brive","rank":3,"capital":0},"geometry":{"type":"Point","coordinates":[1.533,45.15]}},{"type":"Feature","properties":{"name":"Troyes","rank":3,"capital":0},"geometry":{"type":"Point","coordinates":[4.083,48.34]}},{"type":"Feature","properties":{"name":"Reims","rank":3,"capital":0},"geometry":{"type":"Point","coordinates":[4.03,49.25]}},{"type":"Feature","properties":{"name":"Calais","rank":3,"capital":0},"geometry":{"type":"Point","coordinates":[1.833,50.95]}},{"type":"Feature","properties":{"name":"Amiens","rank":3,"capital":0},"geometry":{"type":"Point","coordinates":[2.3,49.9]}},{"type":"Feature","properties":{"name":"Mulhouse","rank":3,"capital":0},"geometry":{"type":"Point","coordinates":[7.35,47.75]}},{"type":"Feature","properties":{"name":"Nancy","rank":3,"capital":0},"geometry":{"type":"Point","coordinates":[6.2,48.684]}},{"type":"Feature","properties":{"name":"Metz","rank":3,"capital":0},"geometry":{"type":"Point","coordinates":[6.18,49.12]}},{"type":"Feature","properties":{"name":"Cochrane","rank":3,"capital":0},"geometry":{"type":"Point","coordinates":[-72.55,-47.266]}},{"type":"Feature","properties":{"name":"Lagunas","rank":3,"capital":0},"geometry":{"type":"Point","coordinates":[-69.683,-20.983]}},{"type":"Feature","properties":{"name":"Pozo Almonte","rank":3,"capital":0},"geometry":{"type":"Point","coordinates":[-69.8,-20.27]}},{"type":"Feature","properties":{"name":"Toconao","rank":3,"capital":0},"geometry":{"type":"Point","coordinates":[-68.017,-23.183]}},{"type":"Feature","properties":{"name":"Huasco","rank":3,"capital":0},"geometry":{"type":"Point","coordinates":[-71.22,-28.47]}},{"type":"Feature","properties":{"name":"Diego de Almagro","rank":3,"capital":0},"geometry":{"type":"Point","coordinates":[-70.05,-26.37]}},{"type":"Feature","properties":{"name":"Caldera","rank":3,"capital":0},"geometry":{"type":"Point","coordinates":[-70.83,-27.07]}},{"type":"Feature","properties":{"name":"Coquimbo","rank":3,"capital":0},"geometry":{"type":"Point","coordinates":[-71.344,-29.953]}},{"type":"Feature","properties":{"name":"Vicu\u00f1a","rank":3,"capital":0},"geometry":{"type":"Point","coordinates":[-70.74,-30.029]}},{"type":"Feature","properties":{"name":"Illapel","rank":3,"capital":0},"geometry":{"type":"Point","coordinates":[-71.17,-31.63]}},{"type":"Feature","properties":{"name":"Salamanca","rank":3,"capital":0},"geometry":{"type":"Point","coordinates":[-70.98,-31.78]}},{"type":"Feature","properties":{"name":"Los Andes","rank":3,"capital":0},"geometry":{"type":"Point","coordinates":[-70.6,-32.83]}},{"type":"Feature","properties":{"name":"San Antonio","rank":3,"capital":0},"geometry":{"type":"Point","coordinates":[-71.61,-33.6]}},{"type":"Feature","properties":{"name":"Victoria","rank":3,"capital":0},"geometry":{"type":"Point","coordinates":[-72.34,-38.24]}},{"type":"Feature","properties":{"name":"Carahue","rank":3,"capital":0},"geometry":{"type":"Point","coordinates":[-73.17,-38.709]}},{"type":"Feature","properties":{"name":"Los Lagos","rank":3,"capital":0},"geometry":{"type":"Point","coordinates":[-72.83,-39.85]}},{"type":"Feature","properties":{"name":"Lota","rank":3,"capital":0},"geometry":{"type":"Point","coordinates":[-73.16,-37.09]}},{"type":"Feature","properties":{"name":"Lebu","rank":3,"capital":0},"geometry":{"type":"Point","coordinates":[-73.65,-37.61]}},{"type":"Feature","properties":{"name":"Quell\u00f3n","rank":3,"capital":0},"geometry":{"type":"Point","coordinates":[-73.6,-43.1]}},{"type":"Feature","properties":{"name":"Constituci\u00f3n","rank":3,"capital":0},"geometry":{"type":"Point","coordinates":[-72.42,-35.33]}},{"type":"Feature","properties":{"name":"Debre Birhan","rank":3,"capital":0},"geometry":{"type":"Point","coordinates":[39.53,9.68]}},{"type":"Feature","properties":{"name":"Bati","rank":3,"capital":0},"geometry":{"type":"Point","coordinates":[40.017,11.184]}},{"type":"Feature","properties":{"name":"Adigrat","rank":3,"capital":0},"geometry":{"type":"Point","coordinates":[39.47,14.28]}},{"type":"Feature","properties":{"name":"Aksum","rank":3,"capital":0},"geometry":{"type":"Point","coordinates":[38.72,14.13]}},{"type":"Feature","properties":{"name":"Yirga Alem","rank":3,"capital":0},"geometry":{"type":"Point","coordinates":[38.41,6.75]}},{"type":"Feature","properties":{"name":"Hosaina","rank":3,"capital":0},"geometry":{"type":"Point","coordinates":[37.85,7.55]}},{"type":"Feature","properties":{"name":"Dila","rank":3,"capital":0},"geometry":{"type":"Point","coordinates":[38.31,6.41]}},{"type":"Feature","properties":{"name":"Giyon","rank":3,"capital":0},"geometry":{"type":"Point","coordinates":[37.97,8.53]}},{"type":"Feature","properties":{"name":"Hagere Hiywet","rank":3,"capital":0},"geometry":{"type":"Point","coordinates":[37.85,8.98]}},{"type":"Feature","properties":{"name":"Nekemte","rank":3,"capital":0},"geometry":{"type":"Point","coordinates":[36.53,9.09]}},{"type":"Feature","properties":{"name":"Asela","rank":3,"capital":0},"geometry":{"type":"Point","coordinates":[39.14,7.95]}},{"type":"Feature","properties":{"name":"Shashemene","rank":3,"capital":0},"geometry":{"type":"Point","coordinates":[38.59,7.2]}},{"type":"Feature","properties":{"name":"Dembi Dolo","rank":3,"capital":0},"geometry":{"type":"Point","coordinates":[34.8,8.534]}},{"type":"Feature","properties":{"name":"Gimbi","rank":3,"capital":0},"geometry":{"type":"Point","coordinates":[35.833,9.167]}},{"type":"Feature","properties":{"name":"Asosa","rank":3,"capital":0},"geometry":{"type":"Point","coordinates":[34.533,10.067]}},{"type":"Feature","properties":{"name":"Jijiga","rank":3,"capital":0},"geometry":{"type":"Point","coordinates":[42.79,9.35]}},{"type":"Feature","properties":{"name":"Stralsund","rank":3,"capital":0},"geometry":{"type":"Point","coordinates":[13.1,54.3]}},{"type":"Feature","properties":{"name":"Rostock","rank":3,"capital":0},"geometry":{"type":"Point","coordinates":[12.15,54.07]}},{"type":"Feature","properties":{"name":"St.-Benoit","rank":3,"capital":0},"geometry":{"type":"Point","coordinates":[55.713,-21.034]}},{"type":"Feature","properties":{"name":"Villa O'Higgins","rank":3,"capital":0},"geometry":{"type":"Point","coordinates":[-72.593,-48.467]}},{"type":"Feature","properties":{"name":"Rodeo","rank":3,"capital":0},"geometry":{"type":"Point","coordinates":[-69.14,-30.216]}},{"type":"Feature","properties":{"name":"Las Plumas","rank":3,"capital":0},"geometry":{"type":"Point","coordinates":[-67.283,-43.724]}},{"type":"Feature","properties":{"name":"Gastre","rank":3,"capital":0},"geometry":{"type":"Point","coordinates":[-69.233,-42.283]}},{"type":"Feature","properties":{"name":"Telsen","rank":3,"capital":0},"geometry":{"type":"Point","coordinates":[-66.95,-42.4]}},{"type":"Feature","properties":{"name":"Malarg\u00fce","rank":3,"capital":0},"geometry":{"type":"Point","coordinates":[-69.583,-35.466]}},{"type":"Feature","properties":{"name":"Tunuy\u00e1n","rank":3,"capital":0},"geometry":{"type":"Point","coordinates":[-69.017,-33.566]}},{"type":"Feature","properties":{"name":"La Paz","rank":3,"capital":0},"geometry":{"type":"Point","coordinates":[-67.55,-33.466]}},{"type":"Feature","properties":{"name":"Chos Malal","rank":3,"capital":0},"geometry":{"type":"Point","coordinates":[-70.267,-37.383]}},{"type":"Feature","properties":{"name":"Las Lajas","rank":3,"capital":0},"geometry":{"type":"Point","coordinates":[-70.367,-38.516]}},{"type":"Feature","properties":{"name":"Z\u00e1rate","rank":3,"capital":0},"geometry":{"type":"Point","coordinates":[-59.04,-34.09]}},{"type":"Feature","properties":{"name":"Carhu\u00e9","rank":3,"capital":0},"geometry":{"type":"Point","coordinates":[-62.733,-37.183]}},{"type":"Feature","properties":{"name":"Darregueira","rank":3,"capital":0},"geometry":{"type":"Point","coordinates":[-63.167,-37.7]}},{"type":"Feature","properties":{"name":"Benito Ju\u00e1rez","rank":3,"capital":0},"geometry":{"type":"Point","coordinates":[-59.8,-37.666]}},{"type":"Feature","properties":{"name":"Mar de Aj\u00f3","rank":3,"capital":0},"geometry":{"type":"Point","coordinates":[-56.677,-36.716]}},{"type":"Feature","properties":{"name":"Lobos","rank":3,"capital":0},"geometry":{"type":"Point","coordinates":[-59.095,-35.185]}},{"type":"Feature","properties":{"name":"Chascom\u00fas","rank":3,"capital":0},"geometry":{"type":"Point","coordinates":[-58.017,-35.566]}},{"type":"Feature","properties":{"name":"Jun\u00edn","rank":3,"capital":0},"geometry":{"type":"Point","coordinates":[-60.959,-34.585]}},{"type":"Feature","properties":{"name":"La Plata","rank":3,"capital":0},"geometry":{"type":"Point","coordinates":[-57.954,-34.923]}},{"type":"Feature","properties":{"name":"Pergamino","rank":3,"capital":0},"geometry":{"type":"Point","coordinates":[-60.57,-33.9]}},{"type":"Feature","properties":{"name":"Luj\u00e1n","rank":3,"capital":0},"geometry":{"type":"Point","coordinates":[-59.11,-34.57]}},{"type":"Feature","properties":{"name":"Azul","rank":3,"capital":0},"geometry":{"type":"Point","coordinates":[-59.87,-36.78]}},{"type":"Feature","properties":{"name":"Villalonga","rank":3,"capital":0},"geometry":{"type":"Point","coordinates":[-62.624,-39.921]}},{"type":"Feature","properties":{"name":"Victorica","rank":3,"capital":0},"geometry":{"type":"Point","coordinates":[-65.45,-36.216]}},{"type":"Feature","properties":{"name":"General Pico","rank":3,"capital":0},"geometry":{"type":"Point","coordinates":[-63.77,-35.66]}},{"type":"Feature","properties":{"name":"San Antonio Oeste","rank":3,"capital":0},"geometry":{"type":"Point","coordinates":[-64.933,-40.733]}},{"type":"Feature","properties":{"name":"Sierra Colorado","rank":3,"capital":0},"geometry":{"type":"Point","coordinates":[-67.8,-40.583]}},{"type":"Feature","properties":{"name":"Mercedes","rank":3,"capital":0},"geometry":{"type":"Point","coordinates":[-65.47,-33.69]}},{"type":"Feature","properties":{"name":"R\u00edo Tercero","rank":3,"capital":0},"geometry":{"type":"Point","coordinates":[-64.12,-32.18]}},{"type":"Feature","properties":{"name":"Belen","rank":3,"capital":0},"geometry":{"type":"Point","coordinates":[-67.033,-27.65]}},{"type":"Feature","properties":{"name":"Rinconada","rank":3,"capital":0},"geometry":{"type":"Point","coordinates":[-66.167,-22.433]}},{"type":"Feature","properties":{"name":"San Pedro","rank":3,"capital":0},"geometry":{"type":"Point","coordinates":[-64.87,-24.22]}},{"type":"Feature","properties":{"name":"Libertador General San Mart\u00edn","rank":3,"capital":0},"geometry":{"type":"Point","coordinates":[-64.79,-23.82]}},{"type":"Feature","properties":{"name":"Chilecito","rank":3,"capital":0},"geometry":{"type":"Point","coordinates":[-67.5,-29.166]}},{"type":"Feature","properties":{"name":"Chamical","rank":3,"capital":0},"geometry":{"type":"Point","coordinates":[-66.317,-30.35]}},{"type":"Feature","properties":{"name":"Los Blancos","rank":3,"capital":0},"geometry":{"type":"Point","coordinates":[-62.6,-23.6]}},{"type":"Feature","properties":{"name":"Cafayate","rank":3,"capital":0},"geometry":{"type":"Point","coordinates":[-65.967,-26.083]}},{"type":"Feature","properties":{"name":"Cerrillos","rank":3,"capital":0},"geometry":{"type":"Point","coordinates":[-65.483,-24.9]}},{"type":"Feature","properties":{"name":"San Antonio de los Cobres","rank":3,"capital":0},"geometry":{"type":"Point","coordinates":[-66.35,-24.183]}},{"type":"Feature","properties":{"name":"A\u00f1atuya","rank":3,"capital":0},"geometry":{"type":"Point","coordinates":[-62.833,-28.466]}},{"type":"Feature","properties":{"name":"Frias","rank":3,"capital":0},"geometry":{"type":"Point","coordinates":[-65.15,-28.65]}},{"type":"Feature","properties":{"name":"Monte Quemado","rank":3,"capital":0},"geometry":{"type":"Point","coordinates":[-62.867,-25.8]}},{"type":"Feature","properties":{"name":"Juan Jos\u00e9 Castelli","rank":3,"capital":0},"geometry":{"type":"Point","coordinates":[-60.617,-25.95]}},{"type":"Feature","properties":{"name":"Charata","rank":3,"capital":0},"geometry":{"type":"Point","coordinates":[-61.2,-27.216]}},{"type":"Feature","properties":{"name":"Las Lomitas","rank":3,"capital":0},"geometry":{"type":"Point","coordinates":[-60.6,-24.7]}},{"type":"Feature","properties":{"name":"Mercedes","rank":3,"capital":0},"geometry":{"type":"Point","coordinates":[-58.08,-29.18]}},{"type":"Feature","properties":{"name":"Concordia","rank":3,"capital":0},"geometry":{"type":"Point","coordinates":[-58.03,-31.39]}},{"type":"Feature","properties":{"name":"Sunchales","rank":3,"capital":0},"geometry":{"type":"Point","coordinates":[-61.567,-30.933]}},{"type":"Feature","properties":{"name":"San Justo","rank":3,"capital":0},"geometry":{"type":"Point","coordinates":[-60.583,-30.783]}},{"type":"Feature","properties":{"name":"Vera","rank":3,"capital":0},"geometry":{"type":"Point","coordinates":[-60.217,-29.466]}},{"type":"Feature","properties":{"name":"Reconquista","rank":3,"capital":0},"geometry":{"type":"Point","coordinates":[-59.65,-29.14]}},{"type":"Feature","properties":{"name":"Venado Tuerto","rank":3,"capital":0},"geometry":{"type":"Point","coordinates":[-61.97,-33.75]}},{"type":"Feature","properties":{"name":"Pine Creek","rank":3,"capital":0},"geometry":{"type":"Point","coordinates":[131.817,-13.816]}},{"type":"Feature","properties":{"name":"Adelaide River","rank":3,"capital":0},"geometry":{"type":"Point","coordinates":[131.1,-13.25]}},{"type":"Feature","properties":{"name":"McMinns Lagoon","rank":3,"capital":0},"geometry":{"type":"Point","coordinates":[131.05,-12.533]}},{"type":"Feature","properties":{"name":"Newcastle Waters","rank":3,"capital":0},"geometry":{"type":"Point","coordinates":[133.467,-17.553]}},{"type":"Feature","properties":{"name":"Ravensthorpe","rank":3,"capital":0},"geometry":{"type":"Point","coordinates":[120.033,-33.583]}},{"type":"Feature","properties":{"name":"Wagin","rank":3,"capital":0},"geometry":{"type":"Point","coordinates":[117.35,-33.3]}},{"type":"Feature","properties":{"name":"Roebourne","rank":3,"capital":0},"geometry":{"type":"Point","coordinates":[117.133,-20.783]}},{"type":"Feature","properties":{"name":"Pannawonica","rank":3,"capital":0},"geometry":{"type":"Point","coordinates":[116.325,-21.637]}},{"type":"Feature","properties":{"name":"Tom Price","rank":3,"capital":0},"geometry":{"type":"Point","coordinates":[117.793,-22.693]}},{"type":"Feature","properties":{"name":"Kalbarri","rank":3,"capital":0},"geometry":{"type":"Point","coordinates":[114.167,-27.666]}},{"type":"Feature","properties":{"name":"Mount Magnet","rank":3,"capital":0},"geometry":{"type":"Point","coordinates":[117.817,-28.066]}},{"type":"Feature","properties":{"name":"Morawa","rank":3,"capital":0},"geometry":{"type":"Point","coordinates":[116.0,-29.216]}},{"type":"Feature","properties":{"name":"Port Denison","rank":3,"capital":0},"geometry":{"type":"Point","coordinates":[114.917,-29.283]}},{"type":"Feature","properties":{"name":"Merredin","rank":3,"capital":0},"geometry":{"type":"Point","coordinates":[118.267,-31.483]}},{"type":"Feature","properties":{"name":"Mount Barker","rank":3,"capital":0},"geometry":{"type":"Point","coordinates":[117.667,-34.633]}},{"type":"Feature","properties":{"name":"Katanning","rank":3,"capital":0},"geometry":{"type":"Point","coordinates":[117.55,-33.7]}},{"type":"Feature","properties":{"name":"Narrogin","rank":3,"capital":0},"geometry":{"type":"Point","coordinates":[117.167,-32.933]}},{"type":"Feature","properties":{"name":"Gingin","rank":3,"capital":0},"geometry":{"type":"Point","coordinates":[115.9,-31.35]}},{"type":"Feature","properties":{"name":"Bunbury","rank":3,"capital":0},"geometry":{"type":"Point","coordinates":[115.65,-33.344]}},{"type":"Feature","properties":{"name":"Kwinana","rank":3,"capital":0},"geometry":{"type":"Point","coordinates":[115.77,-32.239]}},{"type":"Feature","properties":{"name":"Southern Cross","rank":3,"capital":0},"geometry":{"type":"Point","coordinates":[119.317,-31.216]}},{"type":"Feature","properties":{"name":"Kaltukatjara","rank":3,"capital":0},"geometry":{"type":"Point","coordinates":[128.997,-25.788]}},{"type":"Feature","properties":{"name":"Queanbeyan","rank":3,"capital":0},"geometry":{"type":"Point","coordinates":[149.211,-35.355]}},{"type":"Feature","properties":{"name":"Tweed Heads","rank":3,"capital":0},"geometry":{"type":"Point","coordinates":[153.547,-28.183]}},{"type":"Feature","properties":{"name":"Ivanhoe","rank":3,"capital":0},"geometry":{"type":"Point","coordinates":[144.3,-32.9]}},{"type":"Feature","properties":{"name":"Wilcannia","rank":3,"capital":0},"geometry":{"type":"Point","coordinates":[143.383,-31.566]}},{"type":"Feature","properties":{"name":"Merimbula","rank":3,"capital":0},"geometry":{"type":"Point","coordinates":[149.9,-36.9]}},{"type":"Feature","properties":{"name":"Echuca","rank":3,"capital":0},"geometry":{"type":"Point","coordinates":[144.75,-36.13]}},{"type":"Feature","properties":{"name":"Deniliquin","rank":3,"capital":0},"geometry":{"type":"Point","coordinates":[144.95,-35.53]}},{"type":"Feature","properties":{"name":"Nowra","rank":3,"capital":0},"geometry":{"type":"Point","coordinates":[150.6,-34.883]}},{"type":"Feature","properties":{"name":"Ulladulla","rank":3,"capital":0},"geometry":{"type":"Point","coordinates":[150.47,-35.35]}},{"type":"Feature","properties":{"name":"Batemans Bay","rank":3,"capital":0},"geometry":{"type":"Point","coordinates":[150.207,-35.69]}},{"type":"Feature","properties":{"name":"Cooma","rank":3,"capital":0},"geometry":{"type":"Point","coordinates":[149.12,-36.24]}},{"type":"Feature","properties":{"name":"Tumut","rank":3,"capital":0},"geometry":{"type":"Point","coordinates":[148.22,-35.31]}},{"type":"Feature","properties":{"name":"Leeton","rank":3,"capital":0},"geometry":{"type":"Point","coordinates":[146.397,-34.545]}},{"type":"Feature","properties":{"name":"Young","rank":3,"capital":0},"geometry":{"type":"Point","coordinates":[148.29,-34.31]}},{"type":"Feature","properties":{"name":"Cowra","rank":3,"capital":0},"geometry":{"type":"Point","coordinates":[148.68,-33.83]}},{"type":"Feature","properties":{"name":"Forbes","rank":3,"capital":0},"geometry":{"type":"Point","coordinates":[148.02,-33.39]}},{"type":"Feature","properties":{"name":"Goulburn","rank":3,"capital":0},"geometry":{"type":"Point","coordinates":[149.71,-34.75]}},{"type":"Feature","properties":{"name":"Kiama","rank":3,"capital":0},"geometry":{"type":"Point","coordinates":[150.84,-34.71]}},{"type":"Feature","properties":{"name":"Katoomba","rank":3,"capital":0},"geometry":{"type":"Point","coordinates":[150.32,-33.707]}},{"type":"Feature","properties":{"name":"Richmond","rank":3,"capital":0},"geometry":{"type":"Point","coordinates":[150.74,-33.6]}},{"type":"Feature","properties":{"name":"Lithgow","rank":3,"capital":0},"geometry":{"type":"Point","coordinates":[150.153,-33.496]}},{"type":"Feature","properties":{"name":"Parkes","rank":3,"capital":0},"geometry":{"type":"Point","coordinates":[148.17,-33.13]}},{"type":"Feature","properties":{"name":"Bathurst","rank":3,"capital":0},"geometry":{"type":"Point","coordinates":[149.57,-33.42]}},{"type":"Feature","properties":{"name":"Maitland","rank":3,"capital":0},"geometry":{"type":"Point","coordinates":[151.555,-32.721]}},{"type":"Feature","properties":{"name":"Singleton","rank":3,"capital":0},"geometry":{"type":"Point","coordinates":[151.16,-32.569]}},{"type":"Feature","properties":{"name":"Mudgee","rank":3,"capital":0},"geometry":{"type":"Point","coordinates":[149.58,-32.59]}},{"type":"Feature","properties":{"name":"Muswellbrook","rank":3,"capital":0},"geometry":{"type":"Point","coordinates":[150.89,-32.27]}},{"type":"Feature","properties":{"name":"Taree","rank":3,"capital":0},"geometry":{"type":"Point","coordinates":[152.462,-31.898]}},{"type":"Feature","properties":{"name":"Kempsey","rank":3,"capital":0},"geometry":{"type":"Point","coordinates":[152.822,-31.087]}},{"type":"Feature","properties":{"name":"Gunnedah","rank":3,"capital":0},"geometry":{"type":"Point","coordinates":[150.262,-30.987]}},{"type":"Feature","properties":{"name":"Coffs Harbour","rank":3,"capital":0},"geometry":{"type":"Point","coordinates":[153.112,-30.307]}},{"type":"Feature","properties":{"name":"Narrabri","rank":3,"capital":0},"geometry":{"type":"Point","coordinates":[149.787,-30.332]}},{"type":"Feature","properties":{"name":"Inverell","rank":3,"capital":0},"geometry":{"type":"Point","coordinates":[151.113,-29.767]}},{"type":"Feature","properties":{"name":"Yamba","rank":3,"capital":0},"geometry":{"type":"Point","coordinates":[153.353,-29.423]}},{"type":"Feature","properties":{"name":"Ballina","rank":3,"capital":0},"geometry":{"type":"Point","coordinates":[153.568,-28.861]}},{"type":"Feature","properties":{"name":"Wagga Wagga","rank":3,"capital":0},"geometry":{"type":"Point","coordinates":[147.34,-35.122]}},{"type":"Feature","properties":{"name":"Scone","rank":3,"capital":0},"geometry":{"type":"Point","coordinates":[150.85,-32.08]}},{"type":"Feature","properties":{"name":"Byron Bay","rank":3,"capital":0},"geometry":{"type":"Point","coordinates":[153.613,-28.657]}},{"type":"Feature","properties":{"name":"Berri","rank":3,"capital":0},"geometry":{"type":"Point","coordinates":[140.6,-34.283]}},{"type":"Feature","properties":{"name":"Peterborough","rank":3,"capital":0},"geometry":{"type":"Point","coordinates":[138.833,-32.966]}},{"type":"Feature","properties":{"name":"Wallaroo","rank":3,"capital":0},"geometry":{"type":"Point","coordinates":[137.633,-33.933]}},{"type":"Feature","properties":{"name":"Clare","rank":3,"capital":0},"geometry":{"type":"Point","coordinates":[138.6,-33.833]}},{"type":"Feature","properties":{"name":"Meningie","rank":3,"capital":0},"geometry":{"type":"Point","coordinates":[139.333,-35.7]}},{"type":"Feature","properties":{"name":"Kingston South East","rank":3,"capital":0},"geometry":{"type":"Point","coordinates":[139.85,-36.833]}},{"type":"Feature","properties":{"name":"Bordertown","rank":3,"capital":0},"geometry":{"type":"Point","coordinates":[140.767,-36.316]}},{"type":"Feature","properties":{"name":"Penola","rank":3,"capital":0},"geometry":{"type":"Point","coordinates":[140.817,-37.383]}},{"type":"Feature","properties":{"name":"Kingoonya","rank":3,"capital":0},"geometry":{"type":"Point","coordinates":[135.3,-30.9]}},{"type":"Feature","properties":{"name":"Kimba","rank":3,"capital":0},"geometry":{"type":"Point","coordinates":[136.433,-33.15]}},{"type":"Feature","properties":{"name":"Streaky Bay","rank":3,"capital":0},"geometry":{"type":"Point","coordinates":[134.215,-32.812]}},{"type":"Feature","properties":{"name":"Cowell","rank":3,"capital":0},"geometry":{"type":"Point","coordinates":[136.917,-33.683]}},{"type":"Feature","properties":{"name":"Tumby Bay","rank":3,"capital":0},"geometry":{"type":"Point","coordinates":[136.083,-34.383]}},{"type":"Feature","properties":{"name":"Andamooka","rank":3,"capital":0},"geometry":{"type":"Point","coordinates":[137.166,-30.431]}},{"type":"Feature","properties":{"name":"Woomera","rank":3,"capital":0},"geometry":{"type":"Point","coordinates":[136.8,-31.15]}},{"type":"Feature","properties":{"name":"Port Pirie","rank":3,"capital":0},"geometry":{"type":"Point","coordinates":[137.99,-33.191]}},{"type":"Feature","properties":{"name":"Gawler","rank":3,"capital":0},"geometry":{"type":"Point","coordinates":[138.726,-34.607]}},{"type":"Feature","properties":{"name":"Murray Bridge","rank":3,"capital":0},"geometry":{"type":"Point","coordinates":[139.26,-35.13]}},{"type":"Feature","properties":{"name":"Victor Harbor","rank":3,"capital":0},"geometry":{"type":"Point","coordinates":[138.617,-35.56]}},{"type":"Feature","properties":{"name":"Hamilton","rank":3,"capital":0},"geometry":{"type":"Point","coordinates":[142.023,-37.731]}},{"type":"Feature","properties":{"name":"Ouyen","rank":3,"capital":0},"geometry":{"type":"Point","coordinates":[142.317,-35.066]}},{"type":"Feature","properties":{"name":"Colac","rank":3,"capital":0},"geometry":{"type":"Point","coordinates":[143.58,-38.34]}},{"type":"Feature","properties":{"name":"Stawell","rank":3,"capital":0},"geometry":{"type":"Point","coordinates":[142.76,-37.06]}},{"type":"Feature","properties":{"name":"Horsham","rank":3,"capital":0},"geometry":{"type":"Point","coordinates":[142.19,-36.71]}},{"type":"Feature","properties":{"name":"Ararat","rank":3,"capital":0},"geometry":{"type":"Point","coordinates":[142.91,-37.28]}},{"type":"Feature","properties":{"name":"Maryborough","rank":3,"capital":0},"geometry":{"type":"Point","coordinates":[143.73,-37.05]}},{"type":"Feature","properties":{"name":"Bairnsdale","rank":3,"capital":0},"geometry":{"type":"Point","coordinates":[147.61,-37.83]}},{"type":"Feature","properties":{"name":"Sale","rank":3,"capital":0},"geometry":{"type":"Point","coordinates":[147.06,-38.11]}},{"type":"Feature","properties":{"name":"Traralgon","rank":3,"capital":0},"geometry":{"type":"Point","coordinates":[146.53,-38.2]}},{"type":"Feature","properties":{"name":"Wonthaggi","rank":3,"capital":0},"geometry":{"type":"Point","coordinates":[145.59,-38.609]}},{"type":"Feature","properties":{"name":"Cranbourne","rank":3,"capital":0},"geometry":{"type":"Point","coordinates":[145.283,-38.1]}},{"type":"Feature","properties":{"name":"Ballarat","rank":3,"capital":0},"geometry":{"type":"Point","coordinates":[143.84,-37.56]}},{"type":"Feature","properties":{"name":"Melton","rank":3,"capital":0},"geometry":{"type":"Point","coordinates":[144.57,-37.69]}},{"type":"Feature","properties":{"name":"Seymour","rank":3,"capital":0},"geometry":{"type":"Point","coordinates":[145.127,-37.034]}},{"type":"Feature","properties":{"name":"Shepparton","rank":3,"capital":0},"geometry":{"type":"Point","coordinates":[145.391,-36.375]}},{"type":"Feature","properties":{"name":"Cobram","rank":3,"capital":0},"geometry":{"type":"Point","coordinates":[145.65,-35.92]}},{"type":"Feature","properties":{"name":"Swan Hill","rank":3,"capital":0},"geometry":{"type":"Point","coordinates":[143.54,-35.34]}},{"type":"Feature","properties":{"name":"Sunbury","rank":3,"capital":0},"geometry":{"type":"Point","coordinates":[144.71,-37.57]}},{"type":"Feature","properties":{"name":"Proserpine","rank":3,"capital":0},"geometry":{"type":"Point","coordinates":[148.583,-20.416]}},{"type":"Feature","properties":{"name":"Theodore","rank":3,"capital":0},"geometry":{"type":"Point","coordinates":[150.083,-24.949]}},{"type":"Feature","properties":{"name":"Eidsvold","rank":3,"capital":0},"geometry":{"type":"Point","coordinates":[151.133,-25.366]}},{"type":"Feature","properties":{"name":"Barcaldine","rank":3,"capital":0},"geometry":{"type":"Point","coordinates":[145.283,-23.566]}},{"type":"Feature","properties":{"name":"Winton","rank":3,"capital":0},"geometry":{"type":"Point","coordinates":[143.033,-22.4]}},{"type":"Feature","properties":{"name":"Longreach","rank":3,"capital":0},"geometry":{"type":"Point","coordinates":[144.25,-23.45]}},{"type":"Feature","properties":{"name":"Caboolture","rank":3,"capital":0},"geometry":{"type":"Point","coordinates":[152.95,-27.083]}},{"type":"Feature","properties":{"name":"Warwick","rank":3,"capital":0},"geometry":{"type":"Point","coordinates":[152.02,-28.229]}},{"type":"Feature","properties":{"name":"Kingaroy","rank":3,"capital":0},"geometry":{"type":"Point","coordinates":[151.841,-26.539]}},{"type":"Feature","properties":{"name":"Dalby","rank":3,"capital":0},"geometry":{"type":"Point","coordinates":[151.266,-27.194]}},{"type":"Feature","properties":{"name":"Bongaree","rank":3,"capital":0},"geometry":{"type":"Point","coordinates":[153.151,-27.079]}},{"type":"Feature","properties":{"name":"Gympie","rank":3,"capital":0},"geometry":{"type":"Point","coordinates":[152.671,-26.189]}},{"type":"Feature","properties":{"name":"Ingham","rank":3,"capital":0},"geometry":{"type":"Point","coordinates":[146.167,-18.65]}},{"type":"Feature","properties":{"name":"Birdsville","rank":3,"capital":0},"geometry":{"type":"Point","coordinates":[139.367,-25.9]}},{"type":"Feature","properties":{"name":"Bedourie","rank":3,"capital":0},"geometry":{"type":"Point","coordinates":[139.467,-24.35]}},{"type":"Feature","properties":{"name":"Boulia","rank":3,"capital":0},"geometry":{"type":"Point","coordinates":[139.9,-22.9]}},{"type":"Feature","properties":{"name":"Richmond","rank":3,"capital":0},"geometry":{"type":"Point","coordinates":[143.133,-20.716]}},{"type":"Feature","properties":{"name":"Burketown","rank":3,"capital":0},"geometry":{"type":"Point","coordinates":[139.567,-17.716]}},{"type":"Feature","properties":{"name":"Hervey Bay","rank":3,"capital":0},"geometry":{"type":"Point","coordinates":[152.841,-25.289]}},{"type":"Feature","properties":{"name":"Biloela","rank":3,"capital":0},"geometry":{"type":"Point","coordinates":[150.496,-24.394]}},{"type":"Feature","properties":{"name":"Yeppoon","rank":3,"capital":0},"geometry":{"type":"Point","coordinates":[150.757,-23.133]}},{"type":"Feature","properties":{"name":"Emerald","rank":3,"capital":0},"geometry":{"type":"Point","coordinates":[148.167,-23.512]}},{"type":"Feature","properties":{"name":"Moranbah","rank":3,"capital":0},"geometry":{"type":"Point","coordinates":[148.038,-22.002]}},{"type":"Feature","properties":{"name":"Charters Towers","rank":3,"capital":0},"geometry":{"type":"Point","coordinates":[146.259,-20.081]}},{"type":"Feature","properties":{"name":"Ayr","rank":3,"capital":0},"geometry":{"type":"Point","coordinates":[147.399,-19.57]}},{"type":"Feature","properties":{"name":"Atherton","rank":3,"capital":0},"geometry":{"type":"Point","coordinates":[145.469,-17.27]}},{"type":"Feature","properties":{"name":"Port Douglas","rank":3,"capital":0},"geometry":{"type":"Point","coordinates":[145.459,-16.485]}},{"type":"Feature","properties":{"name":"Smithton","rank":3,"capital":0},"geometry":{"type":"Point","coordinates":[145.117,-40.833]}},{"type":"Feature","properties":{"name":"Scottsdale","rank":3,"capital":0},"geometry":{"type":"Point","coordinates":[147.517,-41.149]}},{"type":"Feature","properties":{"name":"Bicheno","rank":3,"capital":0},"geometry":{"type":"Point","coordinates":[148.289,-41.878]}},{"type":"Feature","properties":{"name":"Oatlands","rank":3,"capital":0},"geometry":{"type":"Point","coordinates":[147.367,-42.3]}},{"type":"Feature","properties":{"name":"Queenstown","rank":3,"capital":0},"geometry":{"type":"Point","coordinates":[145.55,-42.083]}},{"type":"Feature","properties":{"name":"Kingston","rank":3,"capital":0},"geometry":{"type":"Point","coordinates":[147.308,-42.991]}},{"type":"Feature","properties":{"name":"Bucheon","rank":3,"capital":0},"geometry":{"type":"Point","coordinates":[126.781,37.501]}},{"type":"Feature","properties":{"name":"Songnam","rank":3,"capital":0},"geometry":{"type":"Point","coordinates":[127.136,37.441]}},{"type":"Feature","properties":{"name":"Goyang","rank":3,"capital":0},"geometry":{"type":"Point","coordinates":[126.835,37.655]}},{"type":"Feature","properties":{"name":"C\u00e1diz","rank":3,"capital":0},"geometry":{"type":"Point","coordinates":[-6.286,36.525]}},{"type":"Feature","properties":{"name":"Granada\u200e","rank":3,"capital":0},"geometry":{"type":"Point","coordinates":[-3.585,37.165]}},{"type":"Feature","properties":{"name":"Murcia","rank":3,"capital":0},"geometry":{"type":"Point","coordinates":[-1.13,37.98]}},{"type":"Feature","properties":{"name":"Ceuta","rank":3,"capital":0},"geometry":{"type":"Point","coordinates":[-5.307,35.889]}},{"type":"Feature","properties":{"name":"La Coru\u00f1a","rank":3,"capital":0},"geometry":{"type":"Point","coordinates":[-8.42,43.33]}},{"type":"Feature","properties":{"name":"Ourense","rank":3,"capital":0},"geometry":{"type":"Point","coordinates":[-7.87,42.33]}},{"type":"Feature","properties":{"name":"Suwon","rank":3,"capital":0},"geometry":{"type":"Point","coordinates":[127.009,37.26]}},{"type":"Feature","properties":{"name":"Pamplona","rank":3,"capital":0},"geometry":{"type":"Point","coordinates":[-1.65,42.82]}},{"type":"Feature","properties":{"name":"Benoni","rank":3,"capital":0},"geometry":{"type":"Point","coordinates":[28.328,-26.148]}},{"type":"Feature","properties":{"name":"Vereeniging","rank":3,"capital":0},"geometry":{"type":"Point","coordinates":[27.958,-26.648]}},{"type":"Feature","properties":{"name":"Pohang","rank":3,"capital":0},"geometry":{"type":"Point","coordinates":[129.372,36.021]}},{"type":"Feature","properties":{"name":"Ulsan","rank":3,"capital":0},"geometry":{"type":"Point","coordinates":[129.315,35.549]}},{"type":"Feature","properties":{"name":"Daegu","rank":3,"capital":0},"geometry":{"type":"Point","coordinates":[128.605,35.869]}},{"type":"Feature","properties":{"name":"Sassari","rank":3,"capital":0},"geometry":{"type":"Point","coordinates":[8.57,40.73]}},{"type":"Feature","properties":{"name":"Turin","rank":3,"capital":0},"geometry":{"type":"Point","coordinates":[7.668,45.072]}},{"type":"Feature","properties":{"name":"Giza","rank":3,"capital":0},"geometry":{"type":"Point","coordinates":[31.19,30.01]}},{"type":"Feature","properties":{"name":"Stuttgart","rank":3,"capital":0},"geometry":{"type":"Point","coordinates":[9.2,48.78]}},{"type":"Feature","properties":{"name":"Bremen","rank":3,"capital":0},"geometry":{"type":"Point","coordinates":[8.8,53.08]}},{"type":"Feature","properties":{"name":"N\u00fcrnberg","rank":3,"capital":0},"geometry":{"type":"Point","coordinates":[11.08,49.45]}},{"type":"Feature","properties":{"name":"Rennes","rank":3,"capital":0},"geometry":{"type":"Point","coordinates":[-1.67,48.1]}},{"type":"Feature","properties":{"name":"Nice","rank":3,"capital":0},"geometry":{"type":"Point","coordinates":[7.263,43.717]}},{"type":"Feature","properties":{"name":"Toulouse","rank":3,"capital":0},"geometry":{"type":"Point","coordinates":[1.448,43.622]}},{"type":"Feature","properties":{"name":"Limoges","rank":3,"capital":0},"geometry":{"type":"Point","coordinates":[1.25,45.83]}},{"type":"Feature","properties":{"name":"Lille","rank":3,"capital":0},"geometry":{"type":"Point","coordinates":[3.078,50.652]}},{"type":"Feature","properties":{"name":"Strasbourg","rank":3,"capital":0},"geometry":{"type":"Point","coordinates":[7.75,48.58]}},{"type":"Feature","properties":{"name":"Puerto Ais\u00e9n","rank":3,"capital":0},"geometry":{"type":"Point","coordinates":[-72.7,-45.4]}},{"type":"Feature","properties":{"name":"Puerto Natales","rank":3,"capital":0},"geometry":{"type":"Point","coordinates":[-72.512,-51.718]}},{"type":"Feature","properties":{"name":"Puerto Williams","rank":3,"capital":0},"geometry":{"type":"Point","coordinates":[-67.617,-54.933]}},{"type":"Feature","properties":{"name":"Temuco","rank":3,"capital":0},"geometry":{"type":"Point","coordinates":[-72.58,-38.73]}},{"type":"Feature","properties":{"name":"Esquel","rank":3,"capital":0},"geometry":{"type":"Point","coordinates":[-71.317,-42.9]}},{"type":"Feature","properties":{"name":"Zapala","rank":3,"capital":0},"geometry":{"type":"Point","coordinates":[-70.067,-38.9]}},{"type":"Feature","properties":{"name":"Olavarr\u00eda","rank":3,"capital":0},"geometry":{"type":"Point","coordinates":[-60.33,-36.9]}},{"type":"Feature","properties":{"name":"Tandil","rank":3,"capital":0},"geometry":{"type":"Point","coordinates":[-59.15,-37.32]}},{"type":"Feature","properties":{"name":"Viedma","rank":3,"capital":0},"geometry":{"type":"Point","coordinates":[-62.998,-40.813]}},{"type":"Feature","properties":{"name":"San Luis","rank":3,"capital":0},"geometry":{"type":"Point","coordinates":[-66.35,-33.3]}},{"type":"Feature","properties":{"name":"R\u00edo Cuarto","rank":3,"capital":0},"geometry":{"type":"Point","coordinates":[-64.35,-33.13]}},{"type":"Feature","properties":{"name":"San Salvador de Jujuy","rank":3,"capital":0},"geometry":{"type":"Point","coordinates":[-65.3,-24.183]}},{"type":"Feature","properties":{"name":"San Ram\u00f3n de la Nueva Or\u00e1n","rank":3,"capital":0},"geometry":{"type":"Point","coordinates":[-64.32,-23.14]}},{"type":"Feature","properties":{"name":"Goya","rank":3,"capital":0},"geometry":{"type":"Point","coordinates":[-59.27,-29.14]}},{"type":"Feature","properties":{"name":"Tennant Creek","rank":3,"capital":0},"geometry":{"type":"Point","coordinates":[134.2,-19.65]}},{"type":"Feature","properties":{"name":"Yulara","rank":3,"capital":0},"geometry":{"type":"Point","coordinates":[130.989,-25.241]}},{"type":"Feature","properties":{"name":"Erldunda","rank":3,"capital":0},"geometry":{"type":"Point","coordinates":[133.2,-25.233]}},{"type":"Feature","properties":{"name":"Norseman","rank":3,"capital":0},"geometry":{"type":"Point","coordinates":[121.767,-32.2]}},{"type":"Feature","properties":{"name":"Halls Creek","rank":3,"capital":0},"geometry":{"type":"Point","coordinates":[127.671,-18.223]}},{"type":"Feature","properties":{"name":"Kununurra","rank":3,"capital":0},"geometry":{"type":"Point","coordinates":[128.733,-15.767]}},{"type":"Feature","properties":{"name":"Derby","rank":3,"capital":0},"geometry":{"type":"Point","coordinates":[123.642,-17.312]}},{"type":"Feature","properties":{"name":"Onslow","rank":3,"capital":0},"geometry":{"type":"Point","coordinates":[115.096,-21.658]}},{"type":"Feature","properties":{"name":"Exmouth","rank":3,"capital":0},"geometry":{"type":"Point","coordinates":[114.123,-21.931]}},{"type":"Feature","properties":{"name":"Carnarvon","rank":3,"capital":0},"geometry":{"type":"Point","coordinates":[113.65,-24.9]}},{"type":"Feature","properties":{"name":"Newman","rank":3,"capital":0},"geometry":{"type":"Point","coordinates":[119.733,-23.367]}},{"type":"Feature","properties":{"name":"Meekatharra","rank":3,"capital":0},"geometry":{"type":"Point","coordinates":[118.483,-26.6]}},{"type":"Feature","properties":{"name":"Three Springs","rank":3,"capital":0},"geometry":{"type":"Point","coordinates":[115.75,-29.533]}},{"type":"Feature","properties":{"name":"Manjimup","rank":3,"capital":0},"geometry":{"type":"Point","coordinates":[116.15,-34.233]}},{"type":"Feature","properties":{"name":"Northam","rank":3,"capital":0},"geometry":{"type":"Point","coordinates":[116.653,-31.657]}},{"type":"Feature","properties":{"name":"Esperance","rank":3,"capital":0},"geometry":{"type":"Point","coordinates":[121.889,-33.857]}},{"type":"Feature","properties":{"name":"Leonara","rank":3,"capital":0},"geometry":{"type":"Point","coordinates":[121.328,-28.882]}},{"type":"Feature","properties":{"name":"Laverton","rank":3,"capital":0},"geometry":{"type":"Point","coordinates":[122.404,-28.627]}},{"type":"Feature","properties":{"name":"Wyndham","rank":3,"capital":0},"geometry":{"type":"Point","coordinates":[128.224,-15.595]}},{"type":"Feature","properties":{"name":"Albury","rank":3,"capital":0},"geometry":{"type":"Point","coordinates":[146.92,-36.06]}},{"type":"Feature","properties":{"name":"Forster-Tuncurry","rank":3,"capital":0},"geometry":{"type":"Point","coordinates":[152.527,-32.193]}},{"type":"Feature","properties":{"name":"Port Macquarie","rank":3,"capital":0},"geometry":{"type":"Point","coordinates":[152.919,-31.445]}},{"type":"Feature","properties":{"name":"Tamworth","rank":3,"capital":0},"geometry":{"type":"Point","coordinates":[150.917,-31.103]}},{"type":"Feature","properties":{"name":"Grafton","rank":3,"capital":0},"geometry":{"type":"Point","coordinates":[152.938,-29.712]}},{"type":"Feature","properties":{"name":"Moree","rank":3,"capital":0},"geometry":{"type":"Point","coordinates":[149.83,-29.47]}},{"type":"Feature","properties":{"name":"Goondiwindi","rank":3,"capital":0},"geometry":{"type":"Point","coordinates":[150.325,-28.555]}},{"type":"Feature","properties":{"name":"Lismore","rank":3,"capital":0},"geometry":{"type":"Point","coordinates":[153.293,-28.817]}},{"type":"Feature","properties":{"name":"Wollongong","rank":3,"capital":0},"geometry":{"type":"Point","coordinates":[150.89,-34.415]}},{"type":"Feature","properties":{"name":"Ceduna","rank":3,"capital":0},"geometry":{"type":"Point","coordinates":[133.662,-32.099]}},{"type":"Feature","properties":{"name":"Mount Gambier","rank":3,"capital":0},"geometry":{"type":"Point","coordinates":[140.765,-37.831]}},{"type":"Feature","properties":{"name":"Port Augusta","rank":3,"capital":0},"geometry":{"type":"Point","coordinates":[137.77,-32.49]}},{"type":"Feature","properties":{"name":"Warrnambool","rank":3,"capital":0},"geometry":{"type":"Point","coordinates":[142.47,-38.38]}},{"type":"Feature","properties":{"name":"Mildura","rank":3,"capital":0},"geometry":{"type":"Point","coordinates":[142.151,-34.185]}},{"type":"Feature","properties":{"name":"Geelong","rank":3,"capital":0},"geometry":{"type":"Point","coordinates":[144.396,-38.167]}},{"type":"Feature","properties":{"name":"Camooweal","rank":3,"capital":0},"geometry":{"type":"Point","coordinates":[138.117,-19.917]}},{"type":"Feature","properties":{"name":"Quilpie","rank":3,"capital":0},"geometry":{"type":"Point","coordinates":[144.25,-26.617]}},{"type":"Feature","properties":{"name":"Charleville","rank":3,"capital":0},"geometry":{"type":"Point","coordinates":[146.25,-26.4]}},{"type":"Feature","properties":{"name":"Hughenden","rank":3,"capital":0},"geometry":{"type":"Point","coordinates":[144.2,-20.85]}},{"type":"Feature","properties":{"name":"Caloundra","rank":3,"capital":0},"geometry":{"type":"Point","coordinates":[153.133,-26.8]}},{"type":"Feature","properties":{"name":"Roma","rank":3,"capital":0},"geometry":{"type":"Point","coordinates":[148.791,-26.559]}},{"type":"Feature","properties":{"name":"Toowoomba","rank":3,"capital":0},"geometry":{"type":"Point","coordinates":[151.956,-27.565]}},{"type":"Feature","properties":{"name":"Georgetown","rank":3,"capital":0},"geometry":{"type":"Point","coordinates":[143.533,-18.3]}},{"type":"Feature","properties":{"name":"Thargomindah","rank":3,"capital":0},"geometry":{"type":"Point","coordinates":[143.817,-28.0]}},{"type":"Feature","properties":{"name":"Weipa","rank":3,"capital":0},"geometry":{"type":"Point","coordinates":[141.867,-12.667]}},{"type":"Feature","properties":{"name":"Karumba","rank":3,"capital":0},"geometry":{"type":"Point","coordinates":[140.833,-17.483]}},{"type":"Feature","properties":{"name":"Cloncurry","rank":3,"capital":0},"geometry":{"type":"Point","coordinates":[140.5,-20.7]}},{"type":"Feature","properties":{"name":"Maryborough","rank":3,"capital":0},"geometry":{"type":"Point","coordinates":[152.721,-25.549]}},{"type":"Feature","properties":{"name":"Bundaberg","rank":3,"capital":0},"geometry":{"type":"Point","coordinates":[152.351,-24.879]}},{"type":"Feature","properties":{"name":"Gladstone","rank":3,"capital":0},"geometry":{"type":"Point","coordinates":[151.247,-23.853]}},{"type":"Feature","properties":{"name":"Bowen","rank":3,"capital":0},"geometry":{"type":"Point","coordinates":[148.209,-20.001]}},{"type":"Feature","properties":{"name":"Innisfail","rank":3,"capital":0},"geometry":{"type":"Point","coordinates":[146.039,-17.531]}},{"type":"Feature","properties":{"name":"Mackay","rank":3,"capital":0},"geometry":{"type":"Point","coordinates":[149.15,-21.144]}},{"type":"Feature","properties":{"name":"Burnie","rank":3,"capital":0},"geometry":{"type":"Point","coordinates":[145.917,-41.067]}},{"type":"Feature","properties":{"name":"Launceston","rank":3,"capital":0},"geometry":{"type":"Point","coordinates":[147.13,-41.45]}},{"type":"Feature","properties":{"name":"Valladolid","rank":3,"capital":0},"geometry":{"type":"Point","coordinates":[-4.75,41.65]}},{"type":"Feature","properties":{"name":"Melilla","rank":3,"capital":0},"geometry":{"type":"Point","coordinates":[-2.95,35.3]}},{"type":"Feature","properties":{"name":"Palma","rank":3,"capital":0},"geometry":{"type":"Point","coordinates":[2.654,39.574]}},{"type":"Feature","properties":{"name":"De Aar","rank":3,"capital":0},"geometry":{"type":"Point","coordinates":[24.0,-30.65]}},{"type":"Feature","properties":{"name":"Alexander Bay","rank":3,"capital":0},"geometry":{"type":"Point","coordinates":[16.503,-28.608]}},{"type":"Feature","properties":{"name":"Kimberley","rank":3,"capital":0},"geometry":{"type":"Point","coordinates":[24.77,-28.747]}},{"type":"Feature","properties":{"name":"Oudtshoorn","rank":3,"capital":0},"geometry":{"type":"Point","coordinates":[22.19,-33.58]}},{"type":"Feature","properties":{"name":"Vanhynsdorp","rank":3,"capital":0},"geometry":{"type":"Point","coordinates":[18.733,-31.617]}},{"type":"Feature","properties":{"name":"Saldanha","rank":3,"capital":0},"geometry":{"type":"Point","coordinates":[17.93,-33.01]}},{"type":"Feature","properties":{"name":"Mossel Bay","rank":3,"capital":0},"geometry":{"type":"Point","coordinates":[22.13,-34.17]}},{"type":"Feature","properties":{"name":"Vryburg","rank":3,"capital":0},"geometry":{"type":"Point","coordinates":[24.73,-26.96]}},{"type":"Feature","properties":{"name":"Rustenburg","rank":3,"capital":0},"geometry":{"type":"Point","coordinates":[27.24,-25.65]}},{"type":"Feature","properties":{"name":"Mmabatho","rank":3,"capital":0},"geometry":{"type":"Point","coordinates":[25.61,-25.83]}},{"type":"Feature","properties":{"name":"Klerksdorp","rank":3,"capital":0},"geometry":{"type":"Point","coordinates":[26.62,-26.88]}},{"type":"Feature","properties":{"name":"Kroonstad","rank":3,"capital":0},"geometry":{"type":"Point","coordinates":[27.21,-27.66]}},{"type":"Feature","properties":{"name":"Polokwane","rank":3,"capital":0},"geometry":{"type":"Point","coordinates":[29.45,-23.89]}},{"type":"Feature","properties":{"name":"Thohoyandou","rank":3,"capital":0},"geometry":{"type":"Point","coordinates":[30.48,-22.95]}},{"type":"Feature","properties":{"name":"Musina","rank":3,"capital":0},"geometry":{"type":"Point","coordinates":[30.03,-22.34]}},{"type":"Feature","properties":{"name":"Vryheid","rank":3,"capital":0},"geometry":{"type":"Point","coordinates":[30.79,-27.76]}},{"type":"Feature","properties":{"name":"Pietermaritzburg","rank":3,"capital":0},"geometry":{"type":"Point","coordinates":[30.39,-29.61]}},{"type":"Feature","properties":{"name":"Umtata","rank":3,"capital":0},"geometry":{"type":"Point","coordinates":[28.79,-31.58]}},{"type":"Feature","properties":{"name":"Graaff Reinet","rank":3,"capital":0},"geometry":{"type":"Point","coordinates":[24.54,-32.3]}},{"type":"Feature","properties":{"name":"Bhisho","rank":3,"capital":0},"geometry":{"type":"Point","coordinates":[27.39,-32.87]}},{"type":"Feature","properties":{"name":"Zaragoza","rank":3,"capital":0},"geometry":{"type":"Point","coordinates":[-0.89,41.65]}},{"type":"Feature","properties":{"name":"Genoa","rank":3,"capital":0},"geometry":{"type":"Point","coordinates":[8.93,44.41]}},{"type":"Feature","properties":{"name":"Lisala","rank":3,"capital":0},"geometry":{"type":"Point","coordinates":[21.51,2.14]}},{"type":"Feature","properties":{"name":"Gemena","rank":3,"capital":0},"geometry":{"type":"Point","coordinates":[19.77,3.26]}},{"type":"Feature","properties":{"name":"Siwa","rank":3,"capital":0},"geometry":{"type":"Point","coordinates":[25.517,29.2]}},{"type":"Feature","properties":{"name":"El Minya","rank":3,"capital":0},"geometry":{"type":"Point","coordinates":[30.75,28.09]}},{"type":"Feature","properties":{"name":"Kom Ombo","rank":3,"capital":0},"geometry":{"type":"Point","coordinates":[32.95,24.47]}},{"type":"Feature","properties":{"name":"El Kharga","rank":3,"capital":0},"geometry":{"type":"Point","coordinates":[30.55,25.44]}},{"type":"Feature","properties":{"name":"Hurghada","rank":3,"capital":0},"geometry":{"type":"Point","coordinates":[33.83,27.23]}},{"type":"Feature","properties":{"name":"Buta","rank":3,"capital":0},"geometry":{"type":"Point","coordinates":[24.74,2.82]}},{"type":"Feature","properties":{"name":"Watsa","rank":3,"capital":0},"geometry":{"type":"Point","coordinates":[29.53,3.04]}},{"type":"Feature","properties":{"name":"Isiro","rank":3,"capital":0},"geometry":{"type":"Point","coordinates":[27.62,2.76]}},{"type":"Feature","properties":{"name":"Bondo","rank":3,"capital":0},"geometry":{"type":"Point","coordinates":[23.67,3.81]}},{"type":"Feature","properties":{"name":"Cologne","rank":3,"capital":0},"geometry":{"type":"Point","coordinates":[6.948,50.932]}},{"type":"Feature","properties":{"name":"Inongo","rank":3,"capital":0},"geometry":{"type":"Point","coordinates":[18.28,-1.94]}},{"type":"Feature","properties":{"name":"Tshikapa","rank":3,"capital":0},"geometry":{"type":"Point","coordinates":[20.77,-6.41]}},{"type":"Feature","properties":{"name":"Boma","rank":3,"capital":0},"geometry":{"type":"Point","coordinates":[13.05,-5.83]}},{"type":"Feature","properties":{"name":"Bukavu","rank":3,"capital":0},"geometry":{"type":"Point","coordinates":[28.84,-2.51]}},{"type":"Feature","properties":{"name":"Uvira","rank":3,"capital":0},"geometry":{"type":"Point","coordinates":[29.14,-3.37]}},{"type":"Feature","properties":{"name":"Kindu","rank":3,"capital":0},"geometry":{"type":"Point","coordinates":[25.91,-2.964]}},{"type":"Feature","properties":{"name":"Mwene-Ditu","rank":3,"capital":0},"geometry":{"type":"Point","coordinates":[23.44,-7.0]}},{"type":"Feature","properties":{"name":"Likasi","rank":3,"capital":0},"geometry":{"type":"Point","coordinates":[26.78,-10.97]}},{"type":"Feature","properties":{"name":"Manono","rank":3,"capital":0},"geometry":{"type":"Point","coordinates":[27.45,-7.3]}},{"type":"Feature","properties":{"name":"Kamina","rank":3,"capital":0},"geometry":{"type":"Point","coordinates":[25.01,-8.73]}},{"type":"Feature","properties":{"name":"La Rochelle","rank":3,"capital":0},"geometry":{"type":"Point","coordinates":[-1.15,46.167]}},{"type":"Feature","properties":{"name":"Tocopilla","rank":3,"capital":0},"geometry":{"type":"Point","coordinates":[-70.19,-22.09]}},{"type":"Feature","properties":{"name":"Calama","rank":3,"capital":0},"geometry":{"type":"Point","coordinates":[-68.92,-22.45]}},{"type":"Feature","properties":{"name":"Mejillones","rank":3,"capital":0},"geometry":{"type":"Point","coordinates":[-70.45,-23.1]}},{"type":"Feature","properties":{"name":"Taltal","rank":3,"capital":0},"geometry":{"type":"Point","coordinates":[-70.47,-25.4]}},{"type":"Feature","properties":{"name":"Vallenar","rank":3,"capital":0},"geometry":{"type":"Point","coordinates":[-70.76,-28.57]}},{"type":"Feature","properties":{"name":"Cha\u00f1aral","rank":3,"capital":0},"geometry":{"type":"Point","coordinates":[-70.621,-26.348]}},{"type":"Feature","properties":{"name":"Ovalle","rank":3,"capital":0},"geometry":{"type":"Point","coordinates":[-71.199,-30.609]}},{"type":"Feature","properties":{"name":"Chill\u00e1n","rank":3,"capital":0},"geometry":{"type":"Point","coordinates":[-72.111,-36.607]}},{"type":"Feature","properties":{"name":"Rancagua","rank":3,"capital":0},"geometry":{"type":"Point","coordinates":[-70.74,-34.17]}},{"type":"Feature","properties":{"name":"Osorno","rank":3,"capital":0},"geometry":{"type":"Point","coordinates":[-73.131,-40.579]}},{"type":"Feature","properties":{"name":"Ancud","rank":3,"capital":0},"geometry":{"type":"Point","coordinates":[-73.83,-41.87]}},{"type":"Feature","properties":{"name":"Talca","rank":3,"capital":0},"geometry":{"type":"Point","coordinates":[-71.666,-35.43]}},{"type":"Feature","properties":{"name":"Curic\u00f3","rank":3,"capital":0},"geometry":{"type":"Point","coordinates":[-71.24,-34.98]}},{"type":"Feature","properties":{"name":"Debre Markos","rank":3,"capital":0},"geometry":{"type":"Point","coordinates":[37.72,10.34]}},{"type":"Feature","properties":{"name":"Dese","rank":3,"capital":0},"geometry":{"type":"Point","coordinates":[39.63,11.13]}},{"type":"Feature","properties":{"name":"Sodo","rank":3,"capital":0},"geometry":{"type":"Point","coordinates":[37.75,6.9]}},{"type":"Feature","properties":{"name":"Arba Minch","rank":3,"capital":0},"geometry":{"type":"Point","coordinates":[37.55,6.04]}},{"type":"Feature","properties":{"name":"Harar","rank":3,"capital":0},"geometry":{"type":"Point","coordinates":[42.15,9.32]}},{"type":"Feature","properties":{"name":"Goba","rank":3,"capital":0},"geometry":{"type":"Point","coordinates":[39.97,7.01]}},{"type":"Feature","properties":{"name":"Jima","rank":3,"capital":0},"geometry":{"type":"Point","coordinates":[36.83,7.68]}},{"type":"Feature","properties":{"name":"Nazret","rank":3,"capital":0},"geometry":{"type":"Point","coordinates":[39.27,8.55]}},{"type":"Feature","properties":{"name":"Negele Boran","rank":3,"capital":0},"geometry":{"type":"Point","coordinates":[39.583,5.317]}},{"type":"Feature","properties":{"name":"Gode","rank":3,"capital":0},"geometry":{"type":"Point","coordinates":[43.45,5.95]}},{"type":"Feature","properties":{"name":"Dolo Bay","rank":3,"capital":0},"geometry":{"type":"Point","coordinates":[42.083,4.183]}},{"type":"Feature","properties":{"name":"Puerto San Juli\u00e1n","rank":3,"capital":0},"geometry":{"type":"Point","coordinates":[-67.717,-49.3]}},{"type":"Feature","properties":{"name":"Perito Moreno","rank":3,"capital":0},"geometry":{"type":"Point","coordinates":[-70.933,-46.6]}},{"type":"Feature","properties":{"name":"Rio Grande","rank":3,"capital":0},"geometry":{"type":"Point","coordinates":[-67.699,-53.791]}},{"type":"Feature","properties":{"name":"Ushuaia","rank":3,"capital":0},"geometry":{"type":"Point","coordinates":[-68.31,-54.79]}},{"type":"Feature","properties":{"name":"Sarmiento","rank":3,"capital":0},"geometry":{"type":"Point","coordinates":[-69.083,-45.6]}},{"type":"Feature","properties":{"name":"San Rafael","rank":3,"capital":0},"geometry":{"type":"Point","coordinates":[-68.333,-34.6]}},{"type":"Feature","properties":{"name":"Necochea","rank":3,"capital":0},"geometry":{"type":"Point","coordinates":[-58.75,-38.56]}},{"type":"Feature","properties":{"name":"R\u00edo Colorado","rank":3,"capital":0},"geometry":{"type":"Point","coordinates":[-64.083,-38.967]}},{"type":"Feature","properties":{"name":"Catamarca","rank":3,"capital":0},"geometry":{"type":"Point","coordinates":[-65.78,-28.47]}},{"type":"Feature","properties":{"name":"La Rioja","rank":3,"capital":0},"geometry":{"type":"Point","coordinates":[-66.85,-29.41]}},{"type":"Feature","properties":{"name":"Santiago del Estero","rank":3,"capital":0},"geometry":{"type":"Point","coordinates":[-64.267,-27.783]}},{"type":"Feature","properties":{"name":"Resistencia","rank":3,"capital":0},"geometry":{"type":"Point","coordinates":[-58.99,-27.46]}},{"type":"Feature","properties":{"name":"Gualeguaych\u00fa","rank":3,"capital":0},"geometry":{"type":"Point","coordinates":[-58.52,-33.02]}},{"type":"Feature","properties":{"name":"Incheon","rank":3,"capital":0},"geometry":{"type":"Point","coordinates":[126.64,37.478]}},{"type":"Feature","properties":{"name":"C\u00f3rdoba","rank":3,"capital":0},"geometry":{"type":"Point","coordinates":[-4.77,37.88]}},{"type":"Feature","properties":{"name":"Vigo","rank":3,"capital":0},"geometry":{"type":"Point","coordinates":[-8.73,42.22]}},{"type":"Feature","properties":{"name":"Bilbao","rank":3,"capital":0},"geometry":{"type":"Point","coordinates":[-2.93,43.25]}},{"type":"Feature","properties":{"name":"Springbok","rank":3,"capital":0},"geometry":{"type":"Point","coordinates":[17.883,-29.667]}},{"type":"Feature","properties":{"name":"Upington","rank":3,"capital":0},"geometry":{"type":"Point","coordinates":[21.23,-28.46]}},{"type":"Feature","properties":{"name":"Worcester","rank":3,"capital":0},"geometry":{"type":"Point","coordinates":[19.44,-33.64]}},{"type":"Feature","properties":{"name":"George","rank":3,"capital":0},"geometry":{"type":"Point","coordinates":[22.45,-33.95]}},{"type":"Feature","properties":{"name":"Welkom","rank":3,"capital":0},"geometry":{"type":"Point","coordinates":[26.73,-27.97]}},{"type":"Feature","properties":{"name":"East London","rank":3,"capital":0},"geometry":{"type":"Point","coordinates":[27.87,-32.97]}},{"type":"Feature","properties":{"name":"Middelburg","rank":3,"capital":0},"geometry":{"type":"Point","coordinates":[25.01,-31.5]}},{"type":"Feature","properties":{"name":"Daejeon","rank":3,"capital":0},"geometry":{"type":"Point","coordinates":[127.423,36.337]}},{"type":"Feature","properties":{"name":"Gwangju","rank":3,"capital":0},"geometry":{"type":"Point","coordinates":[126.908,35.173]}},{"type":"Feature","properties":{"name":"Busan","rank":3,"capital":0},"geometry":{"type":"Point","coordinates":[129.008,35.097]}},{"type":"Feature","properties":{"name":"Florence","rank":3,"capital":0},"geometry":{"type":"Point","coordinates":[11.25,43.78]}},{"type":"Feature","properties":{"name":"Catania","rank":3,"capital":0},"geometry":{"type":"Point","coordinates":[15.08,37.5]}},{"type":"Feature","properties":{"name":"Mbandaka","rank":3,"capital":0},"geometry":{"type":"Point","coordinates":[18.26,0.04]}},{"type":"Feature","properties":{"name":"Suez","rank":3,"capital":0},"geometry":{"type":"Point","coordinates":[32.55,30.005]}},{"type":"Feature","properties":{"name":"Bur Said","rank":3,"capital":0},"geometry":{"type":"Point","coordinates":[32.29,31.26]}},{"type":"Feature","properties":{"name":"El Faiyum","rank":3,"capital":0},"geometry":{"type":"Point","coordinates":[30.84,29.31]}},{"type":"Feature","properties":{"name":"Aswan","rank":3,"capital":0},"geometry":{"type":"Point","coordinates":[32.899,24.088]}},{"type":"Feature","properties":{"name":"Asyut","rank":3,"capital":0},"geometry":{"type":"Point","coordinates":[31.18,27.19]}},{"type":"Feature","properties":{"name":"Kisangani","rank":3,"capital":0},"geometry":{"type":"Point","coordinates":[25.22,0.52]}},{"type":"Feature","properties":{"name":"Dresden","rank":3,"capital":0},"geometry":{"type":"Point","coordinates":[13.75,51.05]}},{"type":"Feature","properties":{"name":"Bandundu","rank":3,"capital":0},"geometry":{"type":"Point","coordinates":[17.38,-3.31]}},{"type":"Feature","properties":{"name":"Kananga","rank":3,"capital":0},"geometry":{"type":"Point","coordinates":[22.398,-5.888]}},{"type":"Feature","properties":{"name":"Kasongo","rank":3,"capital":0},"geometry":{"type":"Point","coordinates":[26.66,-4.45]}},{"type":"Feature","properties":{"name":"Mbuji-Mayi","rank":3,"capital":0},"geometry":{"type":"Point","coordinates":[23.598,-6.148]}},{"type":"Feature","properties":{"name":"Kalemie","rank":3,"capital":0},"geometry":{"type":"Point","coordinates":[29.2,-5.933]}},{"type":"Feature","properties":{"name":"Butembo","rank":3,"capital":0},"geometry":{"type":"Point","coordinates":[29.28,0.13]}},{"type":"Feature","properties":{"name":"Goma","rank":3,"capital":0},"geometry":{"type":"Point","coordinates":[29.222,-1.679]}},{"type":"Feature","properties":{"name":"Bordeaux","rank":3,"capital":0},"geometry":{"type":"Point","coordinates":[-0.597,44.852]}},{"type":"Feature","properties":{"name":"Marseille","rank":3,"capital":0},"geometry":{"type":"Point","coordinates":[5.373,43.292]}},{"type":"Feature","properties":{"name":"Le Havre","rank":3,"capital":0},"geometry":{"type":"Point","coordinates":[0.105,49.505]}},{"type":"Feature","properties":{"name":"Coihaique","rank":3,"capital":0},"geometry":{"type":"Point","coordinates":[-72.07,-45.57]}},{"type":"Feature","properties":{"name":"Arica","rank":3,"capital":0},"geometry":{"type":"Point","coordinates":[-70.29,-18.5]}},{"type":"Feature","properties":{"name":"Copiap\u00f3","rank":3,"capital":0},"geometry":{"type":"Point","coordinates":[-70.33,-27.372]}},{"type":"Feature","properties":{"name":"La Serena","rank":3,"capital":0},"geometry":{"type":"Point","coordinates":[-71.25,-29.9]}},{"type":"Feature","properties":{"name":"Los Angeles","rank":3,"capital":0},"geometry":{"type":"Point","coordinates":[-72.347,-37.48]}},{"type":"Feature","properties":{"name":"Bahir Dar","rank":3,"capital":0},"geometry":{"type":"Point","coordinates":[37.383,11.6]}},{"type":"Feature","properties":{"name":"Mekele","rank":3,"capital":0},"geometry":{"type":"Point","coordinates":[39.47,13.5]}},{"type":"Feature","properties":{"name":"Dire Dawa","rank":3,"capital":0},"geometry":{"type":"Point","coordinates":[41.86,9.59]}},{"type":"Feature","properties":{"name":"St.-Denis","rank":3,"capital":0},"geometry":{"type":"Point","coordinates":[55.448,-20.879]}},{"type":"Feature","properties":{"name":"Venice","rank":3,"capital":0},"geometry":{"type":"Point","coordinates":[12.335,45.439]}},{"type":"Feature","properties":{"name":"El Calafate","rank":3,"capital":0},"geometry":{"type":"Point","coordinates":[-72.3,-50.333]}},{"type":"Feature","properties":{"name":"San Juan","rank":3,"capital":0},"geometry":{"type":"Point","coordinates":[-68.52,-31.55]}},{"type":"Feature","properties":{"name":"Rawson","rank":3,"capital":0},"geometry":{"type":"Point","coordinates":[-65.1,-43.3]}},{"type":"Feature","properties":{"name":"Neuqu\u00e9n","rank":3,"capital":0},"geometry":{"type":"Point","coordinates":[-68.06,-38.95]}},{"type":"Feature","properties":{"name":"Santa Rosa","rank":3,"capital":0},"geometry":{"type":"Point","coordinates":[-64.3,-36.62]}},{"type":"Feature","properties":{"name":"Bariloche","rank":3,"capital":0},"geometry":{"type":"Point","coordinates":[-71.3,-41.15]}},{"type":"Feature","properties":{"name":"Salta","rank":3,"capital":0},"geometry":{"type":"Point","coordinates":[-65.417,-24.783]}},{"type":"Feature","properties":{"name":"Tucum\u00e1n","rank":3,"capital":0},"geometry":{"type":"Point","coordinates":[-65.219,-26.814]}},{"type":"Feature","properties":{"name":"Formosa","rank":3,"capital":0},"geometry":{"type":"Point","coordinates":[-58.183,-26.173]}},{"type":"Feature","properties":{"name":"Santa Fe","rank":3,"capital":0},"geometry":{"type":"Point","coordinates":[-60.69,-31.624]}},{"type":"Feature","properties":{"name":"Rosario","rank":3,"capital":0},"geometry":{"type":"Point","coordinates":[-60.668,-32.949]}},{"type":"Feature","properties":{"name":"Katherine","rank":3,"capital":0},"geometry":{"type":"Point","coordinates":[132.267,-14.467]}},{"type":"Feature","properties":{"name":"Busselton","rank":3,"capital":0},"geometry":{"type":"Point","coordinates":[115.349,-33.656]}},{"type":"Feature","properties":{"name":"Mandurah","rank":3,"capital":0},"geometry":{"type":"Point","coordinates":[115.747,-32.523]}},{"type":"Feature","properties":{"name":"Broome","rank":3,"capital":0},"geometry":{"type":"Point","coordinates":[122.231,-17.962]}},{"type":"Feature","properties":{"name":"Kalgoorlie","rank":3,"capital":0},"geometry":{"type":"Point","coordinates":[121.46,-30.735]}},{"type":"Feature","properties":{"name":"Albany","rank":3,"capital":0},"geometry":{"type":"Point","coordinates":[117.892,-35.017]}},{"type":"Feature","properties":{"name":"Port Hedland","rank":3,"capital":0},"geometry":{"type":"Point","coordinates":[118.606,-20.31]}},{"type":"Feature","properties":{"name":"Karratha","rank":3,"capital":0},"geometry":{"type":"Point","coordinates":[116.87,-20.73]}},{"type":"Feature","properties":{"name":"Geraldton","rank":3,"capital":0},"geometry":{"type":"Point","coordinates":[114.6,-28.767]}},{"type":"Feature","properties":{"name":"Griffith","rank":3,"capital":0},"geometry":{"type":"Point","coordinates":[146.04,-34.29]}},{"type":"Feature","properties":{"name":"Orange","rank":3,"capital":0},"geometry":{"type":"Point","coordinates":[149.1,-33.28]}},{"type":"Feature","properties":{"name":"Dubbo","rank":3,"capital":0},"geometry":{"type":"Point","coordinates":[148.597,-32.26]}},{"type":"Feature","properties":{"name":"Armidale","rank":3,"capital":0},"geometry":{"type":"Point","coordinates":[151.667,-30.512]}},{"type":"Feature","properties":{"name":"Broken Hill","rank":3,"capital":0},"geometry":{"type":"Point","coordinates":[141.433,-31.95]}},{"type":"Feature","properties":{"name":"Port Lincoln","rank":3,"capital":0},"geometry":{"type":"Point","coordinates":[135.867,-34.733]}},{"type":"Feature","properties":{"name":"Whyalla","rank":3,"capital":0},"geometry":{"type":"Point","coordinates":[137.561,-33.025]}},{"type":"Feature","properties":{"name":"Portland","rank":3,"capital":0},"geometry":{"type":"Point","coordinates":[141.59,-38.34]}},{"type":"Feature","properties":{"name":"Bendigo","rank":3,"capital":0},"geometry":{"type":"Point","coordinates":[144.28,-36.76]}},{"type":"Feature","properties":{"name":"Wangaratta","rank":3,"capital":0},"geometry":{"type":"Point","coordinates":[146.3,-36.36]}},{"type":"Feature","properties":{"name":"Windorah","rank":3,"capital":0},"geometry":{"type":"Point","coordinates":[142.65,-25.433]}},{"type":"Feature","properties":{"name":"Mount Isa","rank":3,"capital":0},"geometry":{"type":"Point","coordinates":[139.49,-20.724]}},{"type":"Feature","properties":{"name":"Rockhampton","rank":3,"capital":0},"geometry":{"type":"Point","coordinates":[150.52,-23.364]}},{"type":"Feature","properties":{"name":"Cairns","rank":3,"capital":0},"geometry":{"type":"Point","coordinates":[145.763,-16.888]}},{"type":"Feature","properties":{"name":"Gold Coast","rank":3,"capital":0},"geometry":{"type":"Point","coordinates":[153.448,-28.082]}},{"type":"Feature","properties":{"name":"Devonport","rank":3,"capital":0},"geometry":{"type":"Point","coordinates":[146.331,-41.193]}},{"type":"Feature","properties":{"name":"Seville","rank":3,"capital":0},"geometry":{"type":"Point","coordinates":[-5.98,37.405]}},{"type":"Feature","properties":{"name":"Bloemfontein","rank":3,"capital":1},"geometry":{"type":"Point","coordinates":[26.23,-29.12]}},{"type":"Feature","properties":{"name":"Pretoria","rank":3,"capital":1},"geometry":{"type":"Point","coordinates":[28.227,-25.705]}},{"type":"Feature","properties":{"name":"Port Elizabeth","rank":3,"capital":0},"geometry":{"type":"Point","coordinates":[25.598,-33.968]}},{"type":"Feature","properties":{"name":"Valencia","rank":3,"capital":0},"geometry":{"type":"Point","coordinates":[-0.402,39.487]}},{"type":"Feature","properties":{"name":"Palermo","rank":3,"capital":0},"geometry":{"type":"Point","coordinates":[13.348,38.127]}},{"type":"Feature","properties":{"name":"Lyon","rank":3,"capital":0},"geometry":{"type":"Point","coordinates":[4.828,45.772]}},{"type":"Feature","properties":{"name":"Bumba","rank":3,"capital":0},"geometry":{"type":"Point","coordinates":[22.46,2.19]}},{"type":"Feature","properties":{"name":"Luxor","rank":3,"capital":0},"geometry":{"type":"Point","coordinates":[32.65,25.7]}},{"type":"Feature","properties":{"name":"Kikwit","rank":3,"capital":0},"geometry":{"type":"Point","coordinates":[18.85,-5.03]}},{"type":"Feature","properties":{"name":"Matadi","rank":3,"capital":0},"geometry":{"type":"Point","coordinates":[13.45,-5.817]}},{"type":"Feature","properties":{"name":"Kolwezi","rank":3,"capital":0},"geometry":{"type":"Point","coordinates":[25.472,-10.717]}},{"type":"Feature","properties":{"name":"Lubumbashi","rank":3,"capital":0},"geometry":{"type":"Point","coordinates":[27.478,-11.678]}},{"type":"Feature","properties":{"name":"Punta Arenas","rank":3,"capital":0},"geometry":{"type":"Point","coordinates":[-70.94,-53.165]}},{"type":"Feature","properties":{"name":"Iquique","rank":3,"capital":0},"geometry":{"type":"Point","coordinates":[-70.13,-20.25]}},{"type":"Feature","properties":{"name":"Antofagasta","rank":3,"capital":0},"geometry":{"type":"Point","coordinates":[-70.4,-23.65]}},{"type":"Feature","properties":{"name":"Valpara\u00edso","rank":3,"capital":0},"geometry":{"type":"Point","coordinates":[-71.617,-33.048]}},{"type":"Feature","properties":{"name":"Valdivia","rank":3,"capital":0},"geometry":{"type":"Point","coordinates":[-73.233,-39.822]}},{"type":"Feature","properties":{"name":"Concepci\u00f3n","rank":3,"capital":0},"geometry":{"type":"Point","coordinates":[-73.05,-36.83]}},{"type":"Feature","properties":{"name":"Puerto Montt","rank":3,"capital":0},"geometry":{"type":"Point","coordinates":[-72.93,-41.47]}},{"type":"Feature","properties":{"name":"Gondar","rank":3,"capital":0},"geometry":{"type":"Point","coordinates":[37.46,12.61]}},{"type":"Feature","properties":{"name":"Puerto Deseado","rank":3,"capital":0},"geometry":{"type":"Point","coordinates":[-65.9,-47.75]}},{"type":"Feature","properties":{"name":"R\u00edo Gallegos","rank":3,"capital":0},"geometry":{"type":"Point","coordinates":[-69.217,-51.633]}},{"type":"Feature","properties":{"name":"Comodoro Rivadavia","rank":3,"capital":0},"geometry":{"type":"Point","coordinates":[-67.5,-45.87]}},{"type":"Feature","properties":{"name":"Mendoza","rank":3,"capital":0},"geometry":{"type":"Point","coordinates":[-68.819,-32.881]}},{"type":"Feature","properties":{"name":"Bah\u00eda Blanca","rank":3,"capital":0},"geometry":{"type":"Point","coordinates":[-62.265,-38.74]}},{"type":"Feature","properties":{"name":"Mar del Plata","rank":3,"capital":0},"geometry":{"type":"Point","coordinates":[-57.58,-38.0]}},{"type":"Feature","properties":{"name":"C\u00f3rdoba","rank":3,"capital":0},"geometry":{"type":"Point","coordinates":[-64.184,-31.398]}},{"type":"Feature","properties":{"name":"Posadas","rank":3,"capital":0},"geometry":{"type":"Point","coordinates":[-55.885,-27.358]}},{"type":"Feature","properties":{"name":"Darwin","rank":3,"capital":0},"geometry":{"type":"Point","coordinates":[130.85,-12.425]}},{"type":"Feature","properties":{"name":"Alice Springs","rank":3,"capital":0},"geometry":{"type":"Point","coordinates":[133.88,-23.701]}},{"type":"Feature","properties":{"name":"Canberra","rank":3,"capital":1},"geometry":{"type":"Point","coordinates":[149.129,-35.283]}},{"type":"Feature","properties":{"name":"Newcastle","rank":3,"capital":0},"geometry":{"type":"Point","coordinates":[151.77,-32.93]}},{"type":"Feature","properties":{"name":"Adelaide","rank":3,"capital":0},"geometry":{"type":"Point","coordinates":[138.598,-34.933]}},{"type":"Feature","properties":{"name":"Townsville","rank":3,"capital":0},"geometry":{"type":"Point","coordinates":[146.77,-19.25]}},{"type":"Feature","properties":{"name":"Brisbane","rank":3,"capital":0},"geometry":{"type":"Point","coordinates":[153.033,-27.453]}},{"type":"Feature","properties":{"name":"Hobart","rank":3,"capital":0},"geometry":{"type":"Point","coordinates":[147.295,-42.85]}},{"type":"Feature","properties":{"name":"Barcelona","rank":3,"capital":0},"geometry":{"type":"Point","coordinates":[2.181,41.385]}},{"type":"Feature","properties":{"name":"Durban","rank":3,"capital":0},"geometry":{"type":"Point","coordinates":[31.011,-29.861]}},{"type":"Feature","properties":{"name":"Naples","rank":3,"capital":0},"geometry":{"type":"Point","coordinates":[14.243,40.842]}},{"type":"Feature","properties":{"name":"Milan","rank":3,"capital":0},"geometry":{"type":"Point","coordinates":[9.203,45.472]}},{"type":"Feature","properties":{"name":"Alexandria","rank":3,"capital":0},"geometry":{"type":"Point","coordinates":[29.948,31.202]}},{"type":"Feature","properties":{"name":"Frankfurt","rank":3,"capital":0},"geometry":{"type":"Point","coordinates":[8.675,50.1]}},{"type":"Feature","properties":{"name":"Hamburg","rank":3,"capital":0},"geometry":{"type":"Point","coordinates":[9.998,53.552]}},{"type":"Feature","properties":{"name":"Munich","rank":3,"capital":0},"geometry":{"type":"Point","coordinates":[11.573,48.132]}},{"type":"Feature","properties":{"name":"Perth","rank":3,"capital":0},"geometry":{"type":"Point","coordinates":[115.838,-31.953]}},{"type":"Feature","properties":{"name":"Madrid","rank":3,"capital":1},"geometry":{"type":"Point","coordinates":[-3.685,40.402]}},{"type":"Feature","properties":{"name":"Johannesburg","rank":3,"capital":0},"geometry":{"type":"Point","coordinates":[28.028,-26.168]}},{"type":"Feature","properties":{"name":"Seoul","rank":3,"capital":1},"geometry":{"type":"Point","coordinates":[126.998,37.568]}},{"type":"Feature","properties":{"name":"Berlin","rank":3,"capital":1},"geometry":{"type":"Point","coordinates":[13.4,52.524]}},{"type":"Feature","properties":{"name":"Kinshasa","rank":3,"capital":1},"geometry":{"type":"Point","coordinates":[15.313,-4.328]}},{"type":"Feature","properties":{"name":"Addis Ababa","rank":3,"capital":1},"geometry":{"type":"Point","coordinates":[38.698,9.035]}},{"type":"Feature","properties":{"name":"Buenos Aires","rank":3,"capital":1},"geometry":{"type":"Point","coordinates":[-58.433,-34.611]}},{"type":"Feature","properties":{"name":"Melbourne","rank":3,"capital":0},"geometry":{"type":"Point","coordinates":[144.973,-37.818]}},{"type":"Feature","properties":{"name":"Cape Town","rank":3,"capital":1},"geometry":{"type":"Point","coordinates":[18.433,-33.918]}},{"type":"Feature","properties":{"name":"Rome","rank":3,"capital":1},"geometry":{"type":"Point","coordinates":[12.481,41.898]}},{"type":"Feature","properties":{"name":"Cairo","rank":3,"capital":1},"geometry":{"type":"Point","coordinates":[31.248,30.052]}},{"type":"Feature","properties":{"name":"Paris","rank":3,"capital":1},"geometry":{"type":"Point","coordinates":[2.353,48.858]}},{"type":"Feature","properties":{"name":"Santiago","rank":3,"capital":1},"geometry":{"type":"Point","coordinates":[-70.651,-33.44]}},{"type":"Feature","properties":{"name":"Sydney","rank":3,"capital":0},"geometry":{"type":"Point","coordinates":[151.213,-33.871]}},{"type":"Feature","properties":{"name":"Pointe-\u00e0-Pitre","rank":4,"capital":0},"geometry":{"type":"Point","coordinates":[-61.533,16.241]}},{"type":"Feature","properties":{"name":"Basse-terre","rank":4,"capital":0},"geometry":{"type":"Point","coordinates":[-61.705,16.01]}},{"type":"Feature","properties":{"name":"T\u00e2y Ninh","rank":5,"capital":0},"geometry":{"type":"Point","coordinates":[106.147,11.323]}},{"type":"Feature","properties":{"name":"Luan Chau","rank":5,"capital":0},"geometry":{"type":"Point","coordinates":[103.343,21.74]}},{"type":"Feature","properties":{"name":"B\u1eafc K\u1ea1n","rank":5,"capital":0},"geometry":{"type":"Point","coordinates":[105.833,22.133]}},{"type":"Feature","properties":{"name":"L\u1ea1ng S\u01a1n","rank":5,"capital":0},"geometry":{"type":"Point","coordinates":[106.757,21.846]}},{"type":"Feature","properties":{"name":"S\u01a1n La","rank":5,"capital":0},"geometry":{"type":"Point","coordinates":[103.91,21.328]}},{"type":"Feature","properties":{"name":"Tuy\u00ean Quang","rank":5,"capital":0},"geometry":{"type":"Point","coordinates":[105.211,21.818]}},{"type":"Feature","properties":{"name":"Y\u00ean B\u00e1i","rank":5,"capital":0},"geometry":{"type":"Point","coordinates":[104.875,21.705]}},{"type":"Feature","properties":{"name":"Hai Duong","rank":5,"capital":0},"geometry":{"type":"Point","coordinates":[106.331,20.942]}},{"type":"Feature","properties":{"name":"Th\u00e1i B\u00ecnh","rank":5,"capital":0},"geometry":{"type":"Point","coordinates":[106.333,20.45]}},{"type":"Feature","properties":{"name":"Tuy H\u00f2a","rank":5,"capital":0},"geometry":{"type":"Point","coordinates":[109.316,13.082]}},{"type":"Feature","properties":{"name":"Thu Dau Mot","rank":5,"capital":0},"geometry":{"type":"Point","coordinates":[106.653,10.969]}},{"type":"Feature","properties":{"name":"\u0110\u00f4ng H\u00e0","rank":5,"capital":0},"geometry":{"type":"Point","coordinates":[107.133,16.85]}},{"type":"Feature","properties":{"name":"Cao L\u00e3nh","rank":5,"capital":0},"geometry":{"type":"Point","coordinates":[105.636,10.467]}},{"type":"Feature","properties":{"name":"Truc Giang","rank":5,"capital":0},"geometry":{"type":"Point","coordinates":[106.375,10.235]}},{"type":"Feature","properties":{"name":"Tra Vinh","rank":5,"capital":0},"geometry":{"type":"Point","coordinates":[106.334,9.934]}},{"type":"Feature","properties":{"name":"V\u0129nh Long","rank":5,"capital":0},"geometry":{"type":"Point","coordinates":[105.964,10.256]}},{"type":"Feature","properties":{"name":"Cao B\u1eb1ng","rank":5,"capital":0},"geometry":{"type":"Point","coordinates":[106.268,22.664]}},{"type":"Feature","properties":{"name":"K\u0131rklareli","rank":5,"capital":0},"geometry":{"type":"Point","coordinates":[27.226,41.743]}},{"type":"Feature","properties":{"name":"Bilecik","rank":5,"capital":0},"geometry":{"type":"Point","coordinates":[29.983,40.15]}},{"type":"Feature","properties":{"name":"Sakarya","rank":5,"capital":0},"geometry":{"type":"Point","coordinates":[30.4,40.767]}},{"type":"Feature","properties":{"name":"Kastamonu","rank":5,"capital":0},"geometry":{"type":"Point","coordinates":[33.783,41.389]}},{"type":"Feature","properties":{"name":"Burdur","rank":5,"capital":0},"geometry":{"type":"Point","coordinates":[30.283,37.717]}},{"type":"Feature","properties":{"name":"K\u0131r\u015fehir","rank":5,"capital":0},"geometry":{"type":"Point","coordinates":[34.171,39.142]}},{"type":"Feature","properties":{"name":"Nev\u015fehir","rank":5,"capital":0},"geometry":{"type":"Point","coordinates":[34.724,38.624]}},{"type":"Feature","properties":{"name":"Antakya","rank":5,"capital":0},"geometry":{"type":"Point","coordinates":[36.117,36.233]}},{"type":"Feature","properties":{"name":"Giresun","rank":5,"capital":0},"geometry":{"type":"Point","coordinates":[38.39,40.913]}},{"type":"Feature","properties":{"name":"Sinop","rank":5,"capital":0},"geometry":{"type":"Point","coordinates":[35.153,42.023]}},{"type":"Feature","properties":{"name":"Tokat","rank":5,"capital":0},"geometry":{"type":"Point","coordinates":[36.563,40.306]}},{"type":"Feature","properties":{"name":"Artvin","rank":5,"capital":0},"geometry":{"type":"Point","coordinates":[41.818,41.183]}},{"type":"Feature","properties":{"name":"Bing\u00f6l","rank":5,"capital":0},"geometry":{"type":"Point","coordinates":[40.498,38.885]}},{"type":"Feature","properties":{"name":"Bitlis","rank":5,"capital":0},"geometry":{"type":"Point","coordinates":[42.123,38.394]}},{"type":"Feature","properties":{"name":"Kalangala","rank":5,"capital":0},"geometry":{"type":"Point","coordinates":[32.225,-0.309]}},{"type":"Feature","properties":{"name":"\u00c7ank\u0131r\u0131","rank":5,"capital":0},"geometry":{"type":"Point","coordinates":[33.621,40.607]}},{"type":"Feature","properties":{"name":"Ni\u011fde","rank":5,"capital":0},"geometry":{"type":"Point","coordinates":[34.694,37.976]}},{"type":"Feature","properties":{"name":"Yozgat","rank":5,"capital":0},"geometry":{"type":"Point","coordinates":[34.815,39.818]}},{"type":"Feature","properties":{"name":"G\u00fcm\u00fc\u015fhane","rank":5,"capital":0},"geometry":{"type":"Point","coordinates":[39.484,40.464]}},{"type":"Feature","properties":{"name":"Siirt","rank":5,"capital":0},"geometry":{"type":"Point","coordinates":[41.933,37.944]}},{"type":"Feature","properties":{"name":"Tunceli","rank":5,"capital":0},"geometry":{"type":"Point","coordinates":[39.533,39.117]}},{"type":"Feature","properties":{"name":"Kumi","rank":5,"capital":0},"geometry":{"type":"Point","coordinates":[33.936,1.461]}},{"type":"Feature","properties":{"name":"Kaberamaido","rank":5,"capital":0},"geometry":{"type":"Point","coordinates":[33.159,1.739]}},{"type":"Feature","properties":{"name":"Kayunga","rank":5,"capital":0},"geometry":{"type":"Point","coordinates":[32.889,0.703]}},{"type":"Feature","properties":{"name":"Iganga","rank":5,"capital":0},"geometry":{"type":"Point","coordinates":[33.469,0.609]}},{"type":"Feature","properties":{"name":"Kamuli","rank":5,"capital":0},"geometry":{"type":"Point","coordinates":[33.12,0.947]}},{"type":"Feature","properties":{"name":"Pallisa","rank":5,"capital":0},"geometry":{"type":"Point","coordinates":[33.709,1.145]}},{"type":"Feature","properties":{"name":"Mpigi","rank":5,"capital":0},"geometry":{"type":"Point","coordinates":[32.314,0.225]}},{"type":"Feature","properties":{"name":"Adjumani","rank":5,"capital":0},"geometry":{"type":"Point","coordinates":[31.81,3.361]}},{"type":"Feature","properties":{"name":"Nebbi","rank":5,"capital":0},"geometry":{"type":"Point","coordinates":[31.102,2.476]}},{"type":"Feature","properties":{"name":"Kiboga","rank":5,"capital":0},"geometry":{"type":"Point","coordinates":[31.774,0.916]}},{"type":"Feature","properties":{"name":"Nakasongola","rank":5,"capital":0},"geometry":{"type":"Point","coordinates":[32.456,1.309]}},{"type":"Feature","properties":{"name":"Bombo","rank":5,"capital":0},"geometry":{"type":"Point","coordinates":[32.533,0.583]}},{"type":"Feature","properties":{"name":"Masindi","rank":5,"capital":0},"geometry":{"type":"Point","coordinates":[31.715,1.674]}},{"type":"Feature","properties":{"name":"Fort Portal","rank":5,"capital":0},"geometry":{"type":"Point","coordinates":[30.275,0.671]}},{"type":"Feature","properties":{"name":"Kibale","rank":5,"capital":0},"geometry":{"type":"Point","coordinates":[31.067,0.8]}},{"type":"Feature","properties":{"name":"Sironko","rank":5,"capital":0},"geometry":{"type":"Point","coordinates":[34.3,1.25]}},{"type":"Feature","properties":{"name":"Busia","rank":5,"capital":0},"geometry":{"type":"Point","coordinates":[34.076,0.454]}},{"type":"Feature","properties":{"name":"Katakwi","rank":5,"capital":0},"geometry":{"type":"Point","coordinates":[33.966,1.891]}},{"type":"Feature","properties":{"name":"Ntungamo","rank":5,"capital":0},"geometry":{"type":"Point","coordinates":[30.264,-0.879]}},{"type":"Feature","properties":{"name":"Kisoro","rank":5,"capital":0},"geometry":{"type":"Point","coordinates":[29.698,-1.354]}},{"type":"Feature","properties":{"name":"Mae Hong Son","rank":5,"capital":0},"geometry":{"type":"Point","coordinates":[97.969,19.301]}},{"type":"Feature","properties":{"name":"Phangnga","rank":5,"capital":0},"geometry":{"type":"Point","coordinates":[98.534,8.451]}},{"type":"Feature","properties":{"name":"Ranong","rank":5,"capital":0},"geometry":{"type":"Point","coordinates":[98.638,9.962]}},{"type":"Feature","properties":{"name":"Krabi","rank":5,"capital":0},"geometry":{"type":"Point","coordinates":[98.912,8.052]}},{"type":"Feature","properties":{"name":"Phatthalung","rank":5,"capital":0},"geometry":{"type":"Point","coordinates":[100.081,7.615]}},{"type":"Feature","properties":{"name":"Satun","rank":5,"capital":0},"geometry":{"type":"Point","coordinates":[100.067,6.617]}},{"type":"Feature","properties":{"name":"Lamphun","rank":5,"capital":0},"geometry":{"type":"Point","coordinates":[99.007,18.574]}},{"type":"Feature","properties":{"name":"Kamphaeng Phet","rank":5,"capital":0},"geometry":{"type":"Point","coordinates":[99.529,16.473]}},{"type":"Feature","properties":{"name":"Phichit","rank":5,"capital":0},"geometry":{"type":"Point","coordinates":[100.349,16.439]}},{"type":"Feature","properties":{"name":"Phetchabun","rank":5,"capital":0},"geometry":{"type":"Point","coordinates":[101.159,16.419]}},{"type":"Feature","properties":{"name":"Supham Buri","rank":5,"capital":0},"geometry":{"type":"Point","coordinates":[100.129,14.471]}},{"type":"Feature","properties":{"name":"Ang Thong","rank":5,"capital":0},"geometry":{"type":"Point","coordinates":[100.45,14.583]}},{"type":"Feature","properties":{"name":"Chainat","rank":5,"capital":0},"geometry":{"type":"Point","coordinates":[100.126,15.179]}},{"type":"Feature","properties":{"name":"Nakhon Nayok","rank":5,"capital":0},"geometry":{"type":"Point","coordinates":[101.216,14.2]}},{"type":"Feature","properties":{"name":"Sing Buri","rank":5,"capital":0},"geometry":{"type":"Point","coordinates":[100.401,14.887]}},{"type":"Feature","properties":{"name":"Nakhon Pathom","rank":5,"capital":0},"geometry":{"type":"Point","coordinates":[100.064,13.818]}},{"type":"Feature","properties":{"name":"Prachuap Khiri Khan","rank":5,"capital":0},"geometry":{"type":"Point","coordinates":[99.8,11.803]}},{"type":"Feature","properties":{"name":"Samut Sakhon","rank":5,"capital":0},"geometry":{"type":"Point","coordinates":[100.274,13.536]}},{"type":"Feature","properties":{"name":"Samut Songkhram","rank":5,"capital":0},"geometry":{"type":"Point","coordinates":[100.001,13.413]}},{"type":"Feature","properties":{"name":"Yasothon","rank":5,"capital":0},"geometry":{"type":"Point","coordinates":[104.151,15.788]}},{"type":"Feature","properties":{"name":"Chachoengsao","rank":5,"capital":0},"geometry":{"type":"Point","coordinates":[101.076,13.679]}},{"type":"Feature","properties":{"name":"Trat","rank":5,"capital":0},"geometry":{"type":"Point","coordinates":[102.509,12.237]}},{"type":"Feature","properties":{"name":"Kalasin","rank":5,"capital":0},"geometry":{"type":"Point","coordinates":[103.509,16.428]}},{"type":"Feature","properties":{"name":"Maha Sarakham","rank":5,"capital":0},"geometry":{"type":"Point","coordinates":[103.298,16.184]}},{"type":"Feature","properties":{"name":"Roi Et","rank":5,"capital":0},"geometry":{"type":"Point","coordinates":[103.655,16.051]}},{"type":"Feature","properties":{"name":"Pattani","rank":5,"capital":0},"geometry":{"type":"Point","coordinates":[101.25,6.864]}},{"type":"Feature","properties":{"name":"An Nabk","rank":5,"capital":0},"geometry":{"type":"Point","coordinates":[37.333,31.333]}},{"type":"Feature","properties":{"name":"Wete","rank":5,"capital":0},"geometry":{"type":"Point","coordinates":[39.726,-5.063]}},{"type":"Feature","properties":{"name":"Kibaha","rank":5,"capital":0},"geometry":{"type":"Point","coordinates":[38.917,-6.767]}},{"type":"Feature","properties":{"name":"Mkokotoni","rank":5,"capital":0},"geometry":{"type":"Point","coordinates":[39.26,-5.879]}},{"type":"Feature","properties":{"name":"Nyeri","rank":5,"capital":0},"geometry":{"type":"Point","coordinates":[36.951,-0.417]}},{"type":"Feature","properties":{"name":"Qala i Naw","rank":5,"capital":0},"geometry":{"type":"Point","coordinates":[63.133,34.983]}},{"type":"Feature","properties":{"name":"Chaghcharan","rank":5,"capital":0},"geometry":{"type":"Point","coordinates":[65.25,34.517]}},{"type":"Feature","properties":{"name":"Lashkar Gah","rank":5,"capital":0},"geometry":{"type":"Point","coordinates":[64.36,31.583]}},{"type":"Feature","properties":{"name":"Zaranj","rank":5,"capital":0},"geometry":{"type":"Point","coordinates":[61.887,31.112]}},{"type":"Feature","properties":{"name":"Tarin Kowt","rank":5,"capital":0},"geometry":{"type":"Point","coordinates":[65.867,32.633]}},{"type":"Feature","properties":{"name":"Zareh Sharan","rank":5,"capital":0},"geometry":{"type":"Point","coordinates":[68.417,32.85]}},{"type":"Feature","properties":{"name":"Asadabad","rank":5,"capital":0},"geometry":{"type":"Point","coordinates":[71.15,34.866]}},{"type":"Feature","properties":{"name":"Taloqan","rank":5,"capital":0},"geometry":{"type":"Point","coordinates":[69.54,36.73]}},{"type":"Feature","properties":{"name":"Mahmud-E Eraqi","rank":5,"capital":0},"geometry":{"type":"Point","coordinates":[69.333,35.017]}},{"type":"Feature","properties":{"name":"Mehtar Lam","rank":5,"capital":0},"geometry":{"type":"Point","coordinates":[70.167,34.65]}},{"type":"Feature","properties":{"name":"Baraki Barak","rank":5,"capital":0},"geometry":{"type":"Point","coordinates":[68.967,33.967]}},{"type":"Feature","properties":{"name":"Aybak","rank":5,"capital":0},"geometry":{"type":"Point","coordinates":[68.04,36.261]}},{"type":"Feature","properties":{"name":"Mayda Shahr","rank":5,"capital":0},"geometry":{"type":"Point","coordinates":[68.8,34.45]}},{"type":"Feature","properties":{"name":"Jijel","rank":5,"capital":0},"geometry":{"type":"Point","coordinates":[5.766,36.822]}},{"type":"Feature","properties":{"name":"Tizi-Ouzou","rank":5,"capital":0},"geometry":{"type":"Point","coordinates":[4.046,36.712]}},{"type":"Feature","properties":{"name":"Bordj Bou Arr\u00e9ridj","rank":5,"capital":0},"geometry":{"type":"Point","coordinates":[4.765,36.078]}},{"type":"Feature","properties":{"name":"M'sila","rank":5,"capital":0},"geometry":{"type":"Point","coordinates":[4.545,35.7]}},{"type":"Feature","properties":{"name":"Guelma","rank":5,"capital":0},"geometry":{"type":"Point","coordinates":[7.428,36.466]}},{"type":"Feature","properties":{"name":"Oum el Bouaghi","rank":5,"capital":0},"geometry":{"type":"Point","coordinates":[7.15,35.85]}},{"type":"Feature","properties":{"name":"Loikaw","rank":5,"capital":0},"geometry":{"type":"Point","coordinates":[97.206,19.665]}},{"type":"Feature","properties":{"name":"Pa-an","rank":5,"capital":0},"geometry":{"type":"Point","coordinates":[97.617,16.85]}},{"type":"Feature","properties":{"name":"Hakha","rank":5,"capital":0},"geometry":{"type":"Point","coordinates":[93.617,22.65]}},{"type":"Feature","properties":{"name":"Taunggyi","rank":5,"capital":0},"geometry":{"type":"Point","coordinates":[97.038,20.782]}},{"type":"Feature","properties":{"name":"Sagaing","rank":5,"capital":0},"geometry":{"type":"Point","coordinates":[95.962,21.88]}},{"type":"Feature","properties":{"name":"Sakakah","rank":5,"capital":0},"geometry":{"type":"Point","coordinates":[40.133,30.0]}},{"type":"Feature","properties":{"name":"Bentiu","rank":5,"capital":0},"geometry":{"type":"Point","coordinates":[29.833,9.233]}},{"type":"Feature","properties":{"name":"Yopal","rank":5,"capital":0},"geometry":{"type":"Point","coordinates":[-72.406,5.347]}},{"type":"Feature","properties":{"name":"Duhok","rank":5,"capital":0},"geometry":{"type":"Point","coordinates":[43.0,36.867]}},{"type":"Feature","properties":{"name":"Samarra","rank":5,"capital":0},"geometry":{"type":"Point","coordinates":[43.875,34.194]}},{"type":"Feature","properties":{"name":"Yasuj","rank":5,"capital":0},"geometry":{"type":"Point","coordinates":[51.594,30.659]}},{"type":"Feature","properties":{"name":"Shahrekord","rank":5,"capital":0},"geometry":{"type":"Point","coordinates":[50.854,32.321]}},{"type":"Feature","properties":{"name":"Mykolayiv","rank":5,"capital":0},"geometry":{"type":"Point","coordinates":[31.984,46.968]}},{"type":"Feature","properties":{"name":"Chernihiv","rank":5,"capital":0},"geometry":{"type":"Point","coordinates":[31.302,51.505]}},{"type":"Feature","properties":{"name":"Khmelnytskyy","rank":5,"capital":0},"geometry":{"type":"Point","coordinates":[27.002,49.425]}},{"type":"Feature","properties":{"name":"Kamyanets-Podilskyy","rank":5,"capital":0},"geometry":{"type":"Point","coordinates":[26.581,48.684]}},{"type":"Feature","properties":{"name":"Drohobych","rank":5,"capital":0},"geometry":{"type":"Point","coordinates":[23.499,49.344]}},{"type":"Feature","properties":{"name":"Uzhgorod","rank":5,"capital":0},"geometry":{"type":"Point","coordinates":[22.25,48.63]}},{"type":"Feature","properties":{"name":"Uman","rank":5,"capital":0},"geometry":{"type":"Point","coordinates":[30.211,48.754]}},{"type":"Feature","properties":{"name":"Brovary","rank":5,"capital":0},"geometry":{"type":"Point","coordinates":[30.781,50.494]}},{"type":"Feature","properties":{"name":"Bila Tserkva","rank":5,"capital":0},"geometry":{"type":"Point","coordinates":[30.131,49.774]}},{"type":"Feature","properties":{"name":"Illichivsk","rank":5,"capital":0},"geometry":{"type":"Point","coordinates":[30.667,46.3]}},{"type":"Feature","properties":{"name":"Konotop","rank":5,"capital":0},"geometry":{"type":"Point","coordinates":[33.209,51.242]}},{"type":"Feature","properties":{"name":"Kryvyy Rih","rank":5,"capital":0},"geometry":{"type":"Point","coordinates":[33.345,47.928]}},{"type":"Feature","properties":{"name":"Makiyivka","rank":5,"capital":0},"geometry":{"type":"Point","coordinates":[37.975,48.03]}},{"type":"Feature","properties":{"name":"Horlivka","rank":5,"capital":0},"geometry":{"type":"Point","coordinates":[38.055,48.3]}},{"type":"Feature","properties":{"name":"Kramatorsk","rank":5,"capital":0},"geometry":{"type":"Point","coordinates":[37.534,48.719]}},{"type":"Feature","properties":{"name":"Berdyansk","rank":5,"capital":0},"geometry":{"type":"Point","coordinates":[36.787,46.757]}},{"type":"Feature","properties":{"name":"Greenock","rank":5,"capital":0},"geometry":{"type":"Point","coordinates":[-4.75,55.933]}},{"type":"Feature","properties":{"name":"Sunderland","rank":5,"capital":0},"geometry":{"type":"Point","coordinates":[-1.38,54.903]}},{"type":"Feature","properties":{"name":"Southampton","rank":5,"capital":0},"geometry":{"type":"Point","coordinates":[-1.4,50.9]}},{"type":"Feature","properties":{"name":"Bristol","rank":5,"capital":0},"geometry":{"type":"Point","coordinates":[-2.583,51.45]}},{"type":"Feature","properties":{"name":"Bournemouth","rank":5,"capital":0},"geometry":{"type":"Point","coordinates":[-1.9,50.73]}},{"type":"Feature","properties":{"name":"Omagh","rank":5,"capital":0},"geometry":{"type":"Point","coordinates":[-7.3,54.6]}},{"type":"Feature","properties":{"name":"Chester","rank":5,"capital":0},"geometry":{"type":"Point","coordinates":[-2.903,53.186]}},{"type":"Feature","properties":{"name":"Swansea","rank":5,"capital":0},"geometry":{"type":"Point","coordinates":[-3.95,51.63]}},{"type":"Feature","properties":{"name":"Carlisle","rank":5,"capital":0},"geometry":{"type":"Point","coordinates":[-2.93,54.88]}},{"type":"Feature","properties":{"name":"Ayd\u0131n","rank":5,"capital":0},"geometry":{"type":"Point","coordinates":[27.85,37.85]}},{"type":"Feature","properties":{"name":"L\u00fcleburgaz","rank":5,"capital":0},"geometry":{"type":"Point","coordinates":[27.355,41.407]}},{"type":"Feature","properties":{"name":"Isparta","rank":5,"capital":0},"geometry":{"type":"Point","coordinates":[30.53,37.77]}},{"type":"Feature","properties":{"name":"K\u00fctahya","rank":5,"capital":0},"geometry":{"type":"Point","coordinates":[29.93,39.42]}},{"type":"Feature","properties":{"name":"Mu\u011fla","rank":5,"capital":0},"geometry":{"type":"Point","coordinates":[28.364,37.216]}},{"type":"Feature","properties":{"name":"El\u00e2z\u0131\u011f","rank":5,"capital":0},"geometry":{"type":"Point","coordinates":[39.23,38.68]}},{"type":"Feature","properties":{"name":"Kahramanmara\u015f","rank":5,"capital":0},"geometry":{"type":"Point","coordinates":[36.945,37.61]}},{"type":"Feature","properties":{"name":"Icel","rank":5,"capital":0},"geometry":{"type":"Point","coordinates":[34.62,36.8]}},{"type":"Feature","properties":{"name":"Corum","rank":5,"capital":0},"geometry":{"type":"Point","coordinates":[34.95,40.52]}},{"type":"Feature","properties":{"name":"Rize","rank":5,"capital":0},"geometry":{"type":"Point","coordinates":[40.522,41.021]}},{"type":"Feature","properties":{"name":"Tatvan","rank":5,"capital":0},"geometry":{"type":"Point","coordinates":[42.282,38.507]}},{"type":"Feature","properties":{"name":"Southend-on-Sea","rank":5,"capital":0},"geometry":{"type":"Point","coordinates":[0.72,51.55]}},{"type":"Feature","properties":{"name":"Reading","rank":5,"capital":0},"geometry":{"type":"Point","coordinates":[-0.98,51.47]}},{"type":"Feature","properties":{"name":"Leicester","rank":5,"capital":0},"geometry":{"type":"Point","coordinates":[-1.133,52.63]}},{"type":"Feature","properties":{"name":"Bradford","rank":5,"capital":0},"geometry":{"type":"Point","coordinates":[-1.754,53.792]}},{"type":"Feature","properties":{"name":"Sheffield","rank":5,"capital":0},"geometry":{"type":"Point","coordinates":[-1.5,53.367]}},{"type":"Feature","properties":{"name":"Polatl\u0131","rank":5,"capital":0},"geometry":{"type":"Point","coordinates":[32.147,39.584]}},{"type":"Feature","properties":{"name":"Karab\u00fck","rank":5,"capital":0},"geometry":{"type":"Point","coordinates":[32.6,41.2]}},{"type":"Feature","properties":{"name":"Nusaybin","rank":5,"capital":0},"geometry":{"type":"Point","coordinates":[41.218,37.075]}},{"type":"Feature","properties":{"name":"Hakk\u00e2ri","rank":5,"capital":0},"geometry":{"type":"Point","coordinates":[43.741,37.574]}},{"type":"Feature","properties":{"name":"Ferre\u00f1afe","rank":5,"capital":0},"geometry":{"type":"Point","coordinates":[-79.8,-6.63]}},{"type":"Feature","properties":{"name":"Motupe","rank":5,"capital":0},"geometry":{"type":"Point","coordinates":[-79.71,-6.15]}},{"type":"Feature","properties":{"name":"Mollendo","rank":5,"capital":0},"geometry":{"type":"Point","coordinates":[-72.02,-17.02]}},{"type":"Feature","properties":{"name":"Urubamba","rank":5,"capital":0},"geometry":{"type":"Point","coordinates":[-72.117,-13.304]}},{"type":"Feature","properties":{"name":"Santo Tomas","rank":5,"capital":0},"geometry":{"type":"Point","coordinates":[-72.08,-14.46]}},{"type":"Feature","properties":{"name":"Putina","rank":5,"capital":0},"geometry":{"type":"Point","coordinates":[-69.43,-15.47]}},{"type":"Feature","properties":{"name":"Casma","rank":5,"capital":0},"geometry":{"type":"Point","coordinates":[-78.21,-9.44]}},{"type":"Feature","properties":{"name":"Tournavista","rank":5,"capital":0},"geometry":{"type":"Point","coordinates":[-74.705,-8.932]}},{"type":"Feature","properties":{"name":"Huamachuco","rank":5,"capital":0},"geometry":{"type":"Point","coordinates":[-78.05,-7.81]}},{"type":"Feature","properties":{"name":"Otuzco","rank":5,"capital":0},"geometry":{"type":"Point","coordinates":[-78.57,-7.9]}},{"type":"Feature","properties":{"name":"Lamas","rank":5,"capital":0},"geometry":{"type":"Point","coordinates":[-76.52,-6.43]}},{"type":"Feature","properties":{"name":"Nauta","rank":5,"capital":0},"geometry":{"type":"Point","coordinates":[-73.78,-4.57]}},{"type":"Feature","properties":{"name":"Puquio","rank":5,"capital":0},"geometry":{"type":"Point","coordinates":[-74.13,-14.7]}},{"type":"Feature","properties":{"name":"Chosica","rank":5,"capital":0},"geometry":{"type":"Point","coordinates":[-76.71,-11.93]}},{"type":"Feature","properties":{"name":"Satipo","rank":5,"capital":0},"geometry":{"type":"Point","coordinates":[-74.69,-11.26]}},{"type":"Feature","properties":{"name":"Tarma","rank":5,"capital":0},"geometry":{"type":"Point","coordinates":[-75.73,-11.41]}},{"type":"Feature","properties":{"name":"La Oroya","rank":5,"capital":0},"geometry":{"type":"Point","coordinates":[-75.94,-11.52]}},{"type":"Feature","properties":{"name":"Huaura","rank":5,"capital":0},"geometry":{"type":"Point","coordinates":[-77.6,-11.06]}},{"type":"Feature","properties":{"name":"Huacho","rank":5,"capital":0},"geometry":{"type":"Point","coordinates":[-77.62,-11.11]}},{"type":"Feature","properties":{"name":"Yanbu al Bahr","rank":5,"capital":0},"geometry":{"type":"Point","coordinates":[38.049,24.094]}},{"type":"Feature","properties":{"name":"Dawmat al Jandal","rank":5,"capital":0},"geometry":{"type":"Point","coordinates":[39.866,29.815]}},{"type":"Feature","properties":{"name":"Qal at Bishah","rank":5,"capital":0},"geometry":{"type":"Point","coordinates":[42.599,20.009]}},{"type":"Feature","properties":{"name":"At Taif","rank":5,"capital":0},"geometry":{"type":"Point","coordinates":[40.382,21.262]}},{"type":"Feature","properties":{"name":"Najran","rank":5,"capital":0},"geometry":{"type":"Point","coordinates":[44.132,17.507]}},{"type":"Feature","properties":{"name":"Al Quwayiyah","rank":5,"capital":0},"geometry":{"type":"Point","coordinates":[45.281,24.074]}},{"type":"Feature","properties":{"name":"Al Hillah","rank":5,"capital":0},"geometry":{"type":"Point","coordinates":[46.756,23.489]}},{"type":"Feature","properties":{"name":"Al Mubarraz","rank":5,"capital":0},"geometry":{"type":"Point","coordinates":[49.566,25.429]}},{"type":"Feature","properties":{"name":"Al-Qatif","rank":5,"capital":0},"geometry":{"type":"Point","coordinates":[50.012,26.52]}},{"type":"Feature","properties":{"name":"Az Zahran","rank":5,"capital":0},"geometry":{"type":"Point","coordinates":[50.158,26.291]}},{"type":"Feature","properties":{"name":"Olsztyn","rank":5,"capital":0},"geometry":{"type":"Point","coordinates":[20.486,53.773]}},{"type":"Feature","properties":{"name":"Elbl\u0105g","rank":5,"capital":0},"geometry":{"type":"Point","coordinates":[19.403,54.154]}},{"type":"Feature","properties":{"name":"Inowroc\u0142aw","rank":5,"capital":0},"geometry":{"type":"Point","coordinates":[18.25,52.78]}},{"type":"Feature","properties":{"name":"Bytom","rank":5,"capital":0},"geometry":{"type":"Point","coordinates":[18.91,50.35]}},{"type":"Feature","properties":{"name":"Opole","rank":5,"capital":0},"geometry":{"type":"Point","coordinates":[17.931,50.685]}},{"type":"Feature","properties":{"name":"Sons\u00f3n","rank":5,"capital":0},"geometry":{"type":"Point","coordinates":[-75.317,5.717]}},{"type":"Feature","properties":{"name":"Sogamoso","rank":5,"capital":0},"geometry":{"type":"Point","coordinates":[-72.94,5.72]}},{"type":"Feature","properties":{"name":"Barrancabermeja","rank":5,"capital":0},"geometry":{"type":"Point","coordinates":[-73.85,7.09]}},{"type":"Feature","properties":{"name":"Girardot","rank":5,"capital":0},"geometry":{"type":"Point","coordinates":[-74.81,4.31]}},{"type":"Feature","properties":{"name":"Campoalegre","rank":5,"capital":0},"geometry":{"type":"Point","coordinates":[-75.33,2.69]}},{"type":"Feature","properties":{"name":"T\u00faquerres","rank":5,"capital":0},"geometry":{"type":"Point","coordinates":[-77.62,1.09]}},{"type":"Feature","properties":{"name":"Mocoa","rank":5,"capital":0},"geometry":{"type":"Point","coordinates":[-76.63,1.15]}},{"type":"Feature","properties":{"name":"Cartago","rank":5,"capital":0},"geometry":{"type":"Point","coordinates":[-75.91,4.75]}},{"type":"Feature","properties":{"name":"Soledad","rank":5,"capital":0},"geometry":{"type":"Point","coordinates":[-74.77,10.92]}},{"type":"Feature","properties":{"name":"Sabanalarga","rank":5,"capital":0},"geometry":{"type":"Point","coordinates":[-74.92,10.64]}},{"type":"Feature","properties":{"name":"Arjona","rank":5,"capital":0},"geometry":{"type":"Point","coordinates":[-75.35,10.26]}},{"type":"Feature","properties":{"name":"Magangu\u00e9","rank":5,"capital":0},"geometry":{"type":"Point","coordinates":[-74.74,9.23]}},{"type":"Feature","properties":{"name":"Valledupar","rank":5,"capital":0},"geometry":{"type":"Point","coordinates":[-73.25,10.48]}},{"type":"Feature","properties":{"name":"San Jos\u00e9 del Guaviare","rank":5,"capital":0},"geometry":{"type":"Point","coordinates":[-72.64,2.57]}},{"type":"Feature","properties":{"name":"Puerto L\u00f3pez","rank":5,"capital":0},"geometry":{"type":"Point","coordinates":[-72.96,4.09]}},{"type":"Feature","properties":{"name":"Marv Dasht","rank":5,"capital":0},"geometry":{"type":"Point","coordinates":[52.821,29.801]}},{"type":"Feature","properties":{"name":"Shahrud","rank":5,"capital":0},"geometry":{"type":"Point","coordinates":[54.963,36.423]}},{"type":"Feature","properties":{"name":"Varamin","rank":5,"capital":0},"geometry":{"type":"Point","coordinates":[51.647,35.317]}},{"type":"Feature","properties":{"name":"Masjed Soleyman","rank":5,"capital":0},"geometry":{"type":"Point","coordinates":[49.3,31.98]}},{"type":"Feature","properties":{"name":"Borujerd","rank":5,"capital":0},"geometry":{"type":"Point","coordinates":[48.8,33.92]}},{"type":"Feature","properties":{"name":"Az Aubayr","rank":5,"capital":0},"geometry":{"type":"Point","coordinates":[47.708,30.389]}},{"type":"Feature","properties":{"name":"Ad Diwaniyah","rank":5,"capital":0},"geometry":{"type":"Point","coordinates":[44.924,31.989]}},{"type":"Feature","properties":{"name":"Ash Shatrah","rank":5,"capital":0},"geometry":{"type":"Point","coordinates":[46.177,31.418]}},{"type":"Feature","properties":{"name":"Malayer","rank":5,"capital":0},"geometry":{"type":"Point","coordinates":[48.85,34.32]}},{"type":"Feature","properties":{"name":"Zanjan","rank":5,"capital":0},"geometry":{"type":"Point","coordinates":[48.5,36.67]}},{"type":"Feature","properties":{"name":"Urmia","rank":5,"capital":0},"geometry":{"type":"Point","coordinates":[45.0,37.53]}},{"type":"Feature","properties":{"name":"Ahar","rank":5,"capital":0},"geometry":{"type":"Point","coordinates":[47.063,38.483]}},{"type":"Feature","properties":{"name":"Sanandaj","rank":5,"capital":0},"geometry":{"type":"Point","coordinates":[47.02,35.3]}},{"type":"Feature","properties":{"name":"Mandali","rank":5,"capital":0},"geometry":{"type":"Point","coordinates":[45.546,33.744]}},{"type":"Feature","properties":{"name":"Neyshabur","rank":5,"capital":0},"geometry":{"type":"Point","coordinates":[58.82,36.22]}},{"type":"Feature","properties":{"name":"Bojnurd","rank":5,"capital":0},"geometry":{"type":"Point","coordinates":[57.32,37.47]}},{"type":"Feature","properties":{"name":"Sirjan","rank":5,"capital":0},"geometry":{"type":"Point","coordinates":[55.73,29.47]}},{"type":"Feature","properties":{"name":"Ar Ramadi","rank":5,"capital":0},"geometry":{"type":"Point","coordinates":[43.3,33.42]}},{"type":"Feature","properties":{"name":"Al Musayyib","rank":5,"capital":0},"geometry":{"type":"Point","coordinates":[44.29,32.779]}},{"type":"Feature","properties":{"name":"Karokh","rank":5,"capital":0},"geometry":{"type":"Point","coordinates":[62.592,34.487]}},{"type":"Feature","properties":{"name":"Sheberghan","rank":5,"capital":0},"geometry":{"type":"Point","coordinates":[65.738,36.658]}},{"type":"Feature","properties":{"name":"Pol-e Khomri","rank":5,"capital":0},"geometry":{"type":"Point","coordinates":[68.701,35.951]}},{"type":"Feature","properties":{"name":"Fort William","rank":5,"capital":0},"geometry":{"type":"Point","coordinates":[-5.112,56.816]}},{"type":"Feature","properties":{"name":"Ad Damaz\u012bn","rank":5,"capital":0},"geometry":{"type":"Point","coordinates":[34.35,11.77]}},{"type":"Feature","properties":{"name":"Haiya","rank":5,"capital":0},"geometry":{"type":"Point","coordinates":[36.384,18.336]}},{"type":"Feature","properties":{"name":"Dzhankoy","rank":5,"capital":0},"geometry":{"type":"Point","coordinates":[34.4,45.717]}},{"type":"Feature","properties":{"name":"Yevpatoriya","rank":5,"capital":0},"geometry":{"type":"Point","coordinates":[33.363,45.197]}},{"type":"Feature","properties":{"name":"Kerch","rank":5,"capital":0},"geometry":{"type":"Point","coordinates":[36.488,45.369]}},{"type":"Feature","properties":{"name":"Simferopol","rank":5,"capital":0},"geometry":{"type":"Point","coordinates":[34.099,44.949]}},{"type":"Feature","properties":{"name":"Kherson","rank":5,"capital":0},"geometry":{"type":"Point","coordinates":[32.601,46.633]}},{"type":"Feature","properties":{"name":"Voznesensk","rank":5,"capital":0},"geometry":{"type":"Point","coordinates":[31.333,47.55]}},{"type":"Feature","properties":{"name":"Nizhyn","rank":5,"capital":0},"geometry":{"type":"Point","coordinates":[31.89,51.054]}},{"type":"Feature","properties":{"name":"Rivne","rank":5,"capital":0},"geometry":{"type":"Point","coordinates":[26.253,50.617]}},{"type":"Feature","properties":{"name":"Chernivtsi","rank":5,"capital":0},"geometry":{"type":"Point","coordinates":[25.922,48.305]}},{"type":"Feature","properties":{"name":"Ivano-Frankivsk","rank":5,"capital":0},"geometry":{"type":"Point","coordinates":[24.709,48.935]}},{"type":"Feature","properties":{"name":"Ternopil","rank":5,"capital":0},"geometry":{"type":"Point","coordinates":[25.582,49.536]}},{"type":"Feature","properties":{"name":"Lutsk","rank":5,"capital":0},"geometry":{"type":"Point","coordinates":[25.333,50.747]}},{"type":"Feature","properties":{"name":"Kovel","rank":5,"capital":0},"geometry":{"type":"Point","coordinates":[24.717,51.217]}},{"type":"Feature","properties":{"name":"Cherkasy","rank":5,"capital":0},"geometry":{"type":"Point","coordinates":[32.071,49.435]}},{"type":"Feature","properties":{"name":"Kirovohrad","rank":5,"capital":0},"geometry":{"type":"Point","coordinates":[32.26,48.504]}},{"type":"Feature","properties":{"name":"Izmayil","rank":5,"capital":0},"geometry":{"type":"Point","coordinates":[28.837,45.35]}},{"type":"Feature","properties":{"name":"Vinnytsya","rank":5,"capital":0},"geometry":{"type":"Point","coordinates":[28.482,49.225]}},{"type":"Feature","properties":{"name":"Korosten","rank":5,"capital":0},"geometry":{"type":"Point","coordinates":[28.65,50.95]}},{"type":"Feature","properties":{"name":"Shostka","rank":5,"capital":0},"geometry":{"type":"Point","coordinates":[33.48,51.873]}},{"type":"Feature","properties":{"name":"Nikopol","rank":5,"capital":0},"geometry":{"type":"Point","coordinates":[34.406,47.567]}},{"type":"Feature","properties":{"name":"Kupyansk","rank":5,"capital":0},"geometry":{"type":"Point","coordinates":[37.598,49.722]}},{"type":"Feature","properties":{"name":"Lysychansk","rank":5,"capital":0},"geometry":{"type":"Point","coordinates":[38.427,48.92]}},{"type":"Feature","properties":{"name":"Luhansk","rank":5,"capital":0},"geometry":{"type":"Point","coordinates":[39.334,48.57]}},{"type":"Feature","properties":{"name":"Poltava","rank":5,"capital":0},"geometry":{"type":"Point","coordinates":[34.57,49.574]}},{"type":"Feature","properties":{"name":"Kremenchuk","rank":5,"capital":0},"geometry":{"type":"Point","coordinates":[33.43,49.084]}},{"type":"Feature","properties":{"name":"Melitopol","rank":5,"capital":0},"geometry":{"type":"Point","coordinates":[35.377,46.838]}},{"type":"Feature","properties":{"name":"Chumphon","rank":5,"capital":0},"geometry":{"type":"Point","coordinates":[99.187,10.513]}},{"type":"Feature","properties":{"name":"Thung Song","rank":5,"capital":0},"geometry":{"type":"Point","coordinates":[99.729,8.154]}},{"type":"Feature","properties":{"name":"Trang","rank":5,"capital":0},"geometry":{"type":"Point","coordinates":[99.608,7.563]}},{"type":"Feature","properties":{"name":"Yala","rank":5,"capital":0},"geometry":{"type":"Point","coordinates":[101.285,6.55]}},{"type":"Feature","properties":{"name":"Chiang Rai","rank":5,"capital":0},"geometry":{"type":"Point","coordinates":[99.826,19.912]}},{"type":"Feature","properties":{"name":"Lampang","rank":5,"capital":0},"geometry":{"type":"Point","coordinates":[99.481,18.292]}},{"type":"Feature","properties":{"name":"Nan","rank":5,"capital":0},"geometry":{"type":"Point","coordinates":[100.771,18.787]}},{"type":"Feature","properties":{"name":"Phayao","rank":5,"capital":0},"geometry":{"type":"Point","coordinates":[99.908,19.171]}},{"type":"Feature","properties":{"name":"Phrae","rank":5,"capital":0},"geometry":{"type":"Point","coordinates":[100.163,18.153]}},{"type":"Feature","properties":{"name":"Phitsanulok","rank":5,"capital":0},"geometry":{"type":"Point","coordinates":[100.273,16.828]}},{"type":"Feature","properties":{"name":"Sukhothai","rank":5,"capital":0},"geometry":{"type":"Point","coordinates":[99.752,17.012]}},{"type":"Feature","properties":{"name":"Uttaradit","rank":5,"capital":0},"geometry":{"type":"Point","coordinates":[100.097,17.632]}},{"type":"Feature","properties":{"name":"Kanchanaburi","rank":5,"capital":0},"geometry":{"type":"Point","coordinates":[99.522,14.017]}},{"type":"Feature","properties":{"name":"Mae Sot","rank":5,"capital":0},"geometry":{"type":"Point","coordinates":[98.571,16.716]}},{"type":"Feature","properties":{"name":"Tak","rank":5,"capital":0},"geometry":{"type":"Point","coordinates":[99.129,16.885]}},{"type":"Feature","properties":{"name":"Uthai Thani","rank":5,"capital":0},"geometry":{"type":"Point","coordinates":[100.026,15.382]}},{"type":"Feature","properties":{"name":"Lop Buri","rank":5,"capital":0},"geometry":{"type":"Point","coordinates":[100.619,14.804]}},{"type":"Feature","properties":{"name":"Prachin Buri","rank":5,"capital":0},"geometry":{"type":"Point","coordinates":[101.377,14.057]}},{"type":"Feature","properties":{"name":"Ayutthaya","rank":5,"capital":0},"geometry":{"type":"Point","coordinates":[100.568,14.359]}},{"type":"Feature","properties":{"name":"Pathum Thani","rank":5,"capital":0},"geometry":{"type":"Point","coordinates":[100.533,14.017]}},{"type":"Feature","properties":{"name":"Saraburi","rank":5,"capital":0},"geometry":{"type":"Point","coordinates":[100.88,14.53]}},{"type":"Feature","properties":{"name":"Nonthaburi","rank":5,"capital":0},"geometry":{"type":"Point","coordinates":[100.483,13.834]}},{"type":"Feature","properties":{"name":"Phetchaburi","rank":5,"capital":0},"geometry":{"type":"Point","coordinates":[99.941,13.113]}},{"type":"Feature","properties":{"name":"Hua Hin","rank":5,"capital":0},"geometry":{"type":"Point","coordinates":[99.944,12.57]}},{"type":"Feature","properties":{"name":"Ratchaburi","rank":5,"capital":0},"geometry":{"type":"Point","coordinates":[99.822,13.542]}},{"type":"Feature","properties":{"name":"Samut Prakan","rank":5,"capital":0},"geometry":{"type":"Point","coordinates":[100.611,13.607]}},{"type":"Feature","properties":{"name":"Sisaket","rank":5,"capital":0},"geometry":{"type":"Point","coordinates":[104.33,15.12]}},{"type":"Feature","properties":{"name":"Hong Gai","rank":5,"capital":0},"geometry":{"type":"Point","coordinates":[107.1,20.96]}},{"type":"Feature","properties":{"name":"C\u1ea9m Ph\u1ea3","rank":5,"capital":0},"geometry":{"type":"Point","coordinates":[107.32,21.04]}},{"type":"Feature","properties":{"name":"Si Racha","rank":5,"capital":0},"geometry":{"type":"Point","coordinates":[100.929,13.159]}},{"type":"Feature","properties":{"name":"Chon Buri","rank":5,"capital":0},"geometry":{"type":"Point","coordinates":[101.0,13.4]}},{"type":"Feature","properties":{"name":"Chanthaburi","rank":5,"capital":0},"geometry":{"type":"Point","coordinates":[102.098,12.613]}},{"type":"Feature","properties":{"name":"Aranyaprathet","rank":5,"capital":0},"geometry":{"type":"Point","coordinates":[102.497,13.682]}},{"type":"Feature","properties":{"name":"Rayong","rank":5,"capital":0},"geometry":{"type":"Point","coordinates":[101.281,12.672]}},{"type":"Feature","properties":{"name":"Buriram","rank":5,"capital":0},"geometry":{"type":"Point","coordinates":[103.117,15.0]}},{"type":"Feature","properties":{"name":"Chaiyaphum","rank":5,"capital":0},"geometry":{"type":"Point","coordinates":[102.039,15.804]}},{"type":"Feature","properties":{"name":"Bua Yai","rank":5,"capital":0},"geometry":{"type":"Point","coordinates":[102.419,15.584]}},{"type":"Feature","properties":{"name":"Surin","rank":5,"capital":0},"geometry":{"type":"Point","coordinates":[103.491,14.887]}},{"type":"Feature","properties":{"name":"Loei","rank":5,"capital":0},"geometry":{"type":"Point","coordinates":[101.732,17.492]}},{"type":"Feature","properties":{"name":"Nong Khai","rank":5,"capital":0},"geometry":{"type":"Point","coordinates":[102.748,17.873]}},{"type":"Feature","properties":{"name":"Sakhon Nakhon","rank":5,"capital":0},"geometry":{"type":"Point","coordinates":[104.148,17.168]}},{"type":"Feature","properties":{"name":"Udon Thani","rank":5,"capital":0},"geometry":{"type":"Point","coordinates":[102.789,17.405]}},{"type":"Feature","properties":{"name":"Lao Chi","rank":5,"capital":0},"geometry":{"type":"Point","coordinates":[103.966,22.501]}},{"type":"Feature","properties":{"name":"Hoa Binh","rank":5,"capital":0},"geometry":{"type":"Point","coordinates":[105.338,20.814]}},{"type":"Feature","properties":{"name":"S\u01a1n T\u00e2y","rank":5,"capital":0},"geometry":{"type":"Point","coordinates":[105.505,21.138]}},{"type":"Feature","properties":{"name":"Ninh B\u00ecnh","rank":5,"capital":0},"geometry":{"type":"Point","coordinates":[105.975,20.254]}},{"type":"Feature","properties":{"name":"Vi\u1ec7t Tr\u00ec","rank":5,"capital":0},"geometry":{"type":"Point","coordinates":[105.43,21.33]}},{"type":"Feature","properties":{"name":"B\u1eafc Giang","rank":5,"capital":0},"geometry":{"type":"Point","coordinates":[106.2,21.267]}},{"type":"Feature","properties":{"name":"Nakhon Phanom","rank":5,"capital":0},"geometry":{"type":"Point","coordinates":[104.769,17.394]}},{"type":"Feature","properties":{"name":"H\u00e0 T\u0129nh","rank":5,"capital":0},"geometry":{"type":"Point","coordinates":[105.9,18.334]}},{"type":"Feature","properties":{"name":"Buon Me Thuot","rank":5,"capital":0},"geometry":{"type":"Point","coordinates":[108.05,12.667]}},{"type":"Feature","properties":{"name":"Da Lat","rank":5,"capital":0},"geometry":{"type":"Point","coordinates":[108.42,11.93]}},{"type":"Feature","properties":{"name":"Phan Rang","rank":5,"capital":0},"geometry":{"type":"Point","coordinates":[108.983,11.567]}},{"type":"Feature","properties":{"name":"Hon Quan","rank":5,"capital":0},"geometry":{"type":"Point","coordinates":[106.6,11.65]}},{"type":"Feature","properties":{"name":"Kon Tum","rank":5,"capital":0},"geometry":{"type":"Point","coordinates":[107.983,14.384]}},{"type":"Feature","properties":{"name":"Qu\u1ea3ng Ng\u00e3i","rank":5,"capital":0},"geometry":{"type":"Point","coordinates":[108.83,15.15]}},{"type":"Feature","properties":{"name":"Qu\u1ea3ng Tr\u1ecb","rank":5,"capital":0},"geometry":{"type":"Point","coordinates":[107.2,16.75]}},{"type":"Feature","properties":{"name":"Narathiwat","rank":5,"capital":0},"geometry":{"type":"Point","coordinates":[101.821,6.432]}},{"type":"Feature","properties":{"name":"Vung Tau","rank":5,"capital":0},"geometry":{"type":"Point","coordinates":[107.085,10.355]}},{"type":"Feature","properties":{"name":"Phan Thiet","rank":5,"capital":0},"geometry":{"type":"Point","coordinates":[108.1,10.934]}},{"type":"Feature","properties":{"name":"Long Xuyen","rank":5,"capital":0},"geometry":{"type":"Point","coordinates":[105.42,10.38]}},{"type":"Feature","properties":{"name":"Ch\u00e2u \u0110\u1ed1c","rank":5,"capital":0},"geometry":{"type":"Point","coordinates":[105.117,10.7]}},{"type":"Feature","properties":{"name":"R\u1ea1ch Gi\u00e1","rank":5,"capital":0},"geometry":{"type":"Point","coordinates":[105.091,10.015]}},{"type":"Feature","properties":{"name":"Tan An","rank":5,"capital":0},"geometry":{"type":"Point","coordinates":[106.417,10.534]}},{"type":"Feature","properties":{"name":"M\u1ef9 Tho","rank":5,"capital":0},"geometry":{"type":"Point","coordinates":[106.35,10.35]}},{"type":"Feature","properties":{"name":"B\u1ea1c Li\u00eau","rank":5,"capital":0},"geometry":{"type":"Point","coordinates":[105.72,9.28]}},{"type":"Feature","properties":{"name":"C\u00e0 Mau","rank":5,"capital":0},"geometry":{"type":"Point","coordinates":[105.15,9.177]}},{"type":"Feature","properties":{"name":"S\u00f3c Tr\u0103ng","rank":5,"capital":0},"geometry":{"type":"Point","coordinates":[105.98,9.604]}},{"type":"Feature","properties":{"name":"Ha Giang","rank":5,"capital":0},"geometry":{"type":"Point","coordinates":[104.983,22.834]}},{"type":"Feature","properties":{"name":"Maridi","rank":5,"capital":0},"geometry":{"type":"Point","coordinates":[29.477,4.915]}},{"type":"Feature","properties":{"name":"Yei","rank":5,"capital":0},"geometry":{"type":"Point","coordinates":[30.68,4.09]}},{"type":"Feature","properties":{"name":"Melut","rank":5,"capital":0},"geometry":{"type":"Point","coordinates":[32.2,10.434]}},{"type":"Feature","properties":{"name":"Nasir","rank":5,"capital":0},"geometry":{"type":"Point","coordinates":[33.067,8.6]}},{"type":"Feature","properties":{"name":"Gogrial","rank":5,"capital":0},"geometry":{"type":"Point","coordinates":[28.117,8.534]}},{"type":"Feature","properties":{"name":"El Manaqil","rank":5,"capital":0},"geometry":{"type":"Point","coordinates":[32.98,14.25]}},{"type":"Feature","properties":{"name":"Shendi","rank":5,"capital":0},"geometry":{"type":"Point","coordinates":[33.42,16.68]}},{"type":"Feature","properties":{"name":"Berber","rank":5,"capital":0},"geometry":{"type":"Point","coordinates":[33.983,18.017]}},{"type":"Feature","properties":{"name":"Kerma","rank":5,"capital":0},"geometry":{"type":"Point","coordinates":[30.417,19.634]}},{"type":"Feature","properties":{"name":"Ed Dueim","rank":5,"capital":0},"geometry":{"type":"Point","coordinates":[32.3,13.99]}},{"type":"Feature","properties":{"name":"Umm Ruwaba","rank":5,"capital":0},"geometry":{"type":"Point","coordinates":[31.2,12.91]}},{"type":"Feature","properties":{"name":"Kapoeta","rank":5,"capital":0},"geometry":{"type":"Point","coordinates":[33.59,4.772]}},{"type":"Feature","properties":{"name":"Ayr","rank":5,"capital":0},"geometry":{"type":"Point","coordinates":[-4.617,55.45]}},{"type":"Feature","properties":{"name":"Aberdeen","rank":5,"capital":0},"geometry":{"type":"Point","coordinates":[-2.105,57.145]}},{"type":"Feature","properties":{"name":"Perth","rank":5,"capital":0},"geometry":{"type":"Point","coordinates":[-3.436,56.393]}},{"type":"Feature","properties":{"name":"Dundee","rank":5,"capital":0},"geometry":{"type":"Point","coordinates":[-3.0,56.47]}},{"type":"Feature","properties":{"name":"Middlesbrough","rank":5,"capital":0},"geometry":{"type":"Point","coordinates":[-1.23,54.58]}},{"type":"Feature","properties":{"name":"Coventry","rank":5,"capital":0},"geometry":{"type":"Point","coordinates":[-1.503,52.401]}},{"type":"Feature","properties":{"name":"Bath","rank":5,"capital":0},"geometry":{"type":"Point","coordinates":[-2.35,51.384]}},{"type":"Feature","properties":{"name":"Exeter","rank":5,"capital":0},"geometry":{"type":"Point","coordinates":[-3.53,50.7]}},{"type":"Feature","properties":{"name":"Cambridge","rank":5,"capital":0},"geometry":{"type":"Point","coordinates":[0.117,52.2]}},{"type":"Feature","properties":{"name":"Kingston upon Hull","rank":5,"capital":0},"geometry":{"type":"Point","coordinates":[-0.33,53.75]}},{"type":"Feature","properties":{"name":"Londonderry/Derry","rank":5,"capital":0},"geometry":{"type":"Point","coordinates":[-7.333,55.0]}},{"type":"Feature","properties":{"name":"Lisburn","rank":5,"capital":0},"geometry":{"type":"Point","coordinates":[-6.048,54.51]}},{"type":"Feature","properties":{"name":"Penzance","rank":5,"capital":0},"geometry":{"type":"Point","coordinates":[-5.55,50.134]}},{"type":"Feature","properties":{"name":"York","rank":5,"capital":0},"geometry":{"type":"Point","coordinates":[-1.072,53.951]}},{"type":"Feature","properties":{"name":"Blackpool","rank":5,"capital":0},"geometry":{"type":"Point","coordinates":[-3.05,53.83]}},{"type":"Feature","properties":{"name":"Dumfries","rank":5,"capital":0},"geometry":{"type":"Point","coordinates":[-3.55,55.067]}},{"type":"Feature","properties":{"name":"Scarborough","rank":5,"capital":0},"geometry":{"type":"Point","coordinates":[-0.43,54.28]}},{"type":"Feature","properties":{"name":"Plymouth","rank":5,"capital":0},"geometry":{"type":"Point","coordinates":[-4.16,50.385]}},{"type":"Feature","properties":{"name":"S\u00f6ke","rank":5,"capital":0},"geometry":{"type":"Point","coordinates":[27.41,37.751]}},{"type":"Feature","properties":{"name":"Bal\u0131kesir","rank":5,"capital":0},"geometry":{"type":"Point","coordinates":[27.89,39.65]}},{"type":"Feature","properties":{"name":"\u00c7anakkale","rank":5,"capital":0},"geometry":{"type":"Point","coordinates":[26.406,40.146]}},{"type":"Feature","properties":{"name":"Edirne","rank":5,"capital":0},"geometry":{"type":"Point","coordinates":[26.57,41.67]}},{"type":"Feature","properties":{"name":"Tekirda\u011f","rank":5,"capital":0},"geometry":{"type":"Point","coordinates":[27.51,40.991]}},{"type":"Feature","properties":{"name":"\u0130zmit","rank":5,"capital":0},"geometry":{"type":"Point","coordinates":[29.931,40.776]}},{"type":"Feature","properties":{"name":"Bolu","rank":5,"capital":0},"geometry":{"type":"Point","coordinates":[31.606,40.736]}},{"type":"Feature","properties":{"name":"Afyon","rank":5,"capital":0},"geometry":{"type":"Point","coordinates":[30.55,38.75]}},{"type":"Feature","properties":{"name":"Denizli","rank":5,"capital":0},"geometry":{"type":"Point","coordinates":[29.08,37.77]}},{"type":"Feature","properties":{"name":"Manisa","rank":5,"capital":0},"geometry":{"type":"Point","coordinates":[27.44,38.63]}},{"type":"Feature","properties":{"name":"Ad\u0131yaman","rank":5,"capital":0},"geometry":{"type":"Point","coordinates":[38.28,37.77]}},{"type":"Feature","properties":{"name":"Malatya","rank":5,"capital":0},"geometry":{"type":"Point","coordinates":[38.3,38.37]}},{"type":"Feature","properties":{"name":"Tarsus","rank":5,"capital":0},"geometry":{"type":"Point","coordinates":[34.88,36.92]}},{"type":"Feature","properties":{"name":"Samandagi","rank":5,"capital":0},"geometry":{"type":"Point","coordinates":[35.933,36.117]}},{"type":"Feature","properties":{"name":"\u0130skenderun","rank":5,"capital":0},"geometry":{"type":"Point","coordinates":[36.17,36.58]}},{"type":"Feature","properties":{"name":"Amasya","rank":5,"capital":0},"geometry":{"type":"Point","coordinates":[35.833,40.654]}},{"type":"Feature","properties":{"name":"Ordu","rank":5,"capital":0},"geometry":{"type":"Point","coordinates":[37.87,41.0]}},{"type":"Feature","properties":{"name":"Sivas","rank":5,"capital":0},"geometry":{"type":"Point","coordinates":[37.035,39.745]}},{"type":"Feature","properties":{"name":"Bafra","rank":5,"capital":0},"geometry":{"type":"Point","coordinates":[35.907,41.568]}},{"type":"Feature","properties":{"name":"Erzurum","rank":5,"capital":0},"geometry":{"type":"Point","coordinates":[41.29,39.92]}},{"type":"Feature","properties":{"name":"Erzincan","rank":5,"capital":0},"geometry":{"type":"Point","coordinates":[39.493,39.753]}},{"type":"Feature","properties":{"name":"A\u011fr\u0131","rank":5,"capital":0},"geometry":{"type":"Point","coordinates":[43.051,39.72]}},{"type":"Feature","properties":{"name":"Diyarbak\u0131r","rank":5,"capital":0},"geometry":{"type":"Point","coordinates":[40.23,37.92]}},{"type":"Feature","properties":{"name":"Mu\u015f","rank":5,"capital":0},"geometry":{"type":"Point","coordinates":[41.497,38.749]}},{"type":"Feature","properties":{"name":"Ipswich","rank":5,"capital":0},"geometry":{"type":"Point","coordinates":[1.17,52.07]}},{"type":"Feature","properties":{"name":"Norwich","rank":5,"capital":0},"geometry":{"type":"Point","coordinates":[1.3,52.63]}},{"type":"Feature","properties":{"name":"Brighton","rank":5,"capital":0},"geometry":{"type":"Point","coordinates":[-0.17,50.83]}},{"type":"Feature","properties":{"name":"Kirkwall","rank":5,"capital":0},"geometry":{"type":"Point","coordinates":[-2.95,58.967]}},{"type":"Feature","properties":{"name":"Inverness","rank":5,"capital":0},"geometry":{"type":"Point","coordinates":[-4.233,57.467]}},{"type":"Feature","properties":{"name":"Oxford","rank":5,"capital":0},"geometry":{"type":"Point","coordinates":[-1.248,51.752]}},{"type":"Feature","properties":{"name":"Luton","rank":5,"capital":0},"geometry":{"type":"Point","coordinates":[-0.42,51.88]}},{"type":"Feature","properties":{"name":"Portsmouth","rank":5,"capital":0},"geometry":{"type":"Point","coordinates":[-1.08,50.8]}},{"type":"Feature","properties":{"name":"Peterborough","rank":5,"capital":0},"geometry":{"type":"Point","coordinates":[-0.248,52.567]}},{"type":"Feature","properties":{"name":"Nottingham","rank":5,"capital":0},"geometry":{"type":"Point","coordinates":[-1.166,52.941]}},{"type":"Feature","properties":{"name":"Stoke","rank":5,"capital":0},"geometry":{"type":"Point","coordinates":[-2.18,53.0]}},{"type":"Feature","properties":{"name":"Zonguldak","rank":5,"capital":0},"geometry":{"type":"Point","coordinates":[31.78,41.43]}},{"type":"Feature","properties":{"name":"Ere\u011fli","rank":5,"capital":0},"geometry":{"type":"Point","coordinates":[34.052,37.506]}},{"type":"Feature","properties":{"name":"Karaman","rank":5,"capital":0},"geometry":{"type":"Point","coordinates":[33.215,37.182]}},{"type":"Feature","properties":{"name":"U\u015fak","rank":5,"capital":0},"geometry":{"type":"Point","coordinates":[29.42,38.68]}},{"type":"Feature","properties":{"name":"Kilis","rank":5,"capital":0},"geometry":{"type":"Point","coordinates":[37.12,36.72]}},{"type":"Feature","properties":{"name":"K\u0131r\u0131kkale","rank":5,"capital":0},"geometry":{"type":"Point","coordinates":[33.53,39.85]}},{"type":"Feature","properties":{"name":"Kars","rank":5,"capital":0},"geometry":{"type":"Point","coordinates":[43.097,40.608]}},{"type":"Feature","properties":{"name":"Mardin","rank":5,"capital":0},"geometry":{"type":"Point","coordinates":[40.743,37.312]}},{"type":"Feature","properties":{"name":"Batman","rank":5,"capital":0},"geometry":{"type":"Point","coordinates":[41.14,37.89]}},{"type":"Feature","properties":{"name":"Van","rank":5,"capital":0},"geometry":{"type":"Point","coordinates":[43.4,38.495]}},{"type":"Feature","properties":{"name":"Jinja","rank":5,"capital":0},"geometry":{"type":"Point","coordinates":[33.2,0.44]}},{"type":"Feature","properties":{"name":"Soroti","rank":5,"capital":0},"geometry":{"type":"Point","coordinates":[33.6,1.71]}},{"type":"Feature","properties":{"name":"Arua","rank":5,"capital":0},"geometry":{"type":"Point","coordinates":[30.9,3.02]}},{"type":"Feature","properties":{"name":"Pakwach","rank":5,"capital":0},"geometry":{"type":"Point","coordinates":[31.48,2.47]}},{"type":"Feature","properties":{"name":"Moyo","rank":5,"capital":0},"geometry":{"type":"Point","coordinates":[31.72,3.65]}},{"type":"Feature","properties":{"name":"Entebbe","rank":5,"capital":0},"geometry":{"type":"Point","coordinates":[32.46,0.06]}},{"type":"Feature","properties":{"name":"Mubende","rank":5,"capital":0},"geometry":{"type":"Point","coordinates":[31.37,0.59]}},{"type":"Feature","properties":{"name":"Mityana","rank":5,"capital":0},"geometry":{"type":"Point","coordinates":[32.05,0.4]}},{"type":"Feature","properties":{"name":"Kitgum","rank":5,"capital":0},"geometry":{"type":"Point","coordinates":[32.87,3.3]}},{"type":"Feature","properties":{"name":"Lira","rank":5,"capital":0},"geometry":{"type":"Point","coordinates":[32.89,2.26]}},{"type":"Feature","properties":{"name":"Masindi-Port","rank":5,"capital":0},"geometry":{"type":"Point","coordinates":[32.07,1.7]}},{"type":"Feature","properties":{"name":"Mbale","rank":5,"capital":0},"geometry":{"type":"Point","coordinates":[34.17,1.09]}},{"type":"Feature","properties":{"name":"Tororo","rank":5,"capital":0},"geometry":{"type":"Point","coordinates":[34.17,0.71]}},{"type":"Feature","properties":{"name":"Kaabong","rank":5,"capital":0},"geometry":{"type":"Point","coordinates":[34.12,3.52]}},{"type":"Feature","properties":{"name":"Moroto","rank":5,"capital":0},"geometry":{"type":"Point","coordinates":[34.64,2.54]}},{"type":"Feature","properties":{"name":"Tunduma","rank":5,"capital":0},"geometry":{"type":"Point","coordinates":[32.775,-9.285]}},{"type":"Feature","properties":{"name":"Tukuyu","rank":5,"capital":0},"geometry":{"type":"Point","coordinates":[33.64,-9.25]}},{"type":"Feature","properties":{"name":"Sumbawanga","rank":5,"capital":0},"geometry":{"type":"Point","coordinates":[31.62,-7.96]}},{"type":"Feature","properties":{"name":"Mpanda","rank":5,"capital":0},"geometry":{"type":"Point","coordinates":[31.05,-6.36]}},{"type":"Feature","properties":{"name":"Kipili","rank":5,"capital":0},"geometry":{"type":"Point","coordinates":[30.6,-7.433]}},{"type":"Feature","properties":{"name":"Karema","rank":5,"capital":0},"geometry":{"type":"Point","coordinates":[30.433,-6.816]}},{"type":"Feature","properties":{"name":"Geita","rank":5,"capital":0},"geometry":{"type":"Point","coordinates":[32.167,-2.866]}},{"type":"Feature","properties":{"name":"Nyahanga","rank":5,"capital":0},"geometry":{"type":"Point","coordinates":[33.55,-2.383]}},{"type":"Feature","properties":{"name":"Kahama","rank":5,"capital":0},"geometry":{"type":"Point","coordinates":[32.58,-3.82]}},{"type":"Feature","properties":{"name":"Shinyanga","rank":5,"capital":0},"geometry":{"type":"Point","coordinates":[33.42,-3.66]}},{"type":"Feature","properties":{"name":"Nzega","rank":5,"capital":0},"geometry":{"type":"Point","coordinates":[33.18,-4.21]}},{"type":"Feature","properties":{"name":"Sikonge","rank":5,"capital":0},"geometry":{"type":"Point","coordinates":[32.77,-5.63]}},{"type":"Feature","properties":{"name":"Biharamulo","rank":5,"capital":0},"geometry":{"type":"Point","coordinates":[31.31,-2.63]}},{"type":"Feature","properties":{"name":"Bukoba","rank":5,"capital":0},"geometry":{"type":"Point","coordinates":[31.8,-1.32]}},{"type":"Feature","properties":{"name":"Ngara","rank":5,"capital":0},"geometry":{"type":"Point","coordinates":[30.65,-2.47]}},{"type":"Feature","properties":{"name":"Masaka","rank":5,"capital":0},"geometry":{"type":"Point","coordinates":[31.73,-0.33]}},{"type":"Feature","properties":{"name":"Kakonko","rank":5,"capital":0},"geometry":{"type":"Point","coordinates":[30.96,-3.28]}},{"type":"Feature","properties":{"name":"Kasulu","rank":5,"capital":0},"geometry":{"type":"Point","coordinates":[30.1,-4.58]}},{"type":"Feature","properties":{"name":"Kanyato","rank":5,"capital":0},"geometry":{"type":"Point","coordinates":[30.261,-4.457]}},{"type":"Feature","properties":{"name":"Uvinza","rank":5,"capital":0},"geometry":{"type":"Point","coordinates":[30.39,-5.12]}},{"type":"Feature","properties":{"name":"Kigoma","rank":5,"capital":0},"geometry":{"type":"Point","coordinates":[29.61,-4.88]}},{"type":"Feature","properties":{"name":"Katwe","rank":5,"capital":0},"geometry":{"type":"Point","coordinates":[29.92,-0.13]}},{"type":"Feature","properties":{"name":"Mbarara","rank":5,"capital":0},"geometry":{"type":"Point","coordinates":[30.65,-0.6]}},{"type":"Feature","properties":{"name":"Kabale","rank":5,"capital":0},"geometry":{"type":"Point","coordinates":[29.98,-1.25]}},{"type":"Feature","properties":{"name":"Mikumi","rank":5,"capital":0},"geometry":{"type":"Point","coordinates":[36.98,-7.4]}},{"type":"Feature","properties":{"name":"Ifakara","rank":5,"capital":0},"geometry":{"type":"Point","coordinates":[36.68,-8.13]}},{"type":"Feature","properties":{"name":"Kilosa","rank":5,"capital":0},"geometry":{"type":"Point","coordinates":[36.99,-6.84]}},{"type":"Feature","properties":{"name":"Chake Chake","rank":5,"capital":0},"geometry":{"type":"Point","coordinates":[39.77,-5.24]}},{"type":"Feature","properties":{"name":"Kibiti","rank":5,"capital":0},"geometry":{"type":"Point","coordinates":[38.95,-7.73]}},{"type":"Feature","properties":{"name":"Bagamoyo","rank":5,"capital":0},"geometry":{"type":"Point","coordinates":[38.89,-6.44]}},{"type":"Feature","properties":{"name":"Kilindoni","rank":5,"capital":0},"geometry":{"type":"Point","coordinates":[39.65,-7.916]}},{"type":"Feature","properties":{"name":"Mpwapwa","rank":5,"capital":0},"geometry":{"type":"Point","coordinates":[36.48,-6.35]}},{"type":"Feature","properties":{"name":"Njombe","rank":5,"capital":0},"geometry":{"type":"Point","coordinates":[34.77,-9.33]}},{"type":"Feature","properties":{"name":"Iringa","rank":5,"capital":0},"geometry":{"type":"Point","coordinates":[35.69,-7.77]}},{"type":"Feature","properties":{"name":"Masasi","rank":5,"capital":0},"geometry":{"type":"Point","coordinates":[38.8,-10.73]}},{"type":"Feature","properties":{"name":"Mtwara","rank":5,"capital":0},"geometry":{"type":"Point","coordinates":[40.19,-10.27]}},{"type":"Feature","properties":{"name":"Tunduru","rank":5,"capital":0},"geometry":{"type":"Point","coordinates":[37.37,-11.09]}},{"type":"Feature","properties":{"name":"Mbamba Bay","rank":5,"capital":0},"geometry":{"type":"Point","coordinates":[34.767,-11.283]}},{"type":"Feature","properties":{"name":"Manyoni","rank":5,"capital":0},"geometry":{"type":"Point","coordinates":[34.9,-5.78]}},{"type":"Feature","properties":{"name":"Itigi","rank":5,"capital":0},"geometry":{"type":"Point","coordinates":[34.48,-5.7]}},{"type":"Feature","properties":{"name":"Singida","rank":5,"capital":0},"geometry":{"type":"Point","coordinates":[34.74,-4.82]}},{"type":"Feature","properties":{"name":"Ngorongoro","rank":5,"capital":0},"geometry":{"type":"Point","coordinates":[35.52,-3.25]}},{"type":"Feature","properties":{"name":"Oldeani","rank":5,"capital":0},"geometry":{"type":"Point","coordinates":[35.55,-3.35]}},{"type":"Feature","properties":{"name":"Mbulu","rank":5,"capital":0},"geometry":{"type":"Point","coordinates":[35.53,-3.85]}},{"type":"Feature","properties":{"name":"Babati","rank":5,"capital":0},"geometry":{"type":"Point","coordinates":[35.75,-4.22]}},{"type":"Feature","properties":{"name":"Same","rank":5,"capital":0},"geometry":{"type":"Point","coordinates":[37.72,-4.07]}},{"type":"Feature","properties":{"name":"Moshi","rank":5,"capital":0},"geometry":{"type":"Point","coordinates":[37.34,-3.34]}},{"type":"Feature","properties":{"name":"Musoma","rank":5,"capital":0},"geometry":{"type":"Point","coordinates":[33.8,-1.49]}},{"type":"Feature","properties":{"name":"Korogwe","rank":5,"capital":0},"geometry":{"type":"Point","coordinates":[38.54,-5.09]}},{"type":"Feature","properties":{"name":"Dover","rank":5,"capital":0},"geometry":{"type":"Point","coordinates":[1.3,51.134]}},{"type":"Feature","properties":{"name":"En Nuhud","rank":5,"capital":0},"geometry":{"type":"Point","coordinates":[28.42,12.69]}},{"type":"Feature","properties":{"name":"Muglad","rank":5,"capital":0},"geometry":{"type":"Point","coordinates":[27.733,11.034]}},{"type":"Feature","properties":{"name":"Pimentel","rank":5,"capital":0},"geometry":{"type":"Point","coordinates":[-79.93,-6.83]}},{"type":"Feature","properties":{"name":"Olmos","rank":5,"capital":0},"geometry":{"type":"Point","coordinates":[-79.75,-5.98]}},{"type":"Feature","properties":{"name":"Sechura","rank":5,"capital":0},"geometry":{"type":"Point","coordinates":[-80.82,-5.56]}},{"type":"Feature","properties":{"name":"Chulucanas","rank":5,"capital":0},"geometry":{"type":"Point","coordinates":[-80.17,-5.09]}},{"type":"Feature","properties":{"name":"Sullana","rank":5,"capital":0},"geometry":{"type":"Point","coordinates":[-80.68,-4.89]}},{"type":"Feature","properties":{"name":"Abancay","rank":5,"capital":0},"geometry":{"type":"Point","coordinates":[-72.89,-13.64]}},{"type":"Feature","properties":{"name":"Caman\u00e1","rank":5,"capital":0},"geometry":{"type":"Point","coordinates":[-72.72,-16.62]}},{"type":"Feature","properties":{"name":"Sicuani","rank":5,"capital":0},"geometry":{"type":"Point","coordinates":[-71.23,-14.29]}},{"type":"Feature","properties":{"name":"Puno","rank":5,"capital":0},"geometry":{"type":"Point","coordinates":[-70.033,-15.833]}},{"type":"Feature","properties":{"name":"Ayaviri","rank":5,"capital":0},"geometry":{"type":"Point","coordinates":[-70.6,-14.88]}},{"type":"Feature","properties":{"name":"Ilave","rank":5,"capital":0},"geometry":{"type":"Point","coordinates":[-69.67,-16.08]}},{"type":"Feature","properties":{"name":"Desaguadero","rank":5,"capital":0},"geometry":{"type":"Point","coordinates":[-69.045,-16.565]}},{"type":"Feature","properties":{"name":"Huarmey","rank":5,"capital":0},"geometry":{"type":"Point","coordinates":[-78.16,-10.07]}},{"type":"Feature","properties":{"name":"Cajabamba","rank":5,"capital":0},"geometry":{"type":"Point","coordinates":[-78.04,-7.62]}},{"type":"Feature","properties":{"name":"Ja\u00e9n","rank":5,"capital":0},"geometry":{"type":"Point","coordinates":[-78.81,-5.71]}},{"type":"Feature","properties":{"name":"Chota","rank":5,"capital":0},"geometry":{"type":"Point","coordinates":[-78.65,-6.55]}},{"type":"Feature","properties":{"name":"Tingo Mar\u00eda","rank":5,"capital":0},"geometry":{"type":"Point","coordinates":[-75.99,-9.29]}},{"type":"Feature","properties":{"name":"Moyobamba","rank":5,"capital":0},"geometry":{"type":"Point","coordinates":[-76.967,-6.05]}},{"type":"Feature","properties":{"name":"Juanju\u00ed","rank":5,"capital":0},"geometry":{"type":"Point","coordinates":[-76.74,-7.17]}},{"type":"Feature","properties":{"name":"Tocache","rank":5,"capital":0},"geometry":{"type":"Point","coordinates":[-76.52,-8.18]}},{"type":"Feature","properties":{"name":"Chachapoyas","rank":5,"capital":0},"geometry":{"type":"Point","coordinates":[-77.87,-6.23]}},{"type":"Feature","properties":{"name":"Caballococha","rank":5,"capital":0},"geometry":{"type":"Point","coordinates":[-70.508,-3.916]}},{"type":"Feature","properties":{"name":"Puca Urco","rank":5,"capital":0},"geometry":{"type":"Point","coordinates":[-71.917,-2.333]}},{"type":"Feature","properties":{"name":"Andoas","rank":5,"capital":0},"geometry":{"type":"Point","coordinates":[-76.402,-2.902]}},{"type":"Feature","properties":{"name":"Soldado Bartra","rank":5,"capital":0},"geometry":{"type":"Point","coordinates":[-75.767,-2.516]}},{"type":"Feature","properties":{"name":"Nuevo Rocafuerte","rank":5,"capital":0},"geometry":{"type":"Point","coordinates":[-75.4,-0.933]}},{"type":"Feature","properties":{"name":"Requena","rank":5,"capital":0},"geometry":{"type":"Point","coordinates":[-73.91,-5.07]}},{"type":"Feature","properties":{"name":"Huanta","rank":5,"capital":0},"geometry":{"type":"Point","coordinates":[-74.25,-12.95]}},{"type":"Feature","properties":{"name":"Coracora","rank":5,"capital":0},"geometry":{"type":"Point","coordinates":[-73.79,-15.02]}},{"type":"Feature","properties":{"name":"Chincha Alta","rank":5,"capital":0},"geometry":{"type":"Point","coordinates":[-76.14,-13.42]}},{"type":"Feature","properties":{"name":"Santiago","rank":5,"capital":0},"geometry":{"type":"Point","coordinates":[-75.74,-14.19]}},{"type":"Feature","properties":{"name":"San Ramon","rank":5,"capital":0},"geometry":{"type":"Point","coordinates":[-75.34,-11.13]}},{"type":"Feature","properties":{"name":"Jun\u00edn","rank":5,"capital":0},"geometry":{"type":"Point","coordinates":[-76.01,-11.15]}},{"type":"Feature","properties":{"name":"Jauja","rank":5,"capital":0},"geometry":{"type":"Point","coordinates":[-75.5,-11.8]}},{"type":"Feature","properties":{"name":"Pativilca","rank":5,"capital":0},"geometry":{"type":"Point","coordinates":[-77.8,-10.7]}},{"type":"Feature","properties":{"name":"Chancay","rank":5,"capital":0},"geometry":{"type":"Point","coordinates":[-77.27,-11.56]}},{"type":"Feature","properties":{"name":"Chilca","rank":5,"capital":0},"geometry":{"type":"Point","coordinates":[-76.74,-12.52]}},{"type":"Feature","properties":{"name":"Buraydah","rank":5,"capital":0},"geometry":{"type":"Point","coordinates":[43.963,26.366]}},{"type":"Feature","properties":{"name":"Hail","rank":5,"capital":0},"geometry":{"type":"Point","coordinates":[41.7,27.524]}},{"type":"Feature","properties":{"name":"Arar","rank":5,"capital":0},"geometry":{"type":"Point","coordinates":[41.021,30.99]}},{"type":"Feature","properties":{"name":"Rafha","rank":5,"capital":0},"geometry":{"type":"Point","coordinates":[43.495,29.62]}},{"type":"Feature","properties":{"name":"Mwingi","rank":5,"capital":0},"geometry":{"type":"Point","coordinates":[38.07,-0.93]}},{"type":"Feature","properties":{"name":"Embu","rank":5,"capital":0},"geometry":{"type":"Point","coordinates":[37.45,-0.52]}},{"type":"Feature","properties":{"name":"Machakos","rank":5,"capital":0},"geometry":{"type":"Point","coordinates":[37.26,-1.51]}},{"type":"Feature","properties":{"name":"Nanyuki","rank":5,"capital":0},"geometry":{"type":"Point","coordinates":[37.06,0.02]}},{"type":"Feature","properties":{"name":"Maralal","rank":5,"capital":0},"geometry":{"type":"Point","coordinates":[36.68,1.11]}},{"type":"Feature","properties":{"name":"Konza","rank":5,"capital":0},"geometry":{"type":"Point","coordinates":[37.12,-1.75]}},{"type":"Feature","properties":{"name":"Lodwar","rank":5,"capital":0},"geometry":{"type":"Point","coordinates":[35.57,3.13]}},{"type":"Feature","properties":{"name":"Eldama Ravine","rank":5,"capital":0},"geometry":{"type":"Point","coordinates":[35.72,0.05]}},{"type":"Feature","properties":{"name":"Sotik","rank":5,"capital":0},"geometry":{"type":"Point","coordinates":[35.12,-0.68]}},{"type":"Feature","properties":{"name":"Namanga","rank":5,"capital":0},"geometry":{"type":"Point","coordinates":[36.8,-2.54]}},{"type":"Feature","properties":{"name":"Naivasha","rank":5,"capital":0},"geometry":{"type":"Point","coordinates":[36.43,-0.71]}},{"type":"Feature","properties":{"name":"Kericho","rank":5,"capital":0},"geometry":{"type":"Point","coordinates":[35.28,-0.36]}},{"type":"Feature","properties":{"name":"Kitale","rank":5,"capital":0},"geometry":{"type":"Point","coordinates":[34.99,1.03]}},{"type":"Feature","properties":{"name":"Bungoma","rank":5,"capital":0},"geometry":{"type":"Point","coordinates":[34.56,0.57]}},{"type":"Feature","properties":{"name":"Kakamega","rank":5,"capital":0},"geometry":{"type":"Point","coordinates":[34.73,0.29]}},{"type":"Feature","properties":{"name":"Wajir","rank":5,"capital":0},"geometry":{"type":"Point","coordinates":[40.05,1.75]}},{"type":"Feature","properties":{"name":"Garissa","rank":5,"capital":0},"geometry":{"type":"Point","coordinates":[39.67,-0.44]}},{"type":"Feature","properties":{"name":"Al Kharj","rank":5,"capital":0},"geometry":{"type":"Point","coordinates":[47.312,24.156]}},{"type":"Feature","properties":{"name":"Dammam","rank":5,"capital":0},"geometry":{"type":"Point","coordinates":[50.098,26.43]}},{"type":"Feature","properties":{"name":"Hafar al Batin","rank":5,"capital":0},"geometry":{"type":"Point","coordinates":[45.96,28.434]}},{"type":"Feature","properties":{"name":"Al Jubayl","rank":5,"capital":0},"geometry":{"type":"Point","coordinates":[49.646,27.005]}},{"type":"Feature","properties":{"name":"Witu","rank":5,"capital":0},"geometry":{"type":"Point","coordinates":[40.43,-2.38]}},{"type":"Feature","properties":{"name":"Tsavo","rank":5,"capital":0},"geometry":{"type":"Point","coordinates":[38.467,-2.983]}},{"type":"Feature","properties":{"name":"Voi","rank":5,"capital":0},"geometry":{"type":"Point","coordinates":[38.57,-3.37]}},{"type":"Feature","properties":{"name":"Kilifi","rank":5,"capital":0},"geometry":{"type":"Point","coordinates":[39.85,-3.61]}},{"type":"Feature","properties":{"name":"Thika","rank":5,"capital":0},"geometry":{"type":"Point","coordinates":[37.09,-1.04]}},{"type":"Feature","properties":{"name":"Kendu Bay","rank":5,"capital":0},"geometry":{"type":"Point","coordinates":[34.64,-0.36]}},{"type":"Feature","properties":{"name":"Karungu","rank":5,"capital":0},"geometry":{"type":"Point","coordinates":[34.15,-0.85]}},{"type":"Feature","properties":{"name":"Kisii","rank":5,"capital":0},"geometry":{"type":"Point","coordinates":[34.76,-0.67]}},{"type":"Feature","properties":{"name":"Ksar El Kebir","rank":5,"capital":0},"geometry":{"type":"Point","coordinates":[-5.91,35.02]}},{"type":"Feature","properties":{"name":"Larache","rank":5,"capital":0},"geometry":{"type":"Point","coordinates":[-6.16,35.2]}},{"type":"Feature","properties":{"name":"Taza","rank":5,"capital":0},"geometry":{"type":"Point","coordinates":[-4.02,34.22]}},{"type":"Feature","properties":{"name":"Ouezzane","rank":5,"capital":0},"geometry":{"type":"Point","coordinates":[-5.57,34.81]}},{"type":"Feature","properties":{"name":"Kenitra","rank":5,"capital":0},"geometry":{"type":"Point","coordinates":[-6.58,34.27]}},{"type":"Feature","properties":{"name":"Settat","rank":5,"capital":0},"geometry":{"type":"Point","coordinates":[-7.62,33.01]}},{"type":"Feature","properties":{"name":"Er Rachidia","rank":5,"capital":0},"geometry":{"type":"Point","coordinates":[-4.45,31.94]}},{"type":"Feature","properties":{"name":"Meknes","rank":5,"capital":0},"geometry":{"type":"Point","coordinates":[-5.56,33.9]}},{"type":"Feature","properties":{"name":"Tiznit","rank":5,"capital":0},"geometry":{"type":"Point","coordinates":[-9.74,29.71]}},{"type":"Feature","properties":{"name":"El Jadida","rank":5,"capital":0},"geometry":{"type":"Point","coordinates":[-8.51,33.26]}},{"type":"Feature","properties":{"name":"San Carlos","rank":5,"capital":0},"geometry":{"type":"Point","coordinates":[123.38,10.55]}},{"type":"Feature","properties":{"name":"Cadiz","rank":5,"capital":0},"geometry":{"type":"Point","coordinates":[123.309,10.959]}},{"type":"Feature","properties":{"name":"Pagadian","rank":5,"capital":0},"geometry":{"type":"Point","coordinates":[123.507,7.853]}},{"type":"Feature","properties":{"name":"Ozamis","rank":5,"capital":0},"geometry":{"type":"Point","coordinates":[123.844,8.146]}},{"type":"Feature","properties":{"name":"Tarlac","rank":5,"capital":0},"geometry":{"type":"Point","coordinates":[120.583,15.484]}},{"type":"Feature","properties":{"name":"Cabanatuan","rank":5,"capital":0},"geometry":{"type":"Point","coordinates":[120.962,15.502]}},{"type":"Feature","properties":{"name":"Olongapo","rank":5,"capital":0},"geometry":{"type":"Point","coordinates":[120.283,14.83]}},{"type":"Feature","properties":{"name":"Dagupan","rank":5,"capital":0},"geometry":{"type":"Point","coordinates":[120.341,16.048]}},{"type":"Feature","properties":{"name":"San Pablo","rank":5,"capital":0},"geometry":{"type":"Point","coordinates":[121.323,14.07]}},{"type":"Feature","properties":{"name":"Quezon City","rank":5,"capital":0},"geometry":{"type":"Point","coordinates":[121.03,14.65]}},{"type":"Feature","properties":{"name":"Pasay City","rank":5,"capital":0},"geometry":{"type":"Point","coordinates":[121.0,14.55]}},{"type":"Feature","properties":{"name":"Iligan","rank":5,"capital":0},"geometry":{"type":"Point","coordinates":[124.215,8.171]}},{"type":"Feature","properties":{"name":"Ormac","rank":5,"capital":0},"geometry":{"type":"Point","coordinates":[124.608,11.064]}},{"type":"Feature","properties":{"name":"Tacloban","rank":5,"capital":0},"geometry":{"type":"Point","coordinates":[125.0,11.25]}},{"type":"Feature","properties":{"name":"Butuan","rank":5,"capital":0},"geometry":{"type":"Point","coordinates":[125.544,8.95]}},{"type":"Feature","properties":{"name":"Tagum","rank":5,"capital":0},"geometry":{"type":"Point","coordinates":[125.802,7.382]}},{"type":"Feature","properties":{"name":"Surigao","rank":5,"capital":0},"geometry":{"type":"Point","coordinates":[125.489,9.784]}},{"type":"Feature","properties":{"name":"Gingoog","rank":5,"capital":0},"geometry":{"type":"Point","coordinates":[125.13,8.83]}},{"type":"Feature","properties":{"name":"E\u0142k","rank":5,"capital":0},"geometry":{"type":"Point","coordinates":[22.35,53.834]}},{"type":"Feature","properties":{"name":"Gdynia","rank":5,"capital":0},"geometry":{"type":"Point","coordinates":[18.53,54.52]}},{"type":"Feature","properties":{"name":"Wroc\u0142aw","rank":5,"capital":0},"geometry":{"type":"Point","coordinates":[17.03,51.11]}},{"type":"Feature","properties":{"name":"Szczecin","rank":5,"capital":0},"geometry":{"type":"Point","coordinates":[14.53,53.42]}},{"type":"Feature","properties":{"name":"Zielona G\u00f3ra","rank":5,"capital":0},"geometry":{"type":"Point","coordinates":[15.5,51.95]}},{"type":"Feature","properties":{"name":"Pozna\u0144","rank":5,"capital":0},"geometry":{"type":"Point","coordinates":[16.9,52.406]}},{"type":"Feature","properties":{"name":"Grudzi\u0105dz","rank":5,"capital":0},"geometry":{"type":"Point","coordinates":[18.75,53.48]}},{"type":"Feature","properties":{"name":"Bydgoszcz","rank":5,"capital":0},"geometry":{"type":"Point","coordinates":[18.01,53.12]}},{"type":"Feature","properties":{"name":"Katowice","rank":5,"capital":0},"geometry":{"type":"Point","coordinates":[19.02,50.26]}},{"type":"Feature","properties":{"name":"Gliwice","rank":5,"capital":0},"geometry":{"type":"Point","coordinates":[18.67,50.33]}},{"type":"Feature","properties":{"name":"Kielce","rank":5,"capital":0},"geometry":{"type":"Point","coordinates":[20.66,50.89]}},{"type":"Feature","properties":{"name":"Bia\u0142ystok","rank":5,"capital":0},"geometry":{"type":"Point","coordinates":[23.182,53.132]}},{"type":"Feature","properties":{"name":"Lublin","rank":5,"capital":0},"geometry":{"type":"Point","coordinates":[22.573,51.25]}},{"type":"Feature","properties":{"name":"Rzesz\u00f3w","rank":5,"capital":0},"geometry":{"type":"Point","coordinates":[21.996,50.029]}},{"type":"Feature","properties":{"name":"Dawra","rank":5,"capital":0},"geometry":{"type":"Point","coordinates":[-12.992,27.463]}},{"type":"Feature","properties":{"name":"Lemsid","rank":5,"capital":0},"geometry":{"type":"Point","coordinates":[-13.848,26.548]}},{"type":"Feature","properties":{"name":"Tan Tan","rank":5,"capital":0},"geometry":{"type":"Point","coordinates":[-11.1,28.43]}},{"type":"Feature","properties":{"name":"Bir Anzarane","rank":5,"capital":0},"geometry":{"type":"Point","coordinates":[-14.533,23.884]}},{"type":"Feature","properties":{"name":"Yarumal","rank":5,"capital":0},"geometry":{"type":"Point","coordinates":[-75.59,7.031]}},{"type":"Feature","properties":{"name":"Puerto Berr\u00edo","rank":5,"capital":0},"geometry":{"type":"Point","coordinates":[-74.42,6.48]}},{"type":"Feature","properties":{"name":"Turbo","rank":5,"capital":0},"geometry":{"type":"Point","coordinates":[-76.74,8.1]}},{"type":"Feature","properties":{"name":"Tunja","rank":5,"capital":0},"geometry":{"type":"Point","coordinates":[-73.37,5.55]}},{"type":"Feature","properties":{"name":"Chiquinquir\u00e1","rank":5,"capital":0},"geometry":{"type":"Point","coordinates":[-73.82,5.62]}},{"type":"Feature","properties":{"name":"Duitama","rank":5,"capital":0},"geometry":{"type":"Point","coordinates":[-73.02,5.83]}},{"type":"Feature","properties":{"name":"Ayapel","rank":5,"capital":0},"geometry":{"type":"Point","coordinates":[-75.15,8.33]}},{"type":"Feature","properties":{"name":"Lorica","rank":5,"capital":0},"geometry":{"type":"Point","coordinates":[-75.816,9.242]}},{"type":"Feature","properties":{"name":"Socorro","rank":5,"capital":0},"geometry":{"type":"Point","coordinates":[-73.27,6.46]}},{"type":"Feature","properties":{"name":"Riohacha","rank":5,"capital":0},"geometry":{"type":"Point","coordinates":[-72.91,11.54]}},{"type":"Feature","properties":{"name":"Armenia","rank":5,"capital":0},"geometry":{"type":"Point","coordinates":[-75.681,4.534]}},{"type":"Feature","properties":{"name":"Pereira","rank":5,"capital":0},"geometry":{"type":"Point","coordinates":[-75.68,4.81]}},{"type":"Feature","properties":{"name":"Honda","rank":5,"capital":0},"geometry":{"type":"Point","coordinates":[-74.75,5.19]}},{"type":"Feature","properties":{"name":"San Vicente del Cagu\u00e1n","rank":5,"capital":0},"geometry":{"type":"Point","coordinates":[-74.77,2.109]}},{"type":"Feature","properties":{"name":"Florencia","rank":5,"capital":0},"geometry":{"type":"Point","coordinates":[-75.62,1.61]}},{"type":"Feature","properties":{"name":"Guapi","rank":5,"capital":0},"geometry":{"type":"Point","coordinates":[-77.86,2.56]}},{"type":"Feature","properties":{"name":"Neiva","rank":5,"capital":0},"geometry":{"type":"Point","coordinates":[-75.33,2.931]}},{"type":"Feature","properties":{"name":"Garz\u00f3n","rank":5,"capital":0},"geometry":{"type":"Point","coordinates":[-75.65,2.21]}},{"type":"Feature","properties":{"name":"Ipiales","rank":5,"capital":0},"geometry":{"type":"Point","coordinates":[-77.65,0.83]}},{"type":"Feature","properties":{"name":"Buenaventura","rank":5,"capital":0},"geometry":{"type":"Point","coordinates":[-77.05,3.872]}},{"type":"Feature","properties":{"name":"Tulu\u00e1","rank":5,"capital":0},"geometry":{"type":"Point","coordinates":[-76.21,4.09]}},{"type":"Feature","properties":{"name":"El Carmen de Bol\u00edvar","rank":5,"capital":0},"geometry":{"type":"Point","coordinates":[-75.13,9.72]}},{"type":"Feature","properties":{"name":"Jurad\u00f3","rank":5,"capital":0},"geometry":{"type":"Point","coordinates":[-77.756,7.122]}},{"type":"Feature","properties":{"name":"Nuqu\u00ed","rank":5,"capital":0},"geometry":{"type":"Point","coordinates":[-77.275,5.685]}},{"type":"Feature","properties":{"name":"Quibd\u00f3","rank":5,"capital":0},"geometry":{"type":"Point","coordinates":[-76.66,5.69]}},{"type":"Feature","properties":{"name":"El Banco","rank":5,"capital":0},"geometry":{"type":"Point","coordinates":[-73.98,9.0]}},{"type":"Feature","properties":{"name":"Ci\u00e9naga","rank":5,"capital":0},"geometry":{"type":"Point","coordinates":[-74.25,11.01]}},{"type":"Feature","properties":{"name":"Sincelejo","rank":5,"capital":0},"geometry":{"type":"Point","coordinates":[-75.38,9.29]}},{"type":"Feature","properties":{"name":"Tol\u00fa","rank":5,"capital":0},"geometry":{"type":"Point","coordinates":[-75.572,9.536]}},{"type":"Feature","properties":{"name":"Arauca","rank":5,"capital":0},"geometry":{"type":"Point","coordinates":[-70.762,7.091]}},{"type":"Feature","properties":{"name":"Tame","rank":5,"capital":0},"geometry":{"type":"Point","coordinates":[-71.74,6.46]}},{"type":"Feature","properties":{"name":"Pamplona","rank":5,"capital":0},"geometry":{"type":"Point","coordinates":[-72.66,7.39]}},{"type":"Feature","properties":{"name":"Oca\u00f1a","rank":5,"capital":0},"geometry":{"type":"Point","coordinates":[-73.35,8.24]}},{"type":"Feature","properties":{"name":"Orocue","rank":5,"capital":0},"geometry":{"type":"Point","coordinates":[-71.34,4.795]}},{"type":"Feature","properties":{"name":"In\u00edrida","rank":5,"capital":0},"geometry":{"type":"Point","coordinates":[-67.906,3.854]}},{"type":"Feature","properties":{"name":"San Mart\u00edn","rank":5,"capital":0},"geometry":{"type":"Point","coordinates":[-73.69,3.69]}},{"type":"Feature","properties":{"name":"Puerto Carre\u00f1o","rank":5,"capital":0},"geometry":{"type":"Point","coordinates":[-67.493,6.185]}},{"type":"Feature","properties":{"name":"Zakho","rank":5,"capital":0},"geometry":{"type":"Point","coordinates":[42.687,37.145]}},{"type":"Feature","properties":{"name":"Tall Afar","rank":5,"capital":0},"geometry":{"type":"Point","coordinates":[42.45,36.376]}},{"type":"Feature","properties":{"name":"Tikrit","rank":5,"capital":0},"geometry":{"type":"Point","coordinates":[43.677,34.597]}},{"type":"Feature","properties":{"name":"Karbala","rank":5,"capital":0},"geometry":{"type":"Point","coordinates":[44.024,32.615]}},{"type":"Feature","properties":{"name":"Qomsheh","rank":5,"capital":0},"geometry":{"type":"Point","coordinates":[51.86,32.011]}},{"type":"Feature","properties":{"name":"Kashan","rank":5,"capital":0},"geometry":{"type":"Point","coordinates":[51.58,33.98]}},{"type":"Feature","properties":{"name":"Khomeini Shahr","rank":5,"capital":0},"geometry":{"type":"Point","coordinates":[51.47,32.7]}},{"type":"Feature","properties":{"name":"Fasa","rank":5,"capital":0},"geometry":{"type":"Point","coordinates":[53.671,28.972]}},{"type":"Feature","properties":{"name":"Gonbad-e Kavus","rank":5,"capital":0},"geometry":{"type":"Point","coordinates":[55.171,37.252]}},{"type":"Feature","properties":{"name":"Gorgan","rank":5,"capital":0},"geometry":{"type":"Point","coordinates":[54.48,36.83]}},{"type":"Feature","properties":{"name":"Amol","rank":5,"capital":0},"geometry":{"type":"Point","coordinates":[52.363,36.471]}},{"type":"Feature","properties":{"name":"Sari","rank":5,"capital":0},"geometry":{"type":"Point","coordinates":[53.1,36.55]}},{"type":"Feature","properties":{"name":"Semnan","rank":5,"capital":0},"geometry":{"type":"Point","coordinates":[53.374,35.555]}},{"type":"Feature","properties":{"name":"Karaj","rank":5,"capital":0},"geometry":{"type":"Point","coordinates":[50.968,35.802]}},{"type":"Feature","properties":{"name":"Behbehan","rank":5,"capital":0},"geometry":{"type":"Point","coordinates":[50.261,30.582]}},{"type":"Feature","properties":{"name":"Dezful","rank":5,"capital":0},"geometry":{"type":"Point","coordinates":[48.47,32.38]}},{"type":"Feature","properties":{"name":"Khorramabad","rank":5,"capital":0},"geometry":{"type":"Point","coordinates":[48.35,33.48]}},{"type":"Feature","properties":{"name":"Ilam","rank":5,"capital":0},"geometry":{"type":"Point","coordinates":[46.43,33.63]}},{"type":"Feature","properties":{"name":"As Samawah","rank":5,"capital":0},"geometry":{"type":"Point","coordinates":[45.28,31.31]}},{"type":"Feature","properties":{"name":"An Nasiriyah","rank":5,"capital":0},"geometry":{"type":"Point","coordinates":[46.268,31.043]}},{"type":"Feature","properties":{"name":"Al Amarah","rank":5,"capital":0},"geometry":{"type":"Point","coordinates":[47.151,31.842]}},{"type":"Feature","properties":{"name":"Al Kut","rank":5,"capital":0},"geometry":{"type":"Point","coordinates":[45.83,32.491]}},{"type":"Feature","properties":{"name":"Saveh","rank":5,"capital":0},"geometry":{"type":"Point","coordinates":[50.331,35.022]}},{"type":"Feature","properties":{"name":"Arak","rank":5,"capital":0},"geometry":{"type":"Point","coordinates":[49.7,34.08]}},{"type":"Feature","properties":{"name":"Mahabad","rank":5,"capital":0},"geometry":{"type":"Point","coordinates":[45.72,36.77]}},{"type":"Feature","properties":{"name":"Khvoy","rank":5,"capital":0},"geometry":{"type":"Point","coordinates":[44.97,38.53]}},{"type":"Feature","properties":{"name":"Maragheh","rank":5,"capital":0},"geometry":{"type":"Point","coordinates":[46.22,37.42]}},{"type":"Feature","properties":{"name":"Qasr-e Shirin","rank":5,"capital":0},"geometry":{"type":"Point","coordinates":[45.577,34.512]}},{"type":"Feature","properties":{"name":"Bijar","rank":5,"capital":0},"geometry":{"type":"Point","coordinates":[47.594,35.874]}},{"type":"Feature","properties":{"name":"As Sulaymaniyah","rank":5,"capital":0},"geometry":{"type":"Point","coordinates":[45.431,35.561]}},{"type":"Feature","properties":{"name":"Baqubah","rank":5,"capital":0},"geometry":{"type":"Point","coordinates":[44.657,33.748]}},{"type":"Feature","properties":{"name":"Yazdan","rank":5,"capital":0},"geometry":{"type":"Point","coordinates":[60.894,33.506]}},{"type":"Feature","properties":{"name":"Torbat-e Jam","rank":5,"capital":0},"geometry":{"type":"Point","coordinates":[60.613,35.223]}},{"type":"Feature","properties":{"name":"Quchan","rank":5,"capital":0},"geometry":{"type":"Point","coordinates":[58.501,37.112]}},{"type":"Feature","properties":{"name":"Chabahar","rank":5,"capital":0},"geometry":{"type":"Point","coordinates":[60.63,25.3]}},{"type":"Feature","properties":{"name":"Ar Rutbah","rank":5,"capital":0},"geometry":{"type":"Point","coordinates":[40.284,33.038]}},{"type":"Feature","properties":{"name":"Al Fallujah","rank":5,"capital":0},"geometry":{"type":"Point","coordinates":[43.777,33.348]}},{"type":"Feature","properties":{"name":"Al Hillah","rank":5,"capital":0},"geometry":{"type":"Point","coordinates":[44.422,32.472]}},{"type":"Feature","properties":{"name":"Balkh","rank":5,"capital":0},"geometry":{"type":"Point","coordinates":[66.9,36.75]}},{"type":"Feature","properties":{"name":"Meymaneh","rank":5,"capital":0},"geometry":{"type":"Point","coordinates":[64.77,35.93]}},{"type":"Feature","properties":{"name":"Andkhvoy","rank":5,"capital":0},"geometry":{"type":"Point","coordinates":[65.101,36.932]}},{"type":"Feature","properties":{"name":"Qalat","rank":5,"capital":0},"geometry":{"type":"Point","coordinates":[66.887,32.112]}},{"type":"Feature","properties":{"name":"Ghazni","rank":5,"capital":0},"geometry":{"type":"Point","coordinates":[68.418,33.563]}},{"type":"Feature","properties":{"name":"Feyzabad","rank":5,"capital":0},"geometry":{"type":"Point","coordinates":[70.579,37.13]}},{"type":"Feature","properties":{"name":"Kondoz","rank":5,"capital":0},"geometry":{"type":"Point","coordinates":[68.873,36.728]}},{"type":"Feature","properties":{"name":"Jalalabad","rank":5,"capital":0},"geometry":{"type":"Point","coordinates":[70.436,34.442]}},{"type":"Feature","properties":{"name":"Charikar","rank":5,"capital":0},"geometry":{"type":"Point","coordinates":[69.168,35.018]}},{"type":"Feature","properties":{"name":"Timimoun","rank":5,"capital":0},"geometry":{"type":"Point","coordinates":[0.27,29.237]}},{"type":"Feature","properties":{"name":"Sidi bel Abbes","rank":5,"capital":0},"geometry":{"type":"Point","coordinates":[-0.64,35.19]}},{"type":"Feature","properties":{"name":"Tlimcen","rank":5,"capital":0},"geometry":{"type":"Point","coordinates":[-1.32,34.89]}},{"type":"Feature","properties":{"name":"B\u00e9ni Ounif","rank":5,"capital":0},"geometry":{"type":"Point","coordinates":[-1.251,32.049]}},{"type":"Feature","properties":{"name":"Abadla","rank":5,"capital":0},"geometry":{"type":"Point","coordinates":[-2.733,31.017]}},{"type":"Feature","properties":{"name":"Sefra","rank":5,"capital":0},"geometry":{"type":"Point","coordinates":[-0.58,32.76]}},{"type":"Feature","properties":{"name":"Skikda","rank":5,"capital":0},"geometry":{"type":"Point","coordinates":[6.9,36.88]}},{"type":"Feature","properties":{"name":"Djanet","rank":5,"capital":0},"geometry":{"type":"Point","coordinates":[9.482,24.553]}},{"type":"Feature","properties":{"name":"I-n-Amenas","rank":5,"capital":0},"geometry":{"type":"Point","coordinates":[9.55,28.05]}},{"type":"Feature","properties":{"name":"In Amguel","rank":5,"capital":0},"geometry":{"type":"Point","coordinates":[5.165,23.694]}},{"type":"Feature","properties":{"name":"El Bayadh","rank":5,"capital":0},"geometry":{"type":"Point","coordinates":[1.01,33.69]}},{"type":"Feature","properties":{"name":"El Oued","rank":5,"capital":0},"geometry":{"type":"Point","coordinates":[6.86,33.37]}},{"type":"Feature","properties":{"name":"Hassi Messaoud","rank":5,"capital":0},"geometry":{"type":"Point","coordinates":[6.054,31.702]}},{"type":"Feature","properties":{"name":"Chlef","rank":5,"capital":0},"geometry":{"type":"Point","coordinates":[1.32,36.17]}},{"type":"Feature","properties":{"name":"Mascara","rank":5,"capital":0},"geometry":{"type":"Point","coordinates":[0.14,35.4]}},{"type":"Feature","properties":{"name":"Mostaganem","rank":5,"capital":0},"geometry":{"type":"Point","coordinates":[0.09,35.94]}},{"type":"Feature","properties":{"name":"Sa\u00efda","rank":5,"capital":0},"geometry":{"type":"Point","coordinates":[0.14,34.84]}},{"type":"Feature","properties":{"name":"Tiarat","rank":5,"capital":0},"geometry":{"type":"Point","coordinates":[1.32,35.38]}},{"type":"Feature","properties":{"name":"B\u00e9ja\u00efa","rank":5,"capital":0},"geometry":{"type":"Point","coordinates":[5.07,36.76]}},{"type":"Feature","properties":{"name":"Blida","rank":5,"capital":0},"geometry":{"type":"Point","coordinates":[2.83,36.42]}},{"type":"Feature","properties":{"name":"Bou\u00efra","rank":5,"capital":0},"geometry":{"type":"Point","coordinates":[3.9,36.38]}},{"type":"Feature","properties":{"name":"M\u00e9d\u00e9a","rank":5,"capital":0},"geometry":{"type":"Point","coordinates":[2.77,36.27]}},{"type":"Feature","properties":{"name":"Souk Ahras","rank":5,"capital":0},"geometry":{"type":"Point","coordinates":[7.95,36.29]}},{"type":"Feature","properties":{"name":"T\u00e9bessa","rank":5,"capital":0},"geometry":{"type":"Point","coordinates":[8.12,35.41]}},{"type":"Feature","properties":{"name":"Myingyan","rank":5,"capital":0},"geometry":{"type":"Point","coordinates":[95.391,21.462]}},{"type":"Feature","properties":{"name":"Letpadan","rank":5,"capital":0},"geometry":{"type":"Point","coordinates":[95.741,17.782]}},{"type":"Feature","properties":{"name":"Taungoo","rank":5,"capital":0},"geometry":{"type":"Point","coordinates":[96.418,18.948]}},{"type":"Feature","properties":{"name":"Thongwa","rank":5,"capital":0},"geometry":{"type":"Point","coordinates":[96.519,16.755]}},{"type":"Feature","properties":{"name":"Mudon","rank":5,"capital":0},"geometry":{"type":"Point","coordinates":[97.721,16.262]}},{"type":"Feature","properties":{"name":"Ye","rank":5,"capital":0},"geometry":{"type":"Point","coordinates":[97.868,15.253]}},{"type":"Feature","properties":{"name":"Mawlamyine","rank":5,"capital":0},"geometry":{"type":"Point","coordinates":[97.67,16.5]}},{"type":"Feature","properties":{"name":"Kyaukphyu","rank":5,"capital":0},"geometry":{"type":"Point","coordinates":[93.549,19.429]}},{"type":"Feature","properties":{"name":"Wakema","rank":5,"capital":0},"geometry":{"type":"Point","coordinates":[95.183,16.613]}},{"type":"Feature","properties":{"name":"Labutta","rank":5,"capital":0},"geometry":{"type":"Point","coordinates":[94.701,16.162]}},{"type":"Feature","properties":{"name":"Phyarpon","rank":5,"capital":0},"geometry":{"type":"Point","coordinates":[95.683,16.293]}},{"type":"Feature","properties":{"name":"Yandoon","rank":5,"capital":0},"geometry":{"type":"Point","coordinates":[95.643,17.043]}},{"type":"Feature","properties":{"name":"Hinthada","rank":5,"capital":0},"geometry":{"type":"Point","coordinates":[95.468,17.648]}},{"type":"Feature","properties":{"name":"Pathein","rank":5,"capital":0},"geometry":{"type":"Point","coordinates":[94.75,16.77]}},{"type":"Feature","properties":{"name":"Allanmyo","rank":5,"capital":0},"geometry":{"type":"Point","coordinates":[95.228,19.378]}},{"type":"Feature","properties":{"name":"Yaynangyoung","rank":5,"capital":0},"geometry":{"type":"Point","coordinates":[94.881,20.461]}},{"type":"Feature","properties":{"name":"Chauk","rank":5,"capital":0},"geometry":{"type":"Point","coordinates":[94.823,20.908]}},{"type":"Feature","properties":{"name":"Pakokku","rank":5,"capital":0},"geometry":{"type":"Point","coordinates":[95.087,21.332]}},{"type":"Feature","properties":{"name":"Namtu","rank":5,"capital":0},"geometry":{"type":"Point","coordinates":[97.4,23.084]}},{"type":"Feature","properties":{"name":"Dawei","rank":5,"capital":0},"geometry":{"type":"Point","coordinates":[98.195,14.098]}},{"type":"Feature","properties":{"name":"Shwebo","rank":5,"capital":0},"geometry":{"type":"Point","coordinates":[95.693,22.578]}},{"type":"Feature","properties":{"name":"Gardiz","rank":5,"capital":0},"geometry":{"type":"Point","coordinates":[69.215,33.6]}},{"type":"Feature","properties":{"name":"Zaporizhzhya","rank":5,"capital":0},"geometry":{"type":"Point","coordinates":[35.175,47.859]}},{"type":"Feature","properties":{"name":"Khon Kaen","rank":5,"capital":0},"geometry":{"type":"Point","coordinates":[102.83,16.42]}},{"type":"Feature","properties":{"name":"Th\u00e1i Nguy\u00ean","rank":5,"capital":0},"geometry":{"type":"Point","coordinates":[105.83,21.6]}},{"type":"Feature","properties":{"name":"Thanh H\u00f3a","rank":5,"capital":0},"geometry":{"type":"Point","coordinates":[105.8,19.82]}},{"type":"Feature","properties":{"name":"Nam \u0110\u1ecbnh","rank":5,"capital":0},"geometry":{"type":"Point","coordinates":[106.2,20.42]}},{"type":"Feature","properties":{"name":"Vinh","rank":5,"capital":0},"geometry":{"type":"Point","coordinates":[105.68,18.7]}},{"type":"Feature","properties":{"name":"\u0110\u1ed3ng H\u1edbi","rank":5,"capital":0},"geometry":{"type":"Point","coordinates":[106.6,17.483]}},{"type":"Feature","properties":{"name":"Edinburgh","rank":5,"capital":0},"geometry":{"type":"Point","coordinates":[-3.219,55.948]}},{"type":"Feature","properties":{"name":"Newcastle","rank":5,"capital":0},"geometry":{"type":"Point","coordinates":[-1.612,54.99]}},{"type":"Feature","properties":{"name":"Liverpool","rank":5,"capital":0},"geometry":{"type":"Point","coordinates":[-2.962,53.405]}},{"type":"Feature","properties":{"name":"Cardiff","rank":5,"capital":0},"geometry":{"type":"Point","coordinates":[-3.168,51.483]}},{"type":"Feature","properties":{"name":"Adapazar\u0131","rank":5,"capital":0},"geometry":{"type":"Point","coordinates":[30.415,40.8]}},{"type":"Feature","properties":{"name":"Trabzon","rank":5,"capital":0},"geometry":{"type":"Point","coordinates":[39.72,40.98]}},{"type":"Feature","properties":{"name":"Wick","rank":5,"capital":0},"geometry":{"type":"Point","coordinates":[-3.083,58.433]}},{"type":"Feature","properties":{"name":"Leeds","rank":5,"capital":0},"geometry":{"type":"Point","coordinates":[-1.551,53.79]}},{"type":"Feature","properties":{"name":"\u015eanl\u0131urfa","rank":5,"capital":0},"geometry":{"type":"Point","coordinates":[38.795,37.17]}},{"type":"Feature","properties":{"name":"Kasese","rank":5,"capital":0},"geometry":{"type":"Point","coordinates":[30.081,0.171]}},{"type":"Feature","properties":{"name":"Chiclayo","rank":5,"capital":0},"geometry":{"type":"Point","coordinates":[-79.837,-6.763]}},{"type":"Feature","properties":{"name":"Juliaca","rank":5,"capital":0},"geometry":{"type":"Point","coordinates":[-70.14,-15.5]}},{"type":"Feature","properties":{"name":"Cerro de Pasco","rank":5,"capital":0},"geometry":{"type":"Point","coordinates":[-76.27,-10.69]}},{"type":"Feature","properties":{"name":"Tarapoto","rank":5,"capital":0},"geometry":{"type":"Point","coordinates":[-76.48,-6.51]}},{"type":"Feature","properties":{"name":"Ayacucho","rank":5,"capital":0},"geometry":{"type":"Point","coordinates":[-74.22,-13.175]}},{"type":"Feature","properties":{"name":"Callao","rank":5,"capital":0},"geometry":{"type":"Point","coordinates":[-77.135,-12.07]}},{"type":"Feature","properties":{"name":"Al Qunfudhah","rank":5,"capital":0},"geometry":{"type":"Point","coordinates":[41.079,19.126]}},{"type":"Feature","properties":{"name":"Hofuf","rank":5,"capital":0},"geometry":{"type":"Point","coordinates":[49.586,25.349]}},{"type":"Feature","properties":{"name":"Legazpi","rank":5,"capital":0},"geometry":{"type":"Point","coordinates":[123.75,13.17]}},{"type":"Feature","properties":{"name":"Tuguegarao","rank":5,"capital":0},"geometry":{"type":"Point","coordinates":[121.727,17.613]}},{"type":"Feature","properties":{"name":"Vigan","rank":5,"capital":0},"geometry":{"type":"Point","coordinates":[120.387,17.575]}},{"type":"Feature","properties":{"name":"Bello","rank":5,"capital":0},"geometry":{"type":"Point","coordinates":[-75.57,6.33]}},{"type":"Feature","properties":{"name":"Monter\u00eda","rank":5,"capital":0},"geometry":{"type":"Point","coordinates":[-75.89,8.758]}},{"type":"Feature","properties":{"name":"Bucaramanga","rank":5,"capital":0},"geometry":{"type":"Point","coordinates":[-73.128,7.132]}},{"type":"Feature","properties":{"name":"Ibagu\u00e9","rank":5,"capital":0},"geometry":{"type":"Point","coordinates":[-75.232,4.439]}},{"type":"Feature","properties":{"name":"Popay\u00e1n","rank":5,"capital":0},"geometry":{"type":"Point","coordinates":[-76.61,2.42]}},{"type":"Feature","properties":{"name":"Santa Marta","rank":5,"capital":0},"geometry":{"type":"Point","coordinates":[-74.202,11.247]}},{"type":"Feature","properties":{"name":"C\u00facuta","rank":5,"capital":0},"geometry":{"type":"Point","coordinates":[-72.52,7.92]}},{"type":"Feature","properties":{"name":"Villavicencio","rank":5,"capital":0},"geometry":{"type":"Point","coordinates":[-73.635,4.153]}},{"type":"Feature","properties":{"name":"Irbil","rank":5,"capital":0},"geometry":{"type":"Point","coordinates":[44.007,36.181]}},{"type":"Feature","properties":{"name":"Kashmar","rank":5,"capital":0},"geometry":{"type":"Point","coordinates":[58.451,35.181]}},{"type":"Feature","properties":{"name":"Bam","rank":5,"capital":0},"geometry":{"type":"Point","coordinates":[58.362,29.108]}},{"type":"Feature","properties":{"name":"Kerman","rank":5,"capital":0},"geometry":{"type":"Point","coordinates":[57.08,30.3]}},{"type":"Feature","properties":{"name":"Yalta","rank":5,"capital":0},"geometry":{"type":"Point","coordinates":[34.159,44.499]}},{"type":"Feature","properties":{"name":"Chernobyl","rank":5,"capital":0},"geometry":{"type":"Point","coordinates":[30.099,51.389]}},{"type":"Feature","properties":{"name":"Sumy","rank":5,"capital":0},"geometry":{"type":"Point","coordinates":[34.781,50.924]}},{"type":"Feature","properties":{"name":"Mariupol","rank":5,"capital":0},"geometry":{"type":"Point","coordinates":[37.556,47.096]}},{"type":"Feature","properties":{"name":"Phuket","rank":5,"capital":0},"geometry":{"type":"Point","coordinates":[98.382,7.877]}},{"type":"Feature","properties":{"name":"Play Ku","rank":5,"capital":0},"geometry":{"type":"Point","coordinates":[108.0,13.983]}},{"type":"Feature","properties":{"name":"Nha Trang","rank":5,"capital":0},"geometry":{"type":"Point","coordinates":[109.17,12.25]}},{"type":"Feature","properties":{"name":"Cam Ranh","rank":5,"capital":0},"geometry":{"type":"Point","coordinates":[109.221,11.902]}},{"type":"Feature","properties":{"name":"Qui Nhon","rank":5,"capital":0},"geometry":{"type":"Point","coordinates":[109.18,13.78]}},{"type":"Feature","properties":{"name":"Hue","rank":5,"capital":0},"geometry":{"type":"Point","coordinates":[107.58,16.47]}},{"type":"Feature","properties":{"name":"Bi\u00ean H\u00f2a","rank":5,"capital":0},"geometry":{"type":"Point","coordinates":[106.83,10.97]}},{"type":"Feature","properties":{"name":"Can Tho","rank":5,"capital":0},"geometry":{"type":"Point","coordinates":[105.77,10.05]}},{"type":"Feature","properties":{"name":"Bamian","rank":5,"capital":0},"geometry":{"type":"Point","coordinates":[67.823,34.813]}},{"type":"Feature","properties":{"name":"Baghlan","rank":5,"capital":0},"geometry":{"type":"Point","coordinates":[68.699,36.139]}},{"type":"Feature","properties":{"name":"Eski\u015fehir","rank":5,"capital":0},"geometry":{"type":"Point","coordinates":[30.53,39.795]}},{"type":"Feature","properties":{"name":"Antalya","rank":5,"capital":0},"geometry":{"type":"Point","coordinates":[30.698,36.892]}},{"type":"Feature","properties":{"name":"Kayseri","rank":5,"capital":0},"geometry":{"type":"Point","coordinates":[35.49,38.735]}},{"type":"Feature","properties":{"name":"Lerwick","rank":5,"capital":0},"geometry":{"type":"Point","coordinates":[-1.15,60.15]}},{"type":"Feature","properties":{"name":"Gaziantep","rank":5,"capital":0},"geometry":{"type":"Point","coordinates":[37.383,37.077]}},{"type":"Feature","properties":{"name":"Bago","rank":5,"capital":0},"geometry":{"type":"Point","coordinates":[96.515,17.32]}},{"type":"Feature","properties":{"name":"Pyu","rank":5,"capital":0},"geometry":{"type":"Point","coordinates":[96.438,18.478]}},{"type":"Feature","properties":{"name":"Pyay","rank":5,"capital":0},"geometry":{"type":"Point","coordinates":[95.211,18.816]}},{"type":"Feature","properties":{"name":"Magway","rank":5,"capital":0},"geometry":{"type":"Point","coordinates":[94.92,20.145]}},{"type":"Feature","properties":{"name":"Myitkyina","rank":5,"capital":0},"geometry":{"type":"Point","coordinates":[97.393,25.36]}},{"type":"Feature","properties":{"name":"Monywa","rank":5,"capital":0},"geometry":{"type":"Point","coordinates":[95.15,22.105]}},{"type":"Feature","properties":{"name":"Aweil","rank":5,"capital":0},"geometry":{"type":"Point","coordinates":[27.4,8.767]}},{"type":"Feature","properties":{"name":"Tokar","rank":5,"capital":0},"geometry":{"type":"Point","coordinates":[37.733,18.433]}},{"type":"Feature","properties":{"name":"Nakhon Si Thammarat","rank":5,"capital":0},"geometry":{"type":"Point","coordinates":[99.97,8.4]}},{"type":"Feature","properties":{"name":"Songkhla","rank":5,"capital":0},"geometry":{"type":"Point","coordinates":[100.56,7.21]}},{"type":"Feature","properties":{"name":"Hat Yai","rank":5,"capital":0},"geometry":{"type":"Point","coordinates":[100.471,6.996]}},{"type":"Feature","properties":{"name":"Nakhon Sawan","rank":5,"capital":0},"geometry":{"type":"Point","coordinates":[100.07,15.7]}},{"type":"Feature","properties":{"name":"Ubon Ratchathani","rank":5,"capital":0},"geometry":{"type":"Point","coordinates":[104.83,15.25]}},{"type":"Feature","properties":{"name":"Paita","rank":5,"capital":0},"geometry":{"type":"Point","coordinates":[-81.12,-5.09]}},{"type":"Feature","properties":{"name":"Talara","rank":5,"capital":0},"geometry":{"type":"Point","coordinates":[-81.28,-4.58]}},{"type":"Feature","properties":{"name":"Tumbes","rank":5,"capital":0},"geometry":{"type":"Point","coordinates":[-80.46,-3.57]}},{"type":"Feature","properties":{"name":"Puerto Maldonado","rank":5,"capital":0},"geometry":{"type":"Point","coordinates":[-69.183,-12.6]}},{"type":"Feature","properties":{"name":"Ilo","rank":5,"capital":0},"geometry":{"type":"Point","coordinates":[-71.34,-17.64]}},{"type":"Feature","properties":{"name":"Moquegua","rank":5,"capital":0},"geometry":{"type":"Point","coordinates":[-70.94,-17.19]}},{"type":"Feature","properties":{"name":"Huaraz","rank":5,"capital":0},"geometry":{"type":"Point","coordinates":[-77.53,-9.53]}},{"type":"Feature","properties":{"name":"Cajamarca","rank":5,"capital":0},"geometry":{"type":"Point","coordinates":[-78.53,-7.15]}},{"type":"Feature","properties":{"name":"Hu\u00e1nuco","rank":5,"capital":0},"geometry":{"type":"Point","coordinates":[-76.24,-9.92]}},{"type":"Feature","properties":{"name":"Pacasmayo","rank":5,"capital":0},"geometry":{"type":"Point","coordinates":[-79.571,-7.401]}},{"type":"Feature","properties":{"name":"Salaverry","rank":5,"capital":0},"geometry":{"type":"Point","coordinates":[-78.99,-8.22]}},{"type":"Feature","properties":{"name":"Gueppi","rank":5,"capital":0},"geometry":{"type":"Point","coordinates":[-75.23,-0.117]}},{"type":"Feature","properties":{"name":"Contamana","rank":5,"capital":0},"geometry":{"type":"Point","coordinates":[-75.02,-7.34]}},{"type":"Feature","properties":{"name":"Huancavelica","rank":5,"capital":0},"geometry":{"type":"Point","coordinates":[-74.99,-12.79]}},{"type":"Feature","properties":{"name":"Pisco","rank":5,"capital":0},"geometry":{"type":"Point","coordinates":[-76.22,-13.71]}},{"type":"Feature","properties":{"name":"Nasca","rank":5,"capital":0},"geometry":{"type":"Point","coordinates":[-74.94,-14.83]}},{"type":"Feature","properties":{"name":"Al Wajh","rank":5,"capital":0},"geometry":{"type":"Point","coordinates":[36.464,26.232]}},{"type":"Feature","properties":{"name":"Rumbek","rank":5,"capital":0},"geometry":{"type":"Point","coordinates":[29.683,6.8]}},{"type":"Feature","properties":{"name":"Yambio","rank":5,"capital":0},"geometry":{"type":"Point","coordinates":[28.416,4.571]}},{"type":"Feature","properties":{"name":"Bor","rank":5,"capital":0},"geometry":{"type":"Point","coordinates":[31.559,6.207]}},{"type":"Feature","properties":{"name":"Medani","rank":5,"capital":0},"geometry":{"type":"Point","coordinates":[33.52,14.4]}},{"type":"Feature","properties":{"name":"Gedaref","rank":5,"capital":0},"geometry":{"type":"Point","coordinates":[35.38,14.04]}},{"type":"Feature","properties":{"name":"Ad-Damir","rank":5,"capital":0},"geometry":{"type":"Point","coordinates":[33.96,17.59]}},{"type":"Feature","properties":{"name":"Atbarah","rank":5,"capital":0},"geometry":{"type":"Point","coordinates":[33.98,17.71]}},{"type":"Feature","properties":{"name":"Wadi Halfa","rank":5,"capital":0},"geometry":{"type":"Point","coordinates":[31.35,21.8]}},{"type":"Feature","properties":{"name":"Merowe","rank":5,"capital":0},"geometry":{"type":"Point","coordinates":[31.817,18.483]}},{"type":"Feature","properties":{"name":"Kosti","rank":5,"capital":0},"geometry":{"type":"Point","coordinates":[32.66,13.17]}},{"type":"Feature","properties":{"name":"Sennar","rank":5,"capital":0},"geometry":{"type":"Point","coordinates":[33.6,13.55]}},{"type":"Feature","properties":{"name":"El Fasher","rank":5,"capital":0},"geometry":{"type":"Point","coordinates":[25.35,13.63]}},{"type":"Feature","properties":{"name":"Kadugli","rank":5,"capital":0},"geometry":{"type":"Point","coordinates":[29.7,11.01]}},{"type":"Feature","properties":{"name":"Abha","rank":5,"capital":0},"geometry":{"type":"Point","coordinates":[42.5,18.23]}},{"type":"Feature","properties":{"name":"Jizan","rank":5,"capital":0},"geometry":{"type":"Point","coordinates":[42.557,16.907]}},{"type":"Feature","properties":{"name":"Nimule","rank":5,"capital":0},"geometry":{"type":"Point","coordinates":[32.05,3.6]}},{"type":"Feature","properties":{"name":"As Sulayyil","rank":5,"capital":0},"geometry":{"type":"Point","coordinates":[45.572,20.462]}},{"type":"Feature","properties":{"name":"Tangier","rank":5,"capital":0},"geometry":{"type":"Point","coordinates":[-5.806,35.776]}},{"type":"Feature","properties":{"name":"Agadir","rank":5,"capital":0},"geometry":{"type":"Point","coordinates":[-9.62,30.44]}},{"type":"Feature","properties":{"name":"Bacolod","rank":5,"capital":0},"geometry":{"type":"Point","coordinates":[122.982,10.632]}},{"type":"Feature","properties":{"name":"Roxas","rank":5,"capital":0},"geometry":{"type":"Point","coordinates":[122.751,11.585]}},{"type":"Feature","properties":{"name":"Puerto Princesa","rank":5,"capital":0},"geometry":{"type":"Point","coordinates":[118.744,9.754]}},{"type":"Feature","properties":{"name":"Naga","rank":5,"capital":0},"geometry":{"type":"Point","coordinates":[123.181,13.619]}},{"type":"Feature","properties":{"name":"Angeles","rank":5,"capital":0},"geometry":{"type":"Point","coordinates":[120.545,15.145]}},{"type":"Feature","properties":{"name":"Batangas","rank":5,"capital":0},"geometry":{"type":"Point","coordinates":[121.022,13.782]}},{"type":"Feature","properties":{"name":"Cotabato","rank":5,"capital":0},"geometry":{"type":"Point","coordinates":[124.248,7.217]}},{"type":"Feature","properties":{"name":"Calbayog","rank":5,"capital":0},"geometry":{"type":"Point","coordinates":[124.604,12.067]}},{"type":"Feature","properties":{"name":"Cagayan de Oro","rank":5,"capital":0},"geometry":{"type":"Point","coordinates":[124.685,8.451]}},{"type":"Feature","properties":{"name":"\u0141\u00f3d\u017a","rank":5,"capital":0},"geometry":{"type":"Point","coordinates":[19.458,51.768]}},{"type":"Feature","properties":{"name":"Tabora","rank":5,"capital":0},"geometry":{"type":"Point","coordinates":[32.8,-5.02]}},{"type":"Feature","properties":{"name":"Lindi","rank":5,"capital":0},"geometry":{"type":"Point","coordinates":[39.7,-10.0]}},{"type":"Feature","properties":{"name":"Songea","rank":5,"capital":0},"geometry":{"type":"Point","coordinates":[35.65,-10.68]}},{"type":"Feature","properties":{"name":"Tanga","rank":5,"capital":0},"geometry":{"type":"Point","coordinates":[39.09,-5.07]}},{"type":"Feature","properties":{"name":"Goulimine","rank":5,"capital":0},"geometry":{"type":"Point","coordinates":[-10.07,28.98]}},{"type":"Feature","properties":{"name":"Smara","rank":5,"capital":0},"geometry":{"type":"Point","coordinates":[-11.683,26.733]}},{"type":"Feature","properties":{"name":"Ad Dakhla","rank":5,"capital":0},"geometry":{"type":"Point","coordinates":[-15.937,23.714]}},{"type":"Feature","properties":{"name":"Babanusa","rank":5,"capital":0},"geometry":{"type":"Point","coordinates":[27.8,11.333]}},{"type":"Feature","properties":{"name":"Marsabit","rank":5,"capital":0},"geometry":{"type":"Point","coordinates":[37.98,2.33]}},{"type":"Feature","properties":{"name":"Moyale","rank":5,"capital":0},"geometry":{"type":"Point","coordinates":[39.05,3.52]}},{"type":"Feature","properties":{"name":"Nakuru","rank":5,"capital":0},"geometry":{"type":"Point","coordinates":[36.07,-0.28]}},{"type":"Feature","properties":{"name":"Lamu","rank":5,"capital":0},"geometry":{"type":"Point","coordinates":[40.92,-2.262]}},{"type":"Feature","properties":{"name":"Malindi","rank":5,"capital":0},"geometry":{"type":"Point","coordinates":[40.1,-3.21]}},{"type":"Feature","properties":{"name":"Kisumu","rank":5,"capital":0},"geometry":{"type":"Point","coordinates":[34.75,-0.09]}},{"type":"Feature","properties":{"name":"Tumaco","rank":5,"capital":0},"geometry":{"type":"Point","coordinates":[-78.81,1.81]}},{"type":"Feature","properties":{"name":"Bandar-e Bushehr","rank":5,"capital":0},"geometry":{"type":"Point","coordinates":[50.83,28.92]}},{"type":"Feature","properties":{"name":"Abadan","rank":5,"capital":0},"geometry":{"type":"Point","coordinates":[48.28,30.331]}},{"type":"Feature","properties":{"name":"Ardabil","rank":5,"capital":0},"geometry":{"type":"Point","coordinates":[48.3,38.25]}},{"type":"Feature","properties":{"name":"Qom","rank":5,"capital":0},"geometry":{"type":"Point","coordinates":[50.948,34.652]}},{"type":"Feature","properties":{"name":"Qazvin","rank":5,"capital":0},"geometry":{"type":"Point","coordinates":[50.0,36.27]}},{"type":"Feature","properties":{"name":"Kermanshah","rank":5,"capital":0},"geometry":{"type":"Point","coordinates":[47.058,34.382]}},{"type":"Feature","properties":{"name":"Rasht","rank":5,"capital":0},"geometry":{"type":"Point","coordinates":[49.63,37.3]}},{"type":"Feature","properties":{"name":"Birjand","rank":5,"capital":0},"geometry":{"type":"Point","coordinates":[59.22,32.88]}},{"type":"Feature","properties":{"name":"Sabzewar","rank":5,"capital":0},"geometry":{"type":"Point","coordinates":[57.63,36.22]}},{"type":"Feature","properties":{"name":"Zabol","rank":5,"capital":0},"geometry":{"type":"Point","coordinates":[61.481,31.021]}},{"type":"Feature","properties":{"name":"Zahedan","rank":5,"capital":0},"geometry":{"type":"Point","coordinates":[60.83,29.5]}},{"type":"Feature","properties":{"name":"Farah","rank":5,"capital":0},"geometry":{"type":"Point","coordinates":[62.097,32.392]}},{"type":"Feature","properties":{"name":"Adrar","rank":5,"capital":0},"geometry":{"type":"Point","coordinates":[-0.29,27.87]}},{"type":"Feature","properties":{"name":"Reggane","rank":5,"capital":0},"geometry":{"type":"Point","coordinates":[0.167,26.7]}},{"type":"Feature","properties":{"name":"B\u00e9char","rank":5,"capital":0},"geometry":{"type":"Point","coordinates":[-2.23,31.611]}},{"type":"Feature","properties":{"name":"Tindouf","rank":5,"capital":0},"geometry":{"type":"Point","coordinates":[-8.148,27.674]}},{"type":"Feature","properties":{"name":"Illizi","rank":5,"capital":0},"geometry":{"type":"Point","coordinates":[8.467,26.483]}},{"type":"Feature","properties":{"name":"Arak","rank":5,"capital":0},"geometry":{"type":"Point","coordinates":[3.75,25.28]}},{"type":"Feature","properties":{"name":"I-n-Salah","rank":5,"capital":0},"geometry":{"type":"Point","coordinates":[2.467,27.217]}},{"type":"Feature","properties":{"name":"El Gol\u00e9a","rank":5,"capital":0},"geometry":{"type":"Point","coordinates":[2.883,30.567]}},{"type":"Feature","properties":{"name":"Laghouat","rank":5,"capital":0},"geometry":{"type":"Point","coordinates":[2.88,33.81]}},{"type":"Feature","properties":{"name":"Touggourt","rank":5,"capital":0},"geometry":{"type":"Point","coordinates":[6.06,33.1]}},{"type":"Feature","properties":{"name":"Ouargla","rank":5,"capital":0},"geometry":{"type":"Point","coordinates":[5.34,31.97]}},{"type":"Feature","properties":{"name":"Biskra","rank":5,"capital":0},"geometry":{"type":"Point","coordinates":[5.73,34.86]}},{"type":"Feature","properties":{"name":"Djelfa","rank":5,"capital":0},"geometry":{"type":"Point","coordinates":[3.25,34.68]}},{"type":"Feature","properties":{"name":"S\u00e9tif","rank":5,"capital":0},"geometry":{"type":"Point","coordinates":[5.4,36.18]}},{"type":"Feature","properties":{"name":"Batna","rank":5,"capital":0},"geometry":{"type":"Point","coordinates":[6.17,35.57]}},{"type":"Feature","properties":{"name":"Myeik","rank":5,"capital":0},"geometry":{"type":"Point","coordinates":[98.611,12.454]}},{"type":"Feature","properties":{"name":"Manchester","rank":5,"capital":0},"geometry":{"type":"Point","coordinates":[-2.249,53.475]}},{"type":"Feature","properties":{"name":"Lviv","rank":5,"capital":0},"geometry":{"type":"Point","coordinates":[24.03,49.835]}},{"type":"Feature","properties":{"name":"Odessa","rank":5,"capital":0},"geometry":{"type":"Point","coordinates":[30.708,46.492]}},{"type":"Feature","properties":{"name":"Zhytomyr","rank":5,"capital":0},"geometry":{"type":"Point","coordinates":[28.662,50.246]}},{"type":"Feature","properties":{"name":"Dnipro","rank":5,"capital":0},"geometry":{"type":"Point","coordinates":[34.998,48.482]}},{"type":"Feature","properties":{"name":"Donetsk","rank":5,"capital":0},"geometry":{"type":"Point","coordinates":[37.828,48.002]}},{"type":"Feature","properties":{"name":"Kharkiv","rank":5,"capital":0},"geometry":{"type":"Point","coordinates":[36.248,50.002]}},{"type":"Feature","properties":{"name":"Haiphong","rank":5,"capital":0},"geometry":{"type":"Point","coordinates":[106.678,20.832]}},{"type":"Feature","properties":{"name":"Da Nang","rank":5,"capital":0},"geometry":{"type":"Point","coordinates":[108.25,16.06]}},{"type":"Feature","properties":{"name":"Birmingham","rank":5,"capital":0},"geometry":{"type":"Point","coordinates":[-1.922,52.477]}},{"type":"Feature","properties":{"name":"Belfast","rank":5,"capital":0},"geometry":{"type":"Point","coordinates":[-5.928,54.594]}},{"type":"Feature","properties":{"name":"\u0130zmir","rank":5,"capital":0},"geometry":{"type":"Point","coordinates":[27.15,38.438]}},{"type":"Feature","properties":{"name":"Bursa","rank":5,"capital":0},"geometry":{"type":"Point","coordinates":[29.068,40.202]}},{"type":"Feature","properties":{"name":"Samsun","rank":5,"capital":0},"geometry":{"type":"Point","coordinates":[36.344,41.28]}},{"type":"Feature","properties":{"name":"Konya","rank":5,"capital":0},"geometry":{"type":"Point","coordinates":[32.473,37.877]}},{"type":"Feature","properties":{"name":"Adana","rank":5,"capital":0},"geometry":{"type":"Point","coordinates":[35.318,36.997]}},{"type":"Feature","properties":{"name":"Gulu","rank":5,"capital":0},"geometry":{"type":"Point","coordinates":[32.28,2.78]}},{"type":"Feature","properties":{"name":"Surat Thani","rank":5,"capital":0},"geometry":{"type":"Point","coordinates":[99.34,9.15]}},{"type":"Feature","properties":{"name":"Chiang Mai","rank":5,"capital":0},"geometry":{"type":"Point","coordinates":[98.98,18.8]}},{"type":"Feature","properties":{"name":"Nakhon Ratchasima","rank":5,"capital":0},"geometry":{"type":"Point","coordinates":[102.1,15.0]}},{"type":"Feature","properties":{"name":"Piura","rank":5,"capital":0},"geometry":{"type":"Point","coordinates":[-80.63,-5.21]}},{"type":"Feature","properties":{"name":"Arequipa","rank":5,"capital":0},"geometry":{"type":"Point","coordinates":[-71.532,-16.418]}},{"type":"Feature","properties":{"name":"Chimbote","rank":5,"capital":0},"geometry":{"type":"Point","coordinates":[-78.57,-9.07]}},{"type":"Feature","properties":{"name":"Pucallpa","rank":5,"capital":0},"geometry":{"type":"Point","coordinates":[-74.535,-8.369]}},{"type":"Feature","properties":{"name":"Iquitos","rank":5,"capital":0},"geometry":{"type":"Point","coordinates":[-73.25,-3.75]}},{"type":"Feature","properties":{"name":"Huancayo","rank":5,"capital":0},"geometry":{"type":"Point","coordinates":[-75.2,-12.08]}},{"type":"Feature","properties":{"name":"Geneina","rank":5,"capital":0},"geometry":{"type":"Point","coordinates":[22.44,13.45]}},{"type":"Feature","properties":{"name":"Medina","rank":5,"capital":0},"geometry":{"type":"Point","coordinates":[39.578,24.502]}},{"type":"Feature","properties":{"name":"Tabuk","rank":5,"capital":0},"geometry":{"type":"Point","coordinates":[36.555,28.384]}},{"type":"Feature","properties":{"name":"Juba","rank":5,"capital":0},"geometry":{"type":"Point","coordinates":[31.58,4.83]}},{"type":"Feature","properties":{"name":"Malakal","rank":5,"capital":0},"geometry":{"type":"Point","coordinates":[31.656,9.537]}},{"type":"Feature","properties":{"name":"Omdurman","rank":5,"capital":0},"geometry":{"type":"Point","coordinates":[32.48,15.617]}},{"type":"Feature","properties":{"name":"Al-Ubayyid","rank":5,"capital":0},"geometry":{"type":"Point","coordinates":[30.217,13.183]}},{"type":"Feature","properties":{"name":"Oujda","rank":5,"capital":0},"geometry":{"type":"Point","coordinates":[-1.91,34.69]}},{"type":"Feature","properties":{"name":"Safi","rank":5,"capital":0},"geometry":{"type":"Point","coordinates":[-9.24,32.32]}},{"type":"Feature","properties":{"name":"Zamboanga","rank":5,"capital":0},"geometry":{"type":"Point","coordinates":[122.078,6.922]}},{"type":"Feature","properties":{"name":"Laoag","rank":5,"capital":0},"geometry":{"type":"Point","coordinates":[120.594,18.199]}},{"type":"Feature","properties":{"name":"Baguio","rank":5,"capital":0},"geometry":{"type":"Point","coordinates":[120.57,16.43]}},{"type":"Feature","properties":{"name":"General Santos","rank":5,"capital":0},"geometry":{"type":"Point","coordinates":[125.175,6.111]}},{"type":"Feature","properties":{"name":"Gda\u0144sk","rank":5,"capital":0},"geometry":{"type":"Point","coordinates":[18.64,54.36]}},{"type":"Feature","properties":{"name":"Krak\u00f3w","rank":5,"capital":0},"geometry":{"type":"Point","coordinates":[19.958,50.062]}},{"type":"Feature","properties":{"name":"Mwanza","rank":5,"capital":0},"geometry":{"type":"Point","coordinates":[32.93,-2.52]}},{"type":"Feature","properties":{"name":"Morogoro","rank":5,"capital":0},"geometry":{"type":"Point","coordinates":[37.66,-6.82]}},{"type":"Feature","properties":{"name":"Dodoma","rank":5,"capital":0},"geometry":{"type":"Point","coordinates":[35.75,-6.183]}},{"type":"Feature","properties":{"name":"Arusha","rank":5,"capital":0},"geometry":{"type":"Point","coordinates":[36.67,-3.36]}},{"type":"Feature","properties":{"name":"Laayoune","rank":5,"capital":0},"geometry":{"type":"Point","coordinates":[-13.2,27.15]}},{"type":"Feature","properties":{"name":"Meru","rank":5,"capital":0},"geometry":{"type":"Point","coordinates":[37.64,0.06]}},{"type":"Feature","properties":{"name":"Eldoret","rank":5,"capital":0},"geometry":{"type":"Point","coordinates":[35.27,0.52]}},{"type":"Feature","properties":{"name":"Manizales","rank":5,"capital":0},"geometry":{"type":"Point","coordinates":[-75.52,5.06]}},{"type":"Feature","properties":{"name":"Pasto","rank":5,"capital":0},"geometry":{"type":"Point","coordinates":[-77.281,1.214]}},{"type":"Feature","properties":{"name":"Barranquilla","rank":5,"capital":0},"geometry":{"type":"Point","coordinates":[-74.802,10.962]}},{"type":"Feature","properties":{"name":"Kirkuk","rank":5,"capital":0},"geometry":{"type":"Point","coordinates":[44.392,35.472]}},{"type":"Feature","properties":{"name":"Mosul","rank":5,"capital":0},"geometry":{"type":"Point","coordinates":[43.143,36.347]}},{"type":"Feature","properties":{"name":"Najaf","rank":5,"capital":0},"geometry":{"type":"Point","coordinates":[44.335,32.0]}},{"type":"Feature","properties":{"name":"Yazd","rank":5,"capital":0},"geometry":{"type":"Point","coordinates":[54.37,31.92]}},{"type":"Feature","properties":{"name":"Ahvaz","rank":5,"capital":0},"geometry":{"type":"Point","coordinates":[48.718,31.282]}},{"type":"Feature","properties":{"name":"Basra","rank":5,"capital":0},"geometry":{"type":"Point","coordinates":[47.812,30.515]}},{"type":"Feature","properties":{"name":"Bandar-e-Abbas","rank":5,"capital":0},"geometry":{"type":"Point","coordinates":[56.272,27.204]}},{"type":"Feature","properties":{"name":"Hamadan","rank":5,"capital":0},"geometry":{"type":"Point","coordinates":[48.515,34.796]}},{"type":"Feature","properties":{"name":"Tabriz","rank":5,"capital":0},"geometry":{"type":"Point","coordinates":[46.299,38.088]}},{"type":"Feature","properties":{"name":"Herat","rank":5,"capital":0},"geometry":{"type":"Point","coordinates":[62.17,34.33]}},{"type":"Feature","properties":{"name":"Mazar-i-Sharif","rank":5,"capital":0},"geometry":{"type":"Point","coordinates":[67.1,36.7]}},{"type":"Feature","properties":{"name":"Annaba","rank":5,"capital":0},"geometry":{"type":"Point","coordinates":[7.76,36.92]}},{"type":"Feature","properties":{"name":"Constantine","rank":5,"capital":0},"geometry":{"type":"Point","coordinates":[6.6,36.36]}},{"type":"Feature","properties":{"name":"Mandalay","rank":5,"capital":0},"geometry":{"type":"Point","coordinates":[96.083,21.972]}},{"type":"Feature","properties":{"name":"Sittwe","rank":5,"capital":0},"geometry":{"type":"Point","coordinates":[92.88,20.14]}},{"type":"Feature","properties":{"name":"Sevastopol","rank":5,"capital":0},"geometry":{"type":"Point","coordinates":[33.524,44.604]}},{"type":"Feature","properties":{"name":"Glasgow","rank":5,"capital":0},"geometry":{"type":"Point","coordinates":[-4.239,55.862]}},{"type":"Feature","properties":{"name":"Kampala","rank":5,"capital":1},"geometry":{"type":"Point","coordinates":[32.581,0.319]}},{"type":"Feature","properties":{"name":"Port Sudan","rank":5,"capital":0},"geometry":{"type":"Point","coordinates":[37.216,19.616]}},{"type":"Feature","properties":{"name":"Cusco","rank":5,"capital":0},"geometry":{"type":"Point","coordinates":[-71.972,-13.525]}},{"type":"Feature","properties":{"name":"Tacna","rank":5,"capital":0},"geometry":{"type":"Point","coordinates":[-70.25,-18.0]}},{"type":"Feature","properties":{"name":"Trujillo","rank":5,"capital":0},"geometry":{"type":"Point","coordinates":[-79.02,-8.12]}},{"type":"Feature","properties":{"name":"Ica","rank":5,"capital":0},"geometry":{"type":"Point","coordinates":[-75.725,-14.068]}},{"type":"Feature","properties":{"name":"Nyala","rank":5,"capital":0},"geometry":{"type":"Point","coordinates":[24.89,12.06]}},{"type":"Feature","properties":{"name":"Wau","rank":5,"capital":0},"geometry":{"type":"Point","coordinates":[27.99,7.7]}},{"type":"Feature","properties":{"name":"Dongola","rank":5,"capital":0},"geometry":{"type":"Point","coordinates":[30.483,19.167]}},{"type":"Feature","properties":{"name":"Kassala","rank":5,"capital":0},"geometry":{"type":"Point","coordinates":[36.39,15.46]}},{"type":"Feature","properties":{"name":"Fez","rank":5,"capital":0},"geometry":{"type":"Point","coordinates":[-5.002,34.057]}},{"type":"Feature","properties":{"name":"Rabat","rank":5,"capital":1},"geometry":{"type":"Point","coordinates":[-6.836,34.025]}},{"type":"Feature","properties":{"name":"Marrakesh","rank":5,"capital":0},"geometry":{"type":"Point","coordinates":[-8.002,31.632]}},{"type":"Feature","properties":{"name":"Cebu","rank":5,"capital":0},"geometry":{"type":"Point","coordinates":[123.898,10.322]}},{"type":"Feature","properties":{"name":"Iloilo","rank":5,"capital":0},"geometry":{"type":"Point","coordinates":[122.545,10.705]}},{"type":"Feature","properties":{"name":"Davao","rank":5,"capital":0},"geometry":{"type":"Point","coordinates":[125.628,7.112]}},{"type":"Feature","properties":{"name":"Mbeya","rank":5,"capital":0},"geometry":{"type":"Point","coordinates":[33.43,-8.89]}},{"type":"Feature","properties":{"name":"Zanzibar","rank":5,"capital":0},"geometry":{"type":"Point","coordinates":[39.2,-6.16]}},{"type":"Feature","properties":{"name":"Mombasa","rank":5,"capital":0},"geometry":{"type":"Point","coordinates":[39.688,-4.038]}},{"type":"Feature","properties":{"name":"Cartagena","rank":5,"capital":0},"geometry":{"type":"Point","coordinates":[-75.516,10.402]}},{"type":"Feature","properties":{"name":"Mit\u00fa","rank":5,"capital":0},"geometry":{"type":"Point","coordinates":[-70.174,1.198]}},{"type":"Feature","properties":{"name":"Isfahan","rank":5,"capital":0},"geometry":{"type":"Point","coordinates":[51.698,32.702]}},{"type":"Feature","properties":{"name":"Shiraz","rank":5,"capital":0},"geometry":{"type":"Point","coordinates":[52.568,29.632]}},{"type":"Feature","properties":{"name":"Kandahar","rank":5,"capital":0},"geometry":{"type":"Point","coordinates":[65.695,31.61]}},{"type":"Feature","properties":{"name":"Oran","rank":5,"capital":0},"geometry":{"type":"Point","coordinates":[-0.622,35.712]}},{"type":"Feature","properties":{"name":"Tamanrasset","rank":5,"capital":0},"geometry":{"type":"Point","coordinates":[5.523,22.785]}},{"type":"Feature","properties":{"name":"Ghardaia","rank":5,"capital":0},"geometry":{"type":"Point","coordinates":[3.67,32.49]}},{"type":"Feature","properties":{"name":"Naypyidaw","rank":5,"capital":1},"geometry":{"type":"Point","coordinates":[96.117,19.769]}},{"type":"Feature","properties":{"name":"Hanoi","rank":5,"capital":1},"geometry":{"type":"Point","coordinates":[105.848,21.035]}},{"type":"Feature","properties":{"name":"Ho Chi Minh City","rank":5,"capital":0},"geometry":{"type":"Point","coordinates":[106.703,10.762]}},{"type":"Feature","properties":{"name":"Ankara","rank":5,"capital":1},"geometry":{"type":"Point","coordinates":[32.862,39.929]}},{"type":"Feature","properties":{"name":"Khartoum","rank":5,"capital":1},"geometry":{"type":"Point","coordinates":[32.532,15.59]}},{"type":"Feature","properties":{"name":"Jeddah","rank":5,"capital":0},"geometry":{"type":"Point","coordinates":[39.217,21.519]}},{"type":"Feature","properties":{"name":"Makkah","rank":5,"capital":0},"geometry":{"type":"Point","coordinates":[39.818,21.432]}},{"type":"Feature","properties":{"name":"Warsaw","rank":5,"capital":1},"geometry":{"type":"Point","coordinates":[21.005,52.231]}},{"type":"Feature","properties":{"name":"Dar es Salaam","rank":5,"capital":1},"geometry":{"type":"Point","coordinates":[39.266,-6.798]}},{"type":"Feature","properties":{"name":"Medell\u00edn","rank":5,"capital":0},"geometry":{"type":"Point","coordinates":[-75.577,6.277]}},{"type":"Feature","properties":{"name":"Cali","rank":5,"capital":0},"geometry":{"type":"Point","coordinates":[-76.502,3.402]}},{"type":"Feature","properties":{"name":"Mashhad","rank":5,"capital":0},"geometry":{"type":"Point","coordinates":[59.568,36.272]}},{"type":"Feature","properties":{"name":"Algiers","rank":5,"capital":1},"geometry":{"type":"Point","coordinates":[3.049,36.765]}},{"type":"Feature","properties":{"name":"Yangon","rank":5,"capital":0},"geometry":{"type":"Point","coordinates":[96.165,16.785]}},{"type":"Feature","properties":{"name":"Kyiv","rank":5,"capital":1},"geometry":{"type":"Point","coordinates":[30.515,50.435]}},{"type":"Feature","properties":{"name":"Bangkok","rank":5,"capital":1},"geometry":{"type":"Point","coordinates":[100.515,13.752]}},{"type":"Feature","properties":{"name":"Lima","rank":5,"capital":1},"geometry":{"type":"Point","coordinates":[-77.052,-12.046]}},{"type":"Feature","properties":{"name":"Casablanca","rank":5,"capital":0},"geometry":{"type":"Point","coordinates":[-7.618,33.602]}},{"type":"Feature","properties":{"name":"Manila","rank":5,"capital":1},"geometry":{"type":"Point","coordinates":[120.98,14.606]}},{"type":"Feature","properties":{"name":"Baghdad","rank":5,"capital":1},"geometry":{"type":"Point","coordinates":[44.392,33.341]}},{"type":"Feature","properties":{"name":"Tehran","rank":5,"capital":1},"geometry":{"type":"Point","coordinates":[51.422,35.674]}},{"type":"Feature","properties":{"name":"Kabul","rank":5,"capital":1},"geometry":{"type":"Point","coordinates":[69.181,34.519]}},{"type":"Feature","properties":{"name":"London","rank":5,"capital":1},"geometry":{"type":"Point","coordinates":[-0.119,51.502]}},{"type":"Feature","properties":{"name":"Istanbul","rank":5,"capital":0},"geometry":{"type":"Point","coordinates":[28.974,41.018]}},{"type":"Feature","properties":{"name":"Riyadh","rank":5,"capital":1},"geometry":{"type":"Point","coordinates":[46.72,24.634]}},{"type":"Feature","properties":{"name":"Nairobi","rank":5,"capital":1},"geometry":{"type":"Point","coordinates":[36.815,-1.281]}},{"type":"Feature","properties":{"name":"Bogota","rank":5,"capital":1},"geometry":{"type":"Point","coordinates":[-74.085,4.598]}},{"type":"Feature","properties":{"name":"Veszpr\u00e9m","rank":6,"capital":0},"geometry":{"type":"Point","coordinates":[17.911,47.091]}},{"type":"Feature","properties":{"name":"Zalaegerszeg","rank":6,"capital":0},"geometry":{"type":"Point","coordinates":[16.84,46.844]}},{"type":"Feature","properties":{"name":"Tatab\u00e1nya","rank":6,"capital":0},"geometry":{"type":"Point","coordinates":[18.433,47.55]}},{"type":"Feature","properties":{"name":"Szeksz\u00e1rd","rank":6,"capital":0},"geometry":{"type":"Point","coordinates":[18.713,46.344]}},{"type":"Feature","properties":{"name":"Salg\u00f3tarj\u00e1n","rank":6,"capital":0},"geometry":{"type":"Point","coordinates":[19.826,48.105]}},{"type":"Feature","properties":{"name":"B\u00e9k\u00e9scsaba","rank":6,"capital":0},"geometry":{"type":"Point","coordinates":[21.101,46.672]}},{"type":"Feature","properties":{"name":"Eger","rank":6,"capital":0},"geometry":{"type":"Point","coordinates":[20.383,47.895]}},{"type":"Feature","properties":{"name":"T\u00e2rgu Jiu","rank":6,"capital":0},"geometry":{"type":"Point","coordinates":[23.274,45.045]}},{"type":"Feature","properties":{"name":"Slatina","rank":6,"capital":0},"geometry":{"type":"Point","coordinates":[24.371,44.435]}},{"type":"Feature","properties":{"name":"Alexandria","rank":6,"capital":0},"geometry":{"type":"Point","coordinates":[25.33,43.974]}},{"type":"Feature","properties":{"name":"T\u00e2rgovi\u0219te","rank":6,"capital":0},"geometry":{"type":"Point","coordinates":[25.459,44.938]}},{"type":"Feature","properties":{"name":"Giurgiu","rank":6,"capital":0},"geometry":{"type":"Point","coordinates":[25.966,43.902]}},{"type":"Feature","properties":{"name":"Slobozia","rank":6,"capital":0},"geometry":{"type":"Point","coordinates":[27.382,44.57]}},{"type":"Feature","properties":{"name":"Dar'a","rank":6,"capital":0},"geometry":{"type":"Point","coordinates":[36.105,32.625]}},{"type":"Feature","properties":{"name":"Alba Lulia","rank":6,"capital":0},"geometry":{"type":"Point","coordinates":[23.58,46.077]}},{"type":"Feature","properties":{"name":"Bistri\u021ba","rank":6,"capital":0},"geometry":{"type":"Point","coordinates":[24.513,47.138]}},{"type":"Feature","properties":{"name":"Deva","rank":6,"capital":0},"geometry":{"type":"Point","coordinates":[22.917,45.883]}},{"type":"Feature","properties":{"name":"Zal\u0103u","rank":6,"capital":0},"geometry":{"type":"Point","coordinates":[23.063,47.175]}},{"type":"Feature","properties":{"name":"Satu Mare","rank":6,"capital":0},"geometry":{"type":"Point","coordinates":[22.885,47.792]}},{"type":"Feature","properties":{"name":"Rimnicu Vilcea","rank":6,"capital":0},"geometry":{"type":"Point","coordinates":[24.383,45.11]}},{"type":"Feature","properties":{"name":"Sfintu-Gheorghe","rank":6,"capital":0},"geometry":{"type":"Point","coordinates":[25.793,45.868]}},{"type":"Feature","properties":{"name":"Miercurea Cuic","rank":6,"capital":0},"geometry":{"type":"Point","coordinates":[25.524,46.361]}},{"type":"Feature","properties":{"name":"Piatra-Neamt","rank":6,"capital":0},"geometry":{"type":"Point","coordinates":[26.383,46.94]}},{"type":"Feature","properties":{"name":"Br\u0103ila","rank":6,"capital":0},"geometry":{"type":"Point","coordinates":[27.969,45.292]}},{"type":"Feature","properties":{"name":"Vaslui","rank":6,"capital":0},"geometry":{"type":"Point","coordinates":[27.733,46.633]}},{"type":"Feature","properties":{"name":"Salyan","rank":6,"capital":0},"geometry":{"type":"Point","coordinates":[82.183,28.35]}},{"type":"Feature","properties":{"name":"Aveiro","rank":6,"capital":0},"geometry":{"type":"Point","coordinates":[-8.651,40.641]}},{"type":"Feature","properties":{"name":"Leiria","rank":6,"capital":0},"geometry":{"type":"Point","coordinates":[-8.805,39.739]}},{"type":"Feature","properties":{"name":"Viana Do Castelo","rank":6,"capital":0},"geometry":{"type":"Point","coordinates":[-8.844,41.696]}},{"type":"Feature","properties":{"name":"Beja","rank":6,"capital":0},"geometry":{"type":"Point","coordinates":[-7.863,38.014]}},{"type":"Feature","properties":{"name":"\u00c9vora","rank":6,"capital":0},"geometry":{"type":"Point","coordinates":[-7.906,38.56]}},{"type":"Feature","properties":{"name":"Portalegre","rank":6,"capital":0},"geometry":{"type":"Point","coordinates":[-7.423,39.29]}},{"type":"Feature","properties":{"name":"Santar\u00e9m","rank":6,"capital":0},"geometry":{"type":"Point","coordinates":[-8.682,39.231]}},{"type":"Feature","properties":{"name":"Bragan\u00e7a","rank":6,"capital":0},"geometry":{"type":"Point","coordinates":[-6.755,41.808]}},{"type":"Feature","properties":{"name":"Castelo Branco","rank":6,"capital":0},"geometry":{"type":"Point","coordinates":[-7.488,39.811]}},{"type":"Feature","properties":{"name":"Guarda","rank":6,"capital":0},"geometry":{"type":"Point","coordinates":[-7.262,40.541]}},{"type":"Feature","properties":{"name":"Viseu","rank":6,"capital":0},"geometry":{"type":"Point","coordinates":[-7.91,40.657]}},{"type":"Feature","properties":{"name":"Vila Real","rank":6,"capital":0},"geometry":{"type":"Point","coordinates":[-7.737,41.294]}},{"type":"Feature","properties":{"name":"Baglung","rank":6,"capital":0},"geometry":{"type":"Point","coordinates":[83.583,28.267]}},{"type":"Feature","properties":{"name":"Jumla","rank":6,"capital":0},"geometry":{"type":"Point","coordinates":[82.217,29.25]}},{"type":"Feature","properties":{"name":"Bhairawa","rank":6,"capital":0},"geometry":{"type":"Point","coordinates":[83.383,27.533]}},{"type":"Feature","properties":{"name":"Dandeldhura","rank":6,"capital":0},"geometry":{"type":"Point","coordinates":[80.6,29.3]}},{"type":"Feature","properties":{"name":"Dhangarhi","rank":6,"capital":0},"geometry":{"type":"Point","coordinates":[80.593,28.695]}},{"type":"Feature","properties":{"name":"Ramechhap","rank":6,"capital":0},"geometry":{"type":"Point","coordinates":[86.087,27.326]}},{"type":"Feature","properties":{"name":"Bhimphedi","rank":6,"capital":0},"geometry":{"type":"Point","coordinates":[85.13,27.551]}},{"type":"Feature","properties":{"name":"Rajbiraj","rank":6,"capital":0},"geometry":{"type":"Point","coordinates":[86.733,26.533]}},{"type":"Feature","properties":{"name":"Ilam","rank":6,"capital":0},"geometry":{"type":"Point","coordinates":[87.926,26.908]}},{"type":"Feature","properties":{"name":"Trincomalee","rank":6,"capital":0},"geometry":{"type":"Point","coordinates":[81.233,8.569]}},{"type":"Feature","properties":{"name":"Puttalan","rank":6,"capital":0},"geometry":{"type":"Point","coordinates":[79.826,8.033]}},{"type":"Feature","properties":{"name":"Ratnapura","rank":6,"capital":0},"geometry":{"type":"Point","coordinates":[80.386,6.693]}},{"type":"Feature","properties":{"name":"Sariwon","rank":6,"capital":0},"geometry":{"type":"Point","coordinates":[125.762,38.507]}},{"type":"Feature","properties":{"name":"Sin-Ni","rank":6,"capital":0},"geometry":{"type":"Point","coordinates":[125.464,39.488]}},{"type":"Feature","properties":{"name":"Omaruru","rank":6,"capital":0},"geometry":{"type":"Point","coordinates":[15.951,-21.436]}},{"type":"Feature","properties":{"name":"Karibib","rank":6,"capital":0},"geometry":{"type":"Point","coordinates":[15.853,-21.939]}},{"type":"Feature","properties":{"name":"Otavi","rank":6,"capital":0},"geometry":{"type":"Point","coordinates":[17.342,-19.64]}},{"type":"Feature","properties":{"name":"Gobabis","rank":6,"capital":0},"geometry":{"type":"Point","coordinates":[18.963,-22.455]}},{"type":"Feature","properties":{"name":"Kangar","rank":6,"capital":0},"geometry":{"type":"Point","coordinates":[100.19,6.433]}},{"type":"Feature","properties":{"name":"Kuala Lipis","rank":6,"capital":0},"geometry":{"type":"Point","coordinates":[102.042,4.184]}},{"type":"Feature","properties":{"name":"Shah Alam","rank":6,"capital":0},"geometry":{"type":"Point","coordinates":[101.55,3.067]}},{"type":"Feature","properties":{"name":"Sunyani","rank":6,"capital":0},"geometry":{"type":"Point","coordinates":[-2.336,7.336]}},{"type":"Feature","properties":{"name":"Lamia","rank":6,"capital":0},"geometry":{"type":"Point","coordinates":[22.434,38.899]}},{"type":"Feature","properties":{"name":"Polygyros","rank":6,"capital":0},"geometry":{"type":"Point","coordinates":[23.453,40.381]}},{"type":"Feature","properties":{"name":"Komatini","rank":6,"capital":0},"geometry":{"type":"Point","coordinates":[25.417,41.133]}},{"type":"Feature","properties":{"name":"Buea","rank":6,"capital":0},"geometry":{"type":"Point","coordinates":[9.231,4.155]}},{"type":"Feature","properties":{"name":"San Carlos","rank":6,"capital":0},"geometry":{"type":"Point","coordinates":[-68.59,9.658]}},{"type":"Feature","properties":{"name":"San Felipe","rank":6,"capital":0},"geometry":{"type":"Point","coordinates":[-68.746,10.336]}},{"type":"Feature","properties":{"name":"San Juan De Los Morros","rank":6,"capital":0},"geometry":{"type":"Point","coordinates":[-67.354,9.901]}},{"type":"Feature","properties":{"name":"La Asunci\u00f3n","rank":6,"capital":0},"geometry":{"type":"Point","coordinates":[-63.883,11.033]}},{"type":"Feature","properties":{"name":"Al Bayda","rank":6,"capital":0},"geometry":{"type":"Point","coordinates":[45.574,13.979]}},{"type":"Feature","properties":{"name":"'Ataq","rank":6,"capital":0},"geometry":{"type":"Point","coordinates":[46.8,14.55]}},{"type":"Feature","properties":{"name":"Marib","rank":6,"capital":0},"geometry":{"type":"Point","coordinates":[45.334,15.421]}},{"type":"Feature","properties":{"name":"Turgay","rank":6,"capital":0},"geometry":{"type":"Point","coordinates":[63.499,49.626]}},{"type":"Feature","properties":{"name":"Mangyshlak","rank":6,"capital":0},"geometry":{"type":"Point","coordinates":[51.142,43.69]}},{"type":"Feature","properties":{"name":"Guasdualito","rank":6,"capital":0},"geometry":{"type":"Point","coordinates":[-70.74,7.24]}},{"type":"Feature","properties":{"name":"Barinas","rank":6,"capital":0},"geometry":{"type":"Point","coordinates":[-70.25,8.6]}},{"type":"Feature","properties":{"name":"Valera","rank":6,"capital":0},"geometry":{"type":"Point","coordinates":[-70.62,9.32]}},{"type":"Feature","properties":{"name":"Cabimas","rank":6,"capital":0},"geometry":{"type":"Point","coordinates":[-71.45,10.43]}},{"type":"Feature","properties":{"name":"Carora","rank":6,"capital":0},"geometry":{"type":"Point","coordinates":[-70.08,10.19]}},{"type":"Feature","properties":{"name":"Guanare","rank":6,"capital":0},"geometry":{"type":"Point","coordinates":[-69.75,9.05]}},{"type":"Feature","properties":{"name":"Puerto la Cruz","rank":6,"capital":0},"geometry":{"type":"Point","coordinates":[-64.68,10.17]}},{"type":"Feature","properties":{"name":"Anaco","rank":6,"capital":0},"geometry":{"type":"Point","coordinates":[-64.46,9.44]}},{"type":"Feature","properties":{"name":"Los Teques","rank":6,"capital":0},"geometry":{"type":"Point","coordinates":[-67.02,10.42]}},{"type":"Feature","properties":{"name":"Valle de la Pascua","rank":6,"capital":0},"geometry":{"type":"Point","coordinates":[-66.02,9.21]}},{"type":"Feature","properties":{"name":"Ocumare del Tuy","rank":6,"capital":0},"geometry":{"type":"Point","coordinates":[-66.78,10.12]}},{"type":"Feature","properties":{"name":"Car\u00fapano","rank":6,"capital":0},"geometry":{"type":"Point","coordinates":[-63.23,10.67]}},{"type":"Feature","properties":{"name":"Latakia","rank":6,"capital":0},"geometry":{"type":"Point","coordinates":[35.78,35.54]}},{"type":"Feature","properties":{"name":"Madinat ath Thawrah","rank":6,"capital":0},"geometry":{"type":"Point","coordinates":[38.548,35.837]}},{"type":"Feature","properties":{"name":"Izaz","rank":6,"capital":0},"geometry":{"type":"Point","coordinates":[37.044,36.589]}},{"type":"Feature","properties":{"name":"Manbij","rank":6,"capital":0},"geometry":{"type":"Point","coordinates":[37.956,36.527]}},{"type":"Feature","properties":{"name":"Idlib","rank":6,"capital":0},"geometry":{"type":"Point","coordinates":[36.632,35.93]}},{"type":"Feature","properties":{"name":"Al Qamishli","rank":6,"capital":0},"geometry":{"type":"Point","coordinates":[41.23,37.03]}},{"type":"Feature","properties":{"name":"Al Hasakah","rank":6,"capital":0},"geometry":{"type":"Point","coordinates":[40.75,36.483]}},{"type":"Feature","properties":{"name":"Douma","rank":6,"capital":0},"geometry":{"type":"Point","coordinates":[36.4,33.583]}},{"type":"Feature","properties":{"name":"Dhamar","rank":6,"capital":0},"geometry":{"type":"Point","coordinates":[44.387,14.557]}},{"type":"Feature","properties":{"name":"Ibb","rank":6,"capital":0},"geometry":{"type":"Point","coordinates":[44.171,13.976]}},{"type":"Feature","properties":{"name":"Ash Shihr","rank":6,"capital":0},"geometry":{"type":"Point","coordinates":[49.609,14.759]}},{"type":"Feature","properties":{"name":"Khujayli","rank":6,"capital":0},"geometry":{"type":"Point","coordinates":[59.452,42.405]}},{"type":"Feature","properties":{"name":"Urgut","rank":6,"capital":0},"geometry":{"type":"Point","coordinates":[67.261,39.401]}},{"type":"Feature","properties":{"name":"Kattaqorgon","rank":6,"capital":0},"geometry":{"type":"Point","coordinates":[66.261,39.901]}},{"type":"Feature","properties":{"name":"Denow","rank":6,"capital":0},"geometry":{"type":"Point","coordinates":[67.887,38.277]}},{"type":"Feature","properties":{"name":"Guliston","rank":6,"capital":0},"geometry":{"type":"Point","coordinates":[68.791,40.496]}},{"type":"Feature","properties":{"name":"Iskandar","rank":6,"capital":0},"geometry":{"type":"Point","coordinates":[69.681,41.551]}},{"type":"Feature","properties":{"name":"Chirchiq","rank":6,"capital":0},"geometry":{"type":"Point","coordinates":[69.56,41.455]}},{"type":"Feature","properties":{"name":"Szombathely","rank":6,"capital":0},"geometry":{"type":"Point","coordinates":[16.629,47.225]}},{"type":"Feature","properties":{"name":"Kecskem\u00e9t","rank":6,"capital":0},"geometry":{"type":"Point","coordinates":[19.7,46.9]}},{"type":"Feature","properties":{"name":"Sz\u00e9kesfeh\u00e9rv\u00e1r","rank":6,"capital":0},"geometry":{"type":"Point","coordinates":[18.408,47.195]}},{"type":"Feature","properties":{"name":"Ny\u00edregyh\u00e1za","rank":6,"capital":0},"geometry":{"type":"Point","coordinates":[21.719,47.965]}},{"type":"Feature","properties":{"name":"Drobeta-Turnu Severin","rank":6,"capital":0},"geometry":{"type":"Point","coordinates":[22.666,44.646]}},{"type":"Feature","properties":{"name":"Tulcea","rank":6,"capital":0},"geometry":{"type":"Point","coordinates":[28.797,45.199]}},{"type":"Feature","properties":{"name":"Arad","rank":6,"capital":0},"geometry":{"type":"Point","coordinates":[21.32,46.17]}},{"type":"Feature","properties":{"name":"Oradea","rank":6,"capital":0},"geometry":{"type":"Point","coordinates":[21.92,47.05]}},{"type":"Feature","properties":{"name":"Sibiu","rank":6,"capital":0},"geometry":{"type":"Point","coordinates":[24.137,45.797]}},{"type":"Feature","properties":{"name":"Suceava","rank":6,"capital":0},"geometry":{"type":"Point","coordinates":[26.259,47.638]}},{"type":"Feature","properties":{"name":"Buz\u0103u","rank":6,"capital":0},"geometry":{"type":"Point","coordinates":[26.807,45.157]}},{"type":"Feature","properties":{"name":"Gala\u021bi","rank":6,"capital":0},"geometry":{"type":"Point","coordinates":[28.046,45.456]}},{"type":"Feature","properties":{"name":"Foc\u0219ani","rank":6,"capital":0},"geometry":{"type":"Point","coordinates":[27.187,45.697]}},{"type":"Feature","properties":{"name":"Braga","rank":6,"capital":0},"geometry":{"type":"Point","coordinates":[-8.421,41.555]}},{"type":"Feature","properties":{"name":"Covilh\u00e3","rank":6,"capital":0},"geometry":{"type":"Point","coordinates":[-7.5,40.283]}},{"type":"Feature","properties":{"name":"Lalitpur","rank":6,"capital":0},"geometry":{"type":"Point","coordinates":[85.333,27.667]}},{"type":"Feature","properties":{"name":"Hetauda","rank":6,"capital":0},"geometry":{"type":"Point","coordinates":[85.033,27.417]}},{"type":"Feature","properties":{"name":"Maqat","rank":6,"capital":0},"geometry":{"type":"Point","coordinates":[53.327,47.648]}},{"type":"Feature","properties":{"name":"Bestobe","rank":6,"capital":0},"geometry":{"type":"Point","coordinates":[73.1,52.5]}},{"type":"Feature","properties":{"name":"Osakarovka","rank":6,"capital":0},"geometry":{"type":"Point","coordinates":[72.57,50.58]}},{"type":"Feature","properties":{"name":"Aqadyr","rank":6,"capital":0},"geometry":{"type":"Point","coordinates":[72.86,48.275]}},{"type":"Feature","properties":{"name":"Sharbaqty","rank":6,"capital":0},"geometry":{"type":"Point","coordinates":[78.15,52.5]}},{"type":"Feature","properties":{"name":"Shemonaikha","rank":6,"capital":0},"geometry":{"type":"Point","coordinates":[81.905,50.632]}},{"type":"Feature","properties":{"name":"Serebryansk","rank":6,"capital":0},"geometry":{"type":"Point","coordinates":[83.425,49.7]}},{"type":"Feature","properties":{"name":"Boralday","rank":6,"capital":0},"geometry":{"type":"Point","coordinates":[76.829,43.334]}},{"type":"Feature","properties":{"name":"Zharkent","rank":6,"capital":0},"geometry":{"type":"Point","coordinates":[79.98,44.162]}},{"type":"Feature","properties":{"name":"Esik","rank":6,"capital":0},"geometry":{"type":"Point","coordinates":[77.444,43.369]}},{"type":"Feature","properties":{"name":"Lenger","rank":6,"capital":0},"geometry":{"type":"Point","coordinates":[69.88,42.19]}},{"type":"Feature","properties":{"name":"Kentau","rank":6,"capital":0},"geometry":{"type":"Point","coordinates":[68.52,43.517]}},{"type":"Feature","properties":{"name":"Changyon","rank":6,"capital":0},"geometry":{"type":"Point","coordinates":[125.102,38.252]}},{"type":"Feature","properties":{"name":"Anbyon","rank":6,"capital":0},"geometry":{"type":"Point","coordinates":[127.519,39.028]}},{"type":"Feature","properties":{"name":"Munchon","rank":6,"capital":0},"geometry":{"type":"Point","coordinates":[127.252,39.381]}},{"type":"Feature","properties":{"name":"Kaesong","rank":6,"capital":0},"geometry":{"type":"Point","coordinates":[126.564,37.964]}},{"type":"Feature","properties":{"name":"Chosan","rank":6,"capital":0},"geometry":{"type":"Point","coordinates":[125.801,40.825]}},{"type":"Feature","properties":{"name":"Manpo","rank":6,"capital":0},"geometry":{"type":"Point","coordinates":[126.296,41.145]}},{"type":"Feature","properties":{"name":"Sunchon","rank":6,"capital":0},"geometry":{"type":"Point","coordinates":[125.939,39.424]}},{"type":"Feature","properties":{"name":"Kimhyonggwon","rank":6,"capital":0},"geometry":{"type":"Point","coordinates":[128.155,40.818]}},{"type":"Feature","properties":{"name":"Ciego de \u00c1vila","rank":6,"capital":0},"geometry":{"type":"Point","coordinates":[-78.762,21.84]}},{"type":"Feature","properties":{"name":"Palma Soriano","rank":6,"capital":0},"geometry":{"type":"Point","coordinates":[-75.999,20.217]}},{"type":"Feature","properties":{"name":"San Antonio de los Ba\u00f1os","rank":6,"capital":0},"geometry":{"type":"Point","coordinates":[-82.499,22.891]}},{"type":"Feature","properties":{"name":"G\u00fcines","rank":6,"capital":0},"geometry":{"type":"Point","coordinates":[-82.028,22.836]}},{"type":"Feature","properties":{"name":"Caibari\u00e9n","rank":6,"capital":0},"geometry":{"type":"Point","coordinates":[-79.472,22.516]}},{"type":"Feature","properties":{"name":"Placetas","rank":6,"capital":0},"geometry":{"type":"Point","coordinates":[-79.655,22.316]}},{"type":"Feature","properties":{"name":"Piraeus","rank":6,"capital":0},"geometry":{"type":"Point","coordinates":[23.7,37.95]}},{"type":"Feature","properties":{"name":"Volos","rank":6,"capital":0},"geometry":{"type":"Point","coordinates":[22.95,39.37]}},{"type":"Feature","properties":{"name":"Hania","rank":6,"capital":0},"geometry":{"type":"Point","coordinates":[24.016,35.512]}},{"type":"Feature","properties":{"name":"Kavala","rank":6,"capital":0},"geometry":{"type":"Point","coordinates":[24.402,40.941]}},{"type":"Feature","properties":{"name":"Alexandroupoli","rank":6,"capital":0},"geometry":{"type":"Point","coordinates":[25.874,40.849]}},{"type":"Feature","properties":{"name":"Zhosaly","rank":6,"capital":0},"geometry":{"type":"Point","coordinates":[64.078,45.488]}},{"type":"Feature","properties":{"name":"Punata","rank":6,"capital":0},"geometry":{"type":"Point","coordinates":[-65.84,-17.55]}},{"type":"Feature","properties":{"name":"Cliza","rank":6,"capital":0},"geometry":{"type":"Point","coordinates":[-65.93,-17.59]}},{"type":"Feature","properties":{"name":"Quillacollo","rank":6,"capital":0},"geometry":{"type":"Point","coordinates":[-66.28,-17.4]}},{"type":"Feature","properties":{"name":"Puerto Villarroel","rank":6,"capital":0},"geometry":{"type":"Point","coordinates":[-64.78,-16.87]}},{"type":"Feature","properties":{"name":"Tarabuco","rank":6,"capital":0},"geometry":{"type":"Point","coordinates":[-64.92,-19.18]}},{"type":"Feature","properties":{"name":"Guayaramer\u00edn","rank":6,"capital":0},"geometry":{"type":"Point","coordinates":[-65.41,-10.83]}},{"type":"Feature","properties":{"name":"Santa Ana","rank":6,"capital":0},"geometry":{"type":"Point","coordinates":[-65.58,-13.76]}},{"type":"Feature","properties":{"name":"Baures","rank":6,"capital":0},"geometry":{"type":"Point","coordinates":[-63.58,-13.58]}},{"type":"Feature","properties":{"name":"Sica Sica","rank":6,"capital":0},"geometry":{"type":"Point","coordinates":[-67.73,-17.33]}},{"type":"Feature","properties":{"name":"Rurrenabaque","rank":6,"capital":0},"geometry":{"type":"Point","coordinates":[-67.56,-14.46]}},{"type":"Feature","properties":{"name":"Sorata","rank":6,"capital":0},"geometry":{"type":"Point","coordinates":[-68.66,-15.79]}},{"type":"Feature","properties":{"name":"Achacachi","rank":6,"capital":0},"geometry":{"type":"Point","coordinates":[-68.667,-16.083]}},{"type":"Feature","properties":{"name":"Viacha","rank":6,"capital":0},"geometry":{"type":"Point","coordinates":[-68.3,-16.65]}},{"type":"Feature","properties":{"name":"Quime","rank":6,"capital":0},"geometry":{"type":"Point","coordinates":[-67.22,-16.98]}},{"type":"Feature","properties":{"name":"Llallagua","rank":6,"capital":0},"geometry":{"type":"Point","coordinates":[-66.64,-18.42]}},{"type":"Feature","properties":{"name":"Uncia","rank":6,"capital":0},"geometry":{"type":"Point","coordinates":[-66.57,-18.47]}},{"type":"Feature","properties":{"name":"Uyuni","rank":6,"capital":0},"geometry":{"type":"Point","coordinates":[-66.83,-20.46]}},{"type":"Feature","properties":{"name":"Villa Martin","rank":6,"capital":0},"geometry":{"type":"Point","coordinates":[-67.783,-20.767]}},{"type":"Feature","properties":{"name":"Betanzos","rank":6,"capital":0},"geometry":{"type":"Point","coordinates":[-65.45,-19.56]}},{"type":"Feature","properties":{"name":"Portachuelo","rank":6,"capital":0},"geometry":{"type":"Point","coordinates":[-63.4,-17.36]}},{"type":"Feature","properties":{"name":"Samaipata","rank":6,"capital":0},"geometry":{"type":"Point","coordinates":[-63.77,-18.18]}},{"type":"Feature","properties":{"name":"Cuevo","rank":6,"capital":0},"geometry":{"type":"Point","coordinates":[-63.53,-20.45]}},{"type":"Feature","properties":{"name":"San Carlos","rank":6,"capital":0},"geometry":{"type":"Point","coordinates":[-63.73,-17.4]}},{"type":"Feature","properties":{"name":"San Lorenzo","rank":6,"capital":0},"geometry":{"type":"Point","coordinates":[-64.77,-21.48]}},{"type":"Feature","properties":{"name":"Entre R\u00edos","rank":6,"capital":0},"geometry":{"type":"Point","coordinates":[-64.19,-21.53]}},{"type":"Feature","properties":{"name":"Baranavichy","rank":6,"capital":0},"geometry":{"type":"Point","coordinates":[26.013,53.137]}},{"type":"Feature","properties":{"name":"Polatsk","rank":6,"capital":0},"geometry":{"type":"Point","coordinates":[28.786,55.489]}},{"type":"Feature","properties":{"name":"Maladzyechna","rank":6,"capital":0},"geometry":{"type":"Point","coordinates":[26.865,54.319]}},{"type":"Feature","properties":{"name":"Trujillo","rank":6,"capital":0},"geometry":{"type":"Point","coordinates":[-70.44,9.38]}},{"type":"Feature","properties":{"name":"Santa Rita","rank":6,"capital":0},"geometry":{"type":"Point","coordinates":[-71.504,10.532]}},{"type":"Feature","properties":{"name":"Machiques","rank":6,"capital":0},"geometry":{"type":"Point","coordinates":[-72.55,10.07]}},{"type":"Feature","properties":{"name":"San Carlos del Zulia","rank":6,"capital":0},"geometry":{"type":"Point","coordinates":[-71.92,9.01]}},{"type":"Feature","properties":{"name":"Puerto Cabello","rank":6,"capital":0},"geometry":{"type":"Point","coordinates":[-68.007,10.46]}},{"type":"Feature","properties":{"name":"Acarigua","rank":6,"capital":0},"geometry":{"type":"Point","coordinates":[-69.2,9.58]}},{"type":"Feature","properties":{"name":"Upata","rank":6,"capital":0},"geometry":{"type":"Point","coordinates":[-62.41,8.02]}},{"type":"Feature","properties":{"name":"El Manteco","rank":6,"capital":0},"geometry":{"type":"Point","coordinates":[-62.533,7.35]}},{"type":"Feature","properties":{"name":"Chaguaramas","rank":6,"capital":0},"geometry":{"type":"Point","coordinates":[-66.254,9.336]}},{"type":"Feature","properties":{"name":"Barcelona","rank":6,"capital":0},"geometry":{"type":"Point","coordinates":[-64.72,10.13]}},{"type":"Feature","properties":{"name":"El Tigre","rank":6,"capital":0},"geometry":{"type":"Point","coordinates":[-64.26,8.89]}},{"type":"Feature","properties":{"name":"Maiquet\u00eda","rank":6,"capital":0},"geometry":{"type":"Point","coordinates":[-66.97,10.6]}},{"type":"Feature","properties":{"name":"Calabozo","rank":6,"capital":0},"geometry":{"type":"Point","coordinates":[-67.44,8.93]}},{"type":"Feature","properties":{"name":"Zaraza","rank":6,"capital":0},"geometry":{"type":"Point","coordinates":[-65.32,9.34]}},{"type":"Feature","properties":{"name":"Altagracia de Orituco","rank":6,"capital":0},"geometry":{"type":"Point","coordinates":[-66.38,9.85]}},{"type":"Feature","properties":{"name":"Tucupita","rank":6,"capital":0},"geometry":{"type":"Point","coordinates":[-62.06,9.06]}},{"type":"Feature","properties":{"name":"Porlamar","rank":6,"capital":0},"geometry":{"type":"Point","coordinates":[-63.85,10.96]}},{"type":"Feature","properties":{"name":"Tartus","rank":6,"capital":0},"geometry":{"type":"Point","coordinates":[35.887,34.885]}},{"type":"Feature","properties":{"name":"Ar Raqqah","rank":6,"capital":0},"geometry":{"type":"Point","coordinates":[39.02,35.93]}},{"type":"Feature","properties":{"name":"Hamah","rank":6,"capital":0},"geometry":{"type":"Point","coordinates":[36.73,35.15]}},{"type":"Feature","properties":{"name":"Tadmur","rank":6,"capital":0},"geometry":{"type":"Point","coordinates":[38.283,34.55]}},{"type":"Feature","properties":{"name":"Abu Kamal","rank":6,"capital":0},"geometry":{"type":"Point","coordinates":[40.919,34.45]}},{"type":"Feature","properties":{"name":"Dayr az Zawr","rank":6,"capital":0},"geometry":{"type":"Point","coordinates":[40.13,35.33]}},{"type":"Feature","properties":{"name":"As Suwayda","rank":6,"capital":0},"geometry":{"type":"Point","coordinates":[36.567,32.7]}},{"type":"Feature","properties":{"name":"Ad Nabk","rank":6,"capital":0},"geometry":{"type":"Point","coordinates":[36.733,34.017]}},{"type":"Feature","properties":{"name":"Zab\u012bd","rank":6,"capital":0},"geometry":{"type":"Point","coordinates":[43.316,14.195]}},{"type":"Feature","properties":{"name":"Hajjah","rank":6,"capital":0},"geometry":{"type":"Point","coordinates":[43.602,15.692]}},{"type":"Feature","properties":{"name":"Lahij","rank":6,"capital":0},"geometry":{"type":"Point","coordinates":[44.884,13.058]}},{"type":"Feature","properties":{"name":"Al Ghaydah","rank":6,"capital":0},"geometry":{"type":"Point","coordinates":[52.164,16.239]}},{"type":"Feature","properties":{"name":"Rida","rank":6,"capital":0},"geometry":{"type":"Point","coordinates":[44.834,14.429]}},{"type":"Feature","properties":{"name":"Hadiboh","rank":6,"capital":0},"geometry":{"type":"Point","coordinates":[54.024,12.652]}},{"type":"Feature","properties":{"name":"Saywun","rank":6,"capital":0},"geometry":{"type":"Point","coordinates":[48.787,15.943]}},{"type":"Feature","properties":{"name":"Kogon","rank":6,"capital":0},"geometry":{"type":"Point","coordinates":[64.546,39.721]}},{"type":"Feature","properties":{"name":"Khiwa","rank":6,"capital":0},"geometry":{"type":"Point","coordinates":[60.356,41.391]}},{"type":"Feature","properties":{"name":"Chimboy","rank":6,"capital":0},"geometry":{"type":"Point","coordinates":[59.771,42.931]}},{"type":"Feature","properties":{"name":"Qunghirot","rank":6,"capital":0},"geometry":{"type":"Point","coordinates":[58.9,43.07]}},{"type":"Feature","properties":{"name":"Zarafshon","rank":6,"capital":0},"geometry":{"type":"Point","coordinates":[64.202,41.582]}},{"type":"Feature","properties":{"name":"Navoi","rank":6,"capital":0},"geometry":{"type":"Point","coordinates":[65.355,40.11]}},{"type":"Feature","properties":{"name":"Shahrisabz","rank":6,"capital":0},"geometry":{"type":"Point","coordinates":[66.831,39.062]}},{"type":"Feature","properties":{"name":"Qarshi","rank":6,"capital":0},"geometry":{"type":"Point","coordinates":[65.8,38.87]}},{"type":"Feature","properties":{"name":"Qoqon","rank":6,"capital":0},"geometry":{"type":"Point","coordinates":[70.94,40.54]}},{"type":"Feature","properties":{"name":"Jizzax","rank":6,"capital":0},"geometry":{"type":"Point","coordinates":[67.83,40.1]}},{"type":"Feature","properties":{"name":"Angren","rank":6,"capital":0},"geometry":{"type":"Point","coordinates":[70.155,41.03]}},{"type":"Feature","properties":{"name":"Olmaliq","rank":6,"capital":0},"geometry":{"type":"Point","coordinates":[69.595,40.85]}},{"type":"Feature","properties":{"name":"Kawambwa","rank":6,"capital":0},"geometry":{"type":"Point","coordinates":[29.08,-9.78]}},{"type":"Feature","properties":{"name":"Nchelenge","rank":6,"capital":0},"geometry":{"type":"Point","coordinates":[28.73,-9.35]}},{"type":"Feature","properties":{"name":"Chinsali","rank":6,"capital":0},"geometry":{"type":"Point","coordinates":[32.06,-10.55]}},{"type":"Feature","properties":{"name":"Kasama","rank":6,"capital":0},"geometry":{"type":"Point","coordinates":[31.18,-10.2]}},{"type":"Feature","properties":{"name":"Kapiri Mposhi","rank":6,"capital":0},"geometry":{"type":"Point","coordinates":[28.66,-13.97]}},{"type":"Feature","properties":{"name":"Mumbwa","rank":6,"capital":0},"geometry":{"type":"Point","coordinates":[27.07,-14.98]}},{"type":"Feature","properties":{"name":"Chingola","rank":6,"capital":0},"geometry":{"type":"Point","coordinates":[27.85,-12.54]}},{"type":"Feature","properties":{"name":"Chililabombwe","rank":6,"capital":0},"geometry":{"type":"Point","coordinates":[27.82,-12.37]}},{"type":"Feature","properties":{"name":"Nyimba","rank":6,"capital":0},"geometry":{"type":"Point","coordinates":[30.81,-14.55]}},{"type":"Feature","properties":{"name":"Lundazi","rank":6,"capital":0},"geometry":{"type":"Point","coordinates":[33.17,-12.29]}},{"type":"Feature","properties":{"name":"Chipata","rank":6,"capital":0},"geometry":{"type":"Point","coordinates":[32.64,-13.63]}},{"type":"Feature","properties":{"name":"Mwinilunga","rank":6,"capital":0},"geometry":{"type":"Point","coordinates":[24.44,-11.74]}},{"type":"Feature","properties":{"name":"Kasempa","rank":6,"capital":0},"geometry":{"type":"Point","coordinates":[25.82,-13.46]}},{"type":"Feature","properties":{"name":"Solwezi","rank":6,"capital":0},"geometry":{"type":"Point","coordinates":[26.4,-12.18]}},{"type":"Feature","properties":{"name":"Choma","rank":6,"capital":0},"geometry":{"type":"Point","coordinates":[26.97,-16.809]}},{"type":"Feature","properties":{"name":"Mongu","rank":6,"capital":0},"geometry":{"type":"Point","coordinates":[23.12,-15.28]}},{"type":"Feature","properties":{"name":"Kaoma","rank":6,"capital":0},"geometry":{"type":"Point","coordinates":[24.8,-14.78]}},{"type":"Feature","properties":{"name":"Sesheke","rank":6,"capital":0},"geometry":{"type":"Point","coordinates":[24.3,-17.47]}},{"type":"Feature","properties":{"name":"Lukulu","rank":6,"capital":0},"geometry":{"type":"Point","coordinates":[23.24,-14.39]}},{"type":"Feature","properties":{"name":"Kalabo","rank":6,"capital":0},"geometry":{"type":"Point","coordinates":[22.68,-14.99]}},{"type":"Feature","properties":{"name":"Senanga","rank":6,"capital":0},"geometry":{"type":"Point","coordinates":[23.27,-16.12]}},{"type":"Feature","properties":{"name":"Mazowe","rank":6,"capital":0},"geometry":{"type":"Point","coordinates":[30.97,-17.52]}},{"type":"Feature","properties":{"name":"Shamva","rank":6,"capital":0},"geometry":{"type":"Point","coordinates":[31.57,-17.32]}},{"type":"Feature","properties":{"name":"Victoria Falls","rank":6,"capital":0},"geometry":{"type":"Point","coordinates":[25.84,-17.93]}},{"type":"Feature","properties":{"name":"Zvishavane","rank":6,"capital":0},"geometry":{"type":"Point","coordinates":[30.05,-20.33]}},{"type":"Feature","properties":{"name":"Kwekwe","rank":6,"capital":0},"geometry":{"type":"Point","coordinates":[29.8,-18.93]}},{"type":"Feature","properties":{"name":"Plumtree","rank":6,"capital":0},"geometry":{"type":"Point","coordinates":[27.82,-20.48]}},{"type":"Feature","properties":{"name":"Beitbridge","rank":6,"capital":0},"geometry":{"type":"Point","coordinates":[29.99,-22.21]}},{"type":"Feature","properties":{"name":"Gwanda","rank":6,"capital":0},"geometry":{"type":"Point","coordinates":[29.01,-20.94]}},{"type":"Feature","properties":{"name":"Chiredzi","rank":6,"capital":0},"geometry":{"type":"Point","coordinates":[31.66,-21.05]}},{"type":"Feature","properties":{"name":"Masvingo","rank":6,"capital":0},"geometry":{"type":"Point","coordinates":[30.82,-20.06]}},{"type":"Feature","properties":{"name":"Karoi","rank":6,"capital":0},"geometry":{"type":"Point","coordinates":[29.68,-16.82]}},{"type":"Feature","properties":{"name":"Chinhoyi","rank":6,"capital":0},"geometry":{"type":"Point","coordinates":[30.18,-17.36]}},{"type":"Feature","properties":{"name":"Kariba","rank":6,"capital":0},"geometry":{"type":"Point","coordinates":[28.8,-16.53]}},{"type":"Feature","properties":{"name":"Batticaloa","rank":6,"capital":0},"geometry":{"type":"Point","coordinates":[81.7,7.717]}},{"type":"Feature","properties":{"name":"Kilinochchi","rank":6,"capital":0},"geometry":{"type":"Point","coordinates":[80.4,9.4]}},{"type":"Feature","properties":{"name":"Matara","rank":6,"capital":0},"geometry":{"type":"Point","coordinates":[80.543,5.949]}},{"type":"Feature","properties":{"name":"Badulla","rank":6,"capital":0},"geometry":{"type":"Point","coordinates":[81.05,6.984]}},{"type":"Feature","properties":{"name":"Moratuwa","rank":6,"capital":0},"geometry":{"type":"Point","coordinates":[79.88,6.78]}},{"type":"Feature","properties":{"name":"P\u00e9cs","rank":6,"capital":0},"geometry":{"type":"Point","coordinates":[18.22,46.08]}},{"type":"Feature","properties":{"name":"Gy\u0151r","rank":6,"capital":0},"geometry":{"type":"Point","coordinates":[17.63,47.7]}},{"type":"Feature","properties":{"name":"Kaposv\u00e1r","rank":6,"capital":0},"geometry":{"type":"Point","coordinates":[17.8,46.367]}},{"type":"Feature","properties":{"name":"V\u00e1c","rank":6,"capital":0},"geometry":{"type":"Point","coordinates":[19.133,47.784]}},{"type":"Feature","properties":{"name":"Miskolc","rank":6,"capital":0},"geometry":{"type":"Point","coordinates":[20.78,48.1]}},{"type":"Feature","properties":{"name":"Szeged","rank":6,"capital":0},"geometry":{"type":"Point","coordinates":[20.15,46.25]}},{"type":"Feature","properties":{"name":"Debrecen","rank":6,"capital":0},"geometry":{"type":"Point","coordinates":[21.63,47.53]}},{"type":"Feature","properties":{"name":"Szolnok","rank":6,"capital":0},"geometry":{"type":"Point","coordinates":[20.179,47.186]}},{"type":"Feature","properties":{"name":"Gour\u00e9","rank":6,"capital":0},"geometry":{"type":"Point","coordinates":[10.27,13.987]}},{"type":"Feature","properties":{"name":"Gaya","rank":6,"capital":0},"geometry":{"type":"Point","coordinates":[3.447,11.888]}},{"type":"Feature","properties":{"name":"Tillab\u00e9ri","rank":6,"capital":0},"geometry":{"type":"Point","coordinates":[1.453,14.212]}},{"type":"Feature","properties":{"name":"Ayorou","rank":6,"capital":0},"geometry":{"type":"Point","coordinates":[0.919,14.732]}},{"type":"Feature","properties":{"name":"Birni Nkonni","rank":6,"capital":0},"geometry":{"type":"Point","coordinates":[5.26,13.79]}},{"type":"Feature","properties":{"name":"Madaoua","rank":6,"capital":0},"geometry":{"type":"Point","coordinates":[5.959,14.076]}},{"type":"Feature","properties":{"name":"Craiova","rank":6,"capital":0},"geometry":{"type":"Point","coordinates":[23.826,44.326]}},{"type":"Feature","properties":{"name":"C\u0103l\u0103ra\u0219i","rank":6,"capital":0},"geometry":{"type":"Point","coordinates":[27.326,44.206]}},{"type":"Feature","properties":{"name":"Re\u0219i\u021ba","rank":6,"capital":0},"geometry":{"type":"Point","coordinates":[21.887,45.297]}},{"type":"Feature","properties":{"name":"Timi\u0219oara","rank":6,"capital":0},"geometry":{"type":"Point","coordinates":[21.223,45.759]}},{"type":"Feature","properties":{"name":"Boto\u0219ani","rank":6,"capital":0},"geometry":{"type":"Point","coordinates":[26.66,47.748]}},{"type":"Feature","properties":{"name":"Baia Mare","rank":6,"capital":0},"geometry":{"type":"Point","coordinates":[23.579,47.659]}},{"type":"Feature","properties":{"name":"Tirgu Mures","rank":6,"capital":0},"geometry":{"type":"Point","coordinates":[24.558,46.558]}},{"type":"Feature","properties":{"name":"Pite\u0219ti","rank":6,"capital":0},"geometry":{"type":"Point","coordinates":[24.876,44.856]}},{"type":"Feature","properties":{"name":"Bra\u0219ov","rank":6,"capital":0},"geometry":{"type":"Point","coordinates":[25.607,45.648]}},{"type":"Feature","properties":{"name":"Ploie\u0219ti","rank":6,"capital":0},"geometry":{"type":"Point","coordinates":[26.036,44.947]}},{"type":"Feature","properties":{"name":"Bac\u0103u","rank":6,"capital":0},"geometry":{"type":"Point","coordinates":[26.92,46.578]}},{"type":"Feature","properties":{"name":"Horta","rank":6,"capital":0},"geometry":{"type":"Point","coordinates":[-28.645,38.535]}},{"type":"Feature","properties":{"name":"Angra do Hero\u00edsmo","rank":6,"capital":0},"geometry":{"type":"Point","coordinates":[-27.217,38.65]}},{"type":"Feature","properties":{"name":"Portim\u00e3o","rank":6,"capital":0},"geometry":{"type":"Point","coordinates":[-8.533,37.134]}},{"type":"Feature","properties":{"name":"Faro","rank":6,"capital":0},"geometry":{"type":"Point","coordinates":[-7.933,37.017]}},{"type":"Feature","properties":{"name":"Coimbra","rank":6,"capital":0},"geometry":{"type":"Point","coordinates":[-8.417,40.2]}},{"type":"Feature","properties":{"name":"Diffa","rank":6,"capital":0},"geometry":{"type":"Point","coordinates":[12.609,13.317]}},{"type":"Feature","properties":{"name":"Nguigmi","rank":6,"capital":0},"geometry":{"type":"Point","coordinates":[13.111,14.253]}},{"type":"Feature","properties":{"name":"Nepalganj","rank":6,"capital":0},"geometry":{"type":"Point","coordinates":[81.617,28.05]}},{"type":"Feature","properties":{"name":"Birganj","rank":6,"capital":0},"geometry":{"type":"Point","coordinates":[84.867,27.0]}},{"type":"Feature","properties":{"name":"Biratnagar","rank":6,"capital":0},"geometry":{"type":"Point","coordinates":[87.283,26.484]}},{"type":"Feature","properties":{"name":"Teluk Intan","rank":6,"capital":0},"geometry":{"type":"Point","coordinates":[101.031,4.012]}},{"type":"Feature","properties":{"name":"Butterworth","rank":6,"capital":0},"geometry":{"type":"Point","coordinates":[100.4,5.417]}},{"type":"Feature","properties":{"name":"Sungai Petani","rank":6,"capital":0},"geometry":{"type":"Point","coordinates":[100.479,5.65]}},{"type":"Feature","properties":{"name":"Alor Setar","rank":6,"capital":0},"geometry":{"type":"Point","coordinates":[100.373,6.113]}},{"type":"Feature","properties":{"name":"Muar","rank":6,"capital":0},"geometry":{"type":"Point","coordinates":[102.567,2.034]}},{"type":"Feature","properties":{"name":"Batu Pahat","rank":6,"capital":0},"geometry":{"type":"Point","coordinates":[102.933,1.85]}},{"type":"Feature","properties":{"name":"Keluang","rank":6,"capital":0},"geometry":{"type":"Point","coordinates":[103.318,2.038]}},{"type":"Feature","properties":{"name":"Seremban","rank":6,"capital":0},"geometry":{"type":"Point","coordinates":[101.94,2.71]}},{"type":"Feature","properties":{"name":"Raub","rank":6,"capital":0},"geometry":{"type":"Point","coordinates":[101.842,3.793]}},{"type":"Feature","properties":{"name":"Chukai","rank":6,"capital":0},"geometry":{"type":"Point","coordinates":[103.448,4.233]}},{"type":"Feature","properties":{"name":"Kuala Terengganu","rank":6,"capital":0},"geometry":{"type":"Point","coordinates":[103.12,5.33]}},{"type":"Feature","properties":{"name":"Lahad Datu","rank":6,"capital":0},"geometry":{"type":"Point","coordinates":[118.336,5.046]}},{"type":"Feature","properties":{"name":"Bintulu","rank":6,"capital":0},"geometry":{"type":"Point","coordinates":[113.036,3.166]}},{"type":"Feature","properties":{"name":"Miri","rank":6,"capital":0},"geometry":{"type":"Point","coordinates":[113.985,4.4]}},{"type":"Feature","properties":{"name":"Moatize","rank":6,"capital":0},"geometry":{"type":"Point","coordinates":[33.95,-16.1]}},{"type":"Feature","properties":{"name":"Luangwa","rank":6,"capital":0},"geometry":{"type":"Point","coordinates":[30.41,-15.62]}},{"type":"Feature","properties":{"name":"Manica","rank":6,"capital":0},"geometry":{"type":"Point","coordinates":[32.88,-18.97]}},{"type":"Feature","properties":{"name":"Espungabera","rank":6,"capital":0},"geometry":{"type":"Point","coordinates":[32.77,-20.45]}},{"type":"Feature","properties":{"name":"Montepuez","rank":6,"capital":0},"geometry":{"type":"Point","coordinates":[39.0,-13.12]}},{"type":"Feature","properties":{"name":"Mocimboa","rank":6,"capital":0},"geometry":{"type":"Point","coordinates":[40.35,-11.32]}},{"type":"Feature","properties":{"name":"Marrupa","rank":6,"capital":0},"geometry":{"type":"Point","coordinates":[37.499,-13.198]}},{"type":"Feature","properties":{"name":"Cuamba","rank":6,"capital":0},"geometry":{"type":"Point","coordinates":[36.54,-14.79]}},{"type":"Feature","properties":{"name":"Ligonha","rank":6,"capital":0},"geometry":{"type":"Point","coordinates":[37.74,-15.176]}},{"type":"Feature","properties":{"name":"Macia","rank":6,"capital":0},"geometry":{"type":"Point","coordinates":[33.09,-25.02]}},{"type":"Feature","properties":{"name":"Massangena","rank":6,"capital":0},"geometry":{"type":"Point","coordinates":[32.956,-21.537]}},{"type":"Feature","properties":{"name":"Mapai","rank":6,"capital":0},"geometry":{"type":"Point","coordinates":[31.963,-22.843]}},{"type":"Feature","properties":{"name":"Sambava","rank":6,"capital":0},"geometry":{"type":"Point","coordinates":[50.167,-14.266]}},{"type":"Feature","properties":{"name":"Ambanja","rank":6,"capital":0},"geometry":{"type":"Point","coordinates":[48.45,-13.683]}},{"type":"Feature","properties":{"name":"Ihosy","rank":6,"capital":0},"geometry":{"type":"Point","coordinates":[46.117,-22.4]}},{"type":"Feature","properties":{"name":"Mandritsara","rank":6,"capital":0},"geometry":{"type":"Point","coordinates":[48.817,-15.833]}},{"type":"Feature","properties":{"name":"Besalampy","rank":6,"capital":0},"geometry":{"type":"Point","coordinates":[44.483,-16.75]}},{"type":"Feature","properties":{"name":"Marovoay","rank":6,"capital":0},"geometry":{"type":"Point","coordinates":[46.633,-16.1]}},{"type":"Feature","properties":{"name":"Antsohihy","rank":6,"capital":0},"geometry":{"type":"Point","coordinates":[47.983,-14.866]}},{"type":"Feature","properties":{"name":"Ambatondrazaka","rank":6,"capital":0},"geometry":{"type":"Point","coordinates":[48.417,-17.833]}},{"type":"Feature","properties":{"name":"Bekiy","rank":6,"capital":0},"geometry":{"type":"Point","coordinates":[45.317,-24.216]}},{"type":"Feature","properties":{"name":"Manja","rank":6,"capital":0},"geometry":{"type":"Point","coordinates":[44.333,-21.433]}},{"type":"Feature","properties":{"name":"Miandrivazo","rank":6,"capital":0},"geometry":{"type":"Point","coordinates":[45.467,-19.516]}},{"type":"Feature","properties":{"name":"Dondo","rank":6,"capital":0},"geometry":{"type":"Point","coordinates":[34.73,-19.62]}},{"type":"Feature","properties":{"name":"Chiramba","rank":6,"capital":0},"geometry":{"type":"Point","coordinates":[34.656,-16.892]}},{"type":"Feature","properties":{"name":"Mocuba","rank":6,"capital":0},"geometry":{"type":"Point","coordinates":[38.26,-16.85]}},{"type":"Feature","properties":{"name":"Nicuadala","rank":6,"capital":0},"geometry":{"type":"Point","coordinates":[36.82,-17.608]}},{"type":"Feature","properties":{"name":"Maxixe","rank":6,"capital":0},"geometry":{"type":"Point","coordinates":[35.389,-23.866]}},{"type":"Feature","properties":{"name":"Panda","rank":6,"capital":0},"geometry":{"type":"Point","coordinates":[34.73,-24.063]}},{"type":"Feature","properties":{"name":"Quissico","rank":6,"capital":0},"geometry":{"type":"Point","coordinates":[34.766,-24.726]}},{"type":"Feature","properties":{"name":"Vilanculos","rank":6,"capital":0},"geometry":{"type":"Point","coordinates":[35.317,-22.0]}},{"type":"Feature","properties":{"name":"Matola","rank":6,"capital":0},"geometry":{"type":"Point","coordinates":[32.46,-25.97]}},{"type":"Feature","properties":{"name":"Goundam","rank":6,"capital":0},"geometry":{"type":"Point","coordinates":[-3.667,16.417]}},{"type":"Feature","properties":{"name":"Aguelhok","rank":6,"capital":0},"geometry":{"type":"Point","coordinates":[0.856,19.455]}},{"type":"Feature","properties":{"name":"Bourem","rank":6,"capital":0},"geometry":{"type":"Point","coordinates":[-0.35,16.9]}},{"type":"Feature","properties":{"name":"Kati","rank":6,"capital":0},"geometry":{"type":"Point","coordinates":[-8.08,12.75]}},{"type":"Feature","properties":{"name":"Banamba","rank":6,"capital":0},"geometry":{"type":"Point","coordinates":[-7.45,13.55]}},{"type":"Feature","properties":{"name":"Kangaba","rank":6,"capital":0},"geometry":{"type":"Point","coordinates":[-8.44,11.94]}},{"type":"Feature","properties":{"name":"Nioro du Sahel","rank":6,"capital":0},"geometry":{"type":"Point","coordinates":[-9.59,15.23]}},{"type":"Feature","properties":{"name":"Bafoulab\u00e9","rank":6,"capital":0},"geometry":{"type":"Point","coordinates":[-10.82,13.8]}},{"type":"Feature","properties":{"name":"Satadougou","rank":6,"capital":0},"geometry":{"type":"Point","coordinates":[-11.407,12.617]}},{"type":"Feature","properties":{"name":"Y\u00e9liman\u00e9","rank":6,"capital":0},"geometry":{"type":"Point","coordinates":[-10.567,15.134]}},{"type":"Feature","properties":{"name":"Kita","rank":6,"capital":0},"geometry":{"type":"Point","coordinates":[-9.483,13.05]}},{"type":"Feature","properties":{"name":"Koutiala","rank":6,"capital":0},"geometry":{"type":"Point","coordinates":[-5.47,12.39]}},{"type":"Feature","properties":{"name":"Sikasso","rank":6,"capital":0},"geometry":{"type":"Point","coordinates":[-5.68,11.32]}},{"type":"Feature","properties":{"name":"Bougouni","rank":6,"capital":0},"geometry":{"type":"Point","coordinates":[-7.49,11.42]}},{"type":"Feature","properties":{"name":"Markala","rank":6,"capital":0},"geometry":{"type":"Point","coordinates":[-6.07,13.67]}},{"type":"Feature","properties":{"name":"Sokolo","rank":6,"capital":0},"geometry":{"type":"Point","coordinates":[-6.133,14.734]}},{"type":"Feature","properties":{"name":"San","rank":6,"capital":0},"geometry":{"type":"Point","coordinates":[-4.9,13.3]}},{"type":"Feature","properties":{"name":"Pyongsan","rank":6,"capital":0},"geometry":{"type":"Point","coordinates":[126.387,38.337]}},{"type":"Feature","properties":{"name":"Ongjin","rank":6,"capital":0},"geometry":{"type":"Point","coordinates":[125.357,37.937]}},{"type":"Feature","properties":{"name":"Haeju","rank":6,"capital":0},"geometry":{"type":"Point","coordinates":[125.714,38.039]}},{"type":"Feature","properties":{"name":"Kilchu","rank":6,"capital":0},"geometry":{"type":"Point","coordinates":[129.32,40.96]}},{"type":"Feature","properties":{"name":"Musan","rank":6,"capital":0},"geometry":{"type":"Point","coordinates":[129.23,42.23]}},{"type":"Feature","properties":{"name":"Rason","rank":6,"capital":0},"geometry":{"type":"Point","coordinates":[130.403,42.338]}},{"type":"Feature","properties":{"name":"Kanggye","rank":6,"capital":0},"geometry":{"type":"Point","coordinates":[126.603,40.973]}},{"type":"Feature","properties":{"name":"Taedong","rank":6,"capital":0},"geometry":{"type":"Point","coordinates":[125.45,40.617]}},{"type":"Feature","properties":{"name":"Chongju","rank":6,"capital":0},"geometry":{"type":"Point","coordinates":[125.216,39.681]}},{"type":"Feature","properties":{"name":"Hyeson","rank":6,"capital":0},"geometry":{"type":"Point","coordinates":[128.193,41.393]}},{"type":"Feature","properties":{"name":"Karasburg","rank":6,"capital":0},"geometry":{"type":"Point","coordinates":[18.74,-28.02]}},{"type":"Feature","properties":{"name":"Bethanie","rank":6,"capital":0},"geometry":{"type":"Point","coordinates":[17.15,-26.5]}},{"type":"Feature","properties":{"name":"Oranjemund","rank":6,"capital":0},"geometry":{"type":"Point","coordinates":[16.43,-28.549]}},{"type":"Feature","properties":{"name":"Mariental","rank":6,"capital":0},"geometry":{"type":"Point","coordinates":[17.96,-24.62]}},{"type":"Feature","properties":{"name":"Rehoboth","rank":6,"capital":0},"geometry":{"type":"Point","coordinates":[17.08,-23.32]}},{"type":"Feature","properties":{"name":"Outjo","rank":6,"capital":0},"geometry":{"type":"Point","coordinates":[16.14,-20.11]}},{"type":"Feature","properties":{"name":"Opuwo","rank":6,"capital":0},"geometry":{"type":"Point","coordinates":[13.82,-18.06]}},{"type":"Feature","properties":{"name":"Usakos","rank":6,"capital":0},"geometry":{"type":"Point","coordinates":[15.58,-22.0]}},{"type":"Feature","properties":{"name":"Okahandja","rank":6,"capital":0},"geometry":{"type":"Point","coordinates":[16.91,-21.98]}},{"type":"Feature","properties":{"name":"Otjiwarongo","rank":6,"capital":0},"geometry":{"type":"Point","coordinates":[16.64,-20.46]}},{"type":"Feature","properties":{"name":"Oshikango","rank":6,"capital":0},"geometry":{"type":"Point","coordinates":[15.88,-17.4]}},{"type":"Feature","properties":{"name":"Cuangar","rank":6,"capital":0},"geometry":{"type":"Point","coordinates":[18.62,-17.61]}},{"type":"Feature","properties":{"name":"Katima Mulilo","rank":6,"capital":0},"geometry":{"type":"Point","coordinates":[24.26,-17.5]}},{"type":"Feature","properties":{"name":"Mucusso","rank":6,"capital":0},"geometry":{"type":"Point","coordinates":[21.43,-18.02]}},{"type":"Feature","properties":{"name":"Cienfuegos","rank":6,"capital":0},"geometry":{"type":"Point","coordinates":[-80.44,22.144]}},{"type":"Feature","properties":{"name":"Nueva Gerona","rank":6,"capital":0},"geometry":{"type":"Point","coordinates":[-82.8,21.884]}},{"type":"Feature","properties":{"name":"Sancti Sp\u00edritus","rank":6,"capital":0},"geometry":{"type":"Point","coordinates":[-79.442,21.93]}},{"type":"Feature","properties":{"name":"Mor\u00f3n","rank":6,"capital":0},"geometry":{"type":"Point","coordinates":[-78.627,22.11]}},{"type":"Feature","properties":{"name":"Nuevitas","rank":6,"capital":0},"geometry":{"type":"Point","coordinates":[-77.264,21.546]}},{"type":"Feature","properties":{"name":"Manzanillo","rank":6,"capital":0},"geometry":{"type":"Point","coordinates":[-77.117,20.344]}},{"type":"Feature","properties":{"name":"Bayamo","rank":6,"capital":0},"geometry":{"type":"Point","coordinates":[-76.643,20.38]}},{"type":"Feature","properties":{"name":"Banes","rank":6,"capital":0},"geometry":{"type":"Point","coordinates":[-75.719,20.963]}},{"type":"Feature","properties":{"name":"Las Tunas","rank":6,"capital":0},"geometry":{"type":"Point","coordinates":[-76.954,20.96]}},{"type":"Feature","properties":{"name":"Artemisa","rank":6,"capital":0},"geometry":{"type":"Point","coordinates":[-82.762,22.813]}},{"type":"Feature","properties":{"name":"Matanzas","rank":6,"capital":0},"geometry":{"type":"Point","coordinates":[-81.577,23.042]}},{"type":"Feature","properties":{"name":"Col\u00f3n","rank":6,"capital":0},"geometry":{"type":"Point","coordinates":[-80.906,22.72]}},{"type":"Feature","properties":{"name":"Sagua la Grande","rank":6,"capital":0},"geometry":{"type":"Point","coordinates":[-80.071,22.809]}},{"type":"Feature","properties":{"name":"Tamale","rank":6,"capital":0},"geometry":{"type":"Point","coordinates":[-0.84,9.4]}},{"type":"Feature","properties":{"name":"Yendi","rank":6,"capital":0},"geometry":{"type":"Point","coordinates":[-0.017,9.434]}},{"type":"Feature","properties":{"name":"Bolgatanga","rank":6,"capital":0},"geometry":{"type":"Point","coordinates":[-0.85,10.79]}},{"type":"Feature","properties":{"name":"Bawku","rank":6,"capital":0},"geometry":{"type":"Point","coordinates":[-0.24,11.06]}},{"type":"Feature","properties":{"name":"Wa","rank":6,"capital":0},"geometry":{"type":"Point","coordinates":[-2.5,10.06]}},{"type":"Feature","properties":{"name":"Obuasi","rank":6,"capital":0},"geometry":{"type":"Point","coordinates":[-1.66,6.19]}},{"type":"Feature","properties":{"name":"Berekum","rank":6,"capital":0},"geometry":{"type":"Point","coordinates":[-2.59,7.45]}},{"type":"Feature","properties":{"name":"Winneba","rank":6,"capital":0},"geometry":{"type":"Point","coordinates":[-0.63,5.35]}},{"type":"Feature","properties":{"name":"Cape Coast","rank":6,"capital":0},"geometry":{"type":"Point","coordinates":[-1.25,5.11]}},{"type":"Feature","properties":{"name":"Nkawkaw","rank":6,"capital":0},"geometry":{"type":"Point","coordinates":[-0.78,6.55]}},{"type":"Feature","properties":{"name":"Koforidua","rank":6,"capital":0},"geometry":{"type":"Point","coordinates":[-0.26,6.09]}},{"type":"Feature","properties":{"name":"Tema","rank":6,"capital":0},"geometry":{"type":"Point","coordinates":[0.01,5.64]}},{"type":"Feature","properties":{"name":"Ho","rank":6,"capital":0},"geometry":{"type":"Point","coordinates":[0.47,6.6]}},{"type":"Feature","properties":{"name":"Kerkira","rank":6,"capital":0},"geometry":{"type":"Point","coordinates":[19.915,39.615]}},{"type":"Feature","properties":{"name":"Tripoli","rank":6,"capital":0},"geometry":{"type":"Point","coordinates":[22.379,37.509]}},{"type":"Feature","properties":{"name":"Sparti","rank":6,"capital":0},"geometry":{"type":"Point","coordinates":[22.43,37.074]}},{"type":"Feature","properties":{"name":"Agrinio","rank":6,"capital":0},"geometry":{"type":"Point","coordinates":[21.408,38.622]}},{"type":"Feature","properties":{"name":"Pirgos","rank":6,"capital":0},"geometry":{"type":"Point","coordinates":[21.45,37.684]}},{"type":"Feature","properties":{"name":"Larissa","rank":6,"capital":0},"geometry":{"type":"Point","coordinates":[22.42,39.63]}},{"type":"Feature","properties":{"name":"Ioanina","rank":6,"capital":0},"geometry":{"type":"Point","coordinates":[20.851,39.668]}},{"type":"Feature","properties":{"name":"Mitilini","rank":6,"capital":0},"geometry":{"type":"Point","coordinates":[26.555,39.11]}},{"type":"Feature","properties":{"name":"Hios","rank":6,"capital":0},"geometry":{"type":"Point","coordinates":[26.136,38.368]}},{"type":"Feature","properties":{"name":"Chalkida","rank":6,"capital":0},"geometry":{"type":"Point","coordinates":[23.612,38.464]}},{"type":"Feature","properties":{"name":"Sitia","rank":6,"capital":0},"geometry":{"type":"Point","coordinates":[26.099,35.2]}},{"type":"Feature","properties":{"name":"Katerini","rank":6,"capital":0},"geometry":{"type":"Point","coordinates":[22.502,40.272]}},{"type":"Feature","properties":{"name":"Seres","rank":6,"capital":0},"geometry":{"type":"Point","coordinates":[23.55,41.086]}},{"type":"Feature","properties":{"name":"Xanthi","rank":6,"capital":0},"geometry":{"type":"Point","coordinates":[24.884,41.142]}},{"type":"Feature","properties":{"name":"Ermoupoli","rank":6,"capital":0},"geometry":{"type":"Point","coordinates":[24.933,37.45]}},{"type":"Feature","properties":{"name":"Kos","rank":6,"capital":0},"geometry":{"type":"Point","coordinates":[27.289,36.894]}},{"type":"Feature","properties":{"name":"Rodos","rank":6,"capital":0},"geometry":{"type":"Point","coordinates":[28.223,36.441]}},{"type":"Feature","properties":{"name":"Oktyabrsk","rank":6,"capital":0},"geometry":{"type":"Point","coordinates":[57.445,49.473]}},{"type":"Feature","properties":{"name":"Algha","rank":6,"capital":0},"geometry":{"type":"Point","coordinates":[57.335,49.903]}},{"type":"Feature","properties":{"name":"Bayghanin","rank":6,"capital":0},"geometry":{"type":"Point","coordinates":[55.874,48.692]}},{"type":"Feature","properties":{"name":"Embi","rank":6,"capital":0},"geometry":{"type":"Point","coordinates":[58.144,48.827]}},{"type":"Feature","properties":{"name":"Zhetiqara","rank":6,"capital":0},"geometry":{"type":"Point","coordinates":[61.24,52.193]}},{"type":"Feature","properties":{"name":"Komsomolets","rank":6,"capital":0},"geometry":{"type":"Point","coordinates":[62.05,53.751]}},{"type":"Feature","properties":{"name":"Tobol","rank":6,"capital":0},"geometry":{"type":"Point","coordinates":[62.575,52.698]}},{"type":"Feature","properties":{"name":"Qusmuryn","rank":6,"capital":0},"geometry":{"type":"Point","coordinates":[64.6,52.458]}},{"type":"Feature","properties":{"name":"Shieli","rank":6,"capital":0},"geometry":{"type":"Point","coordinates":[66.75,44.167]}},{"type":"Feature","properties":{"name":"Makhambet","rank":6,"capital":0},"geometry":{"type":"Point","coordinates":[51.58,47.671]}},{"type":"Feature","properties":{"name":"Chapaev","rank":6,"capital":0},"geometry":{"type":"Point","coordinates":[51.145,50.191]}},{"type":"Feature","properties":{"name":"Zhanibek","rank":6,"capital":0},"geometry":{"type":"Point","coordinates":[46.877,49.428]}},{"type":"Feature","properties":{"name":"Aqsay","rank":6,"capital":0},"geometry":{"type":"Point","coordinates":[53.035,51.171]}},{"type":"Feature","properties":{"name":"Esil","rank":6,"capital":0},"geometry":{"type":"Point","coordinates":[66.377,51.957]}},{"type":"Feature","properties":{"name":"Derzhavinsk","rank":6,"capital":0},"geometry":{"type":"Point","coordinates":[66.307,51.102]}},{"type":"Feature","properties":{"name":"Zhaltyr","rank":6,"capital":0},"geometry":{"type":"Point","coordinates":[69.833,51.632]}},{"type":"Feature","properties":{"name":"Makinsk","rank":6,"capital":0},"geometry":{"type":"Point","coordinates":[70.41,52.64]}},{"type":"Feature","properties":{"name":"Aqsu","rank":6,"capital":0},"geometry":{"type":"Point","coordinates":[71.96,52.45]}},{"type":"Feature","properties":{"name":"Zholymbet","rank":6,"capital":0},"geometry":{"type":"Point","coordinates":[71.71,51.75]}},{"type":"Feature","properties":{"name":"Erymentau","rank":6,"capital":0},"geometry":{"type":"Point","coordinates":[73.105,51.63]}},{"type":"Feature","properties":{"name":"Saryshaghan","rank":6,"capital":0},"geometry":{"type":"Point","coordinates":[73.619,46.12]}},{"type":"Feature","properties":{"name":"Qarazhal","rank":6,"capital":0},"geometry":{"type":"Point","coordinates":[70.8,48.025]}},{"type":"Feature","properties":{"name":"Atasu","rank":6,"capital":0},"geometry":{"type":"Point","coordinates":[71.65,48.69]}},{"type":"Feature","properties":{"name":"Kishkenekol","rank":6,"capital":0},"geometry":{"type":"Point","coordinates":[72.341,53.637]}},{"type":"Feature","properties":{"name":"Tayynsha","rank":6,"capital":0},"geometry":{"type":"Point","coordinates":[69.764,53.848]}},{"type":"Feature","properties":{"name":"Bulaevo","rank":6,"capital":0},"geometry":{"type":"Point","coordinates":[70.44,54.905]}},{"type":"Feature","properties":{"name":"Ertis","rank":6,"capital":0},"geometry":{"type":"Point","coordinates":[75.45,53.345]}},{"type":"Feature","properties":{"name":"Kachiry","rank":6,"capital":0},"geometry":{"type":"Point","coordinates":[76.09,53.08]}},{"type":"Feature","properties":{"name":"Zaysan","rank":6,"capital":0},"geometry":{"type":"Point","coordinates":[84.86,47.475]}},{"type":"Feature","properties":{"name":"Zyryanovsk","rank":6,"capital":0},"geometry":{"type":"Point","coordinates":[84.255,49.745]}},{"type":"Feature","properties":{"name":"Ridder","rank":6,"capital":0},"geometry":{"type":"Point","coordinates":[83.515,50.355]}},{"type":"Feature","properties":{"name":"Shar","rank":6,"capital":0},"geometry":{"type":"Point","coordinates":[81.055,49.6]}},{"type":"Feature","properties":{"name":"Urzhar","rank":6,"capital":0},"geometry":{"type":"Point","coordinates":[81.605,47.1]}},{"type":"Feature","properties":{"name":"Sarqan","rank":6,"capital":0},"geometry":{"type":"Point","coordinates":[79.915,45.42]}},{"type":"Feature","properties":{"name":"Ushtobe","rank":6,"capital":0},"geometry":{"type":"Point","coordinates":[77.97,45.265]}},{"type":"Feature","properties":{"name":"Shonzhy","rank":6,"capital":0},"geometry":{"type":"Point","coordinates":[79.47,43.542]}},{"type":"Feature","properties":{"name":"Qapshaghay","rank":6,"capital":0},"geometry":{"type":"Point","coordinates":[77.069,43.884]}},{"type":"Feature","properties":{"name":"Otar","rank":6,"capital":0},"geometry":{"type":"Point","coordinates":[75.214,43.535]}},{"type":"Feature","properties":{"name":"Fort Shevchenko","rank":6,"capital":0},"geometry":{"type":"Point","coordinates":[50.267,44.517]}},{"type":"Feature","properties":{"name":"Zhangaozen","rank":6,"capital":0},"geometry":{"type":"Point","coordinates":[52.8,43.3]}},{"type":"Feature","properties":{"name":"Arys","rank":6,"capital":0},"geometry":{"type":"Point","coordinates":[68.805,42.437]}},{"type":"Feature","properties":{"name":"Burylbaytal","rank":6,"capital":0},"geometry":{"type":"Point","coordinates":[74.03,44.939]}},{"type":"Feature","properties":{"name":"Shu","rank":6,"capital":0},"geometry":{"type":"Point","coordinates":[73.745,43.595]}},{"type":"Feature","properties":{"name":"Qulan","rank":6,"capital":0},"geometry":{"type":"Point","coordinates":[72.705,42.92]}},{"type":"Feature","properties":{"name":"Oytal","rank":6,"capital":0},"geometry":{"type":"Point","coordinates":[73.255,42.915]}},{"type":"Feature","properties":{"name":"Qaratau","rank":6,"capital":0},"geometry":{"type":"Point","coordinates":[70.46,43.185]}},{"type":"Feature","properties":{"name":"Bafang","rank":6,"capital":0},"geometry":{"type":"Point","coordinates":[10.18,5.17]}},{"type":"Feature","properties":{"name":"Foumban","rank":6,"capital":0},"geometry":{"type":"Point","coordinates":[10.9,5.73]}},{"type":"Feature","properties":{"name":"Bafoussam","rank":6,"capital":0},"geometry":{"type":"Point","coordinates":[10.41,5.49]}},{"type":"Feature","properties":{"name":"Kumba","rank":6,"capital":0},"geometry":{"type":"Point","coordinates":[9.44,4.64]}},{"type":"Feature","properties":{"name":"Eyumojok","rank":6,"capital":0},"geometry":{"type":"Point","coordinates":[8.983,5.75]}},{"type":"Feature","properties":{"name":"Limbe","rank":6,"capital":0},"geometry":{"type":"Point","coordinates":[9.19,4.03]}},{"type":"Feature","properties":{"name":"Kribi","rank":6,"capital":0},"geometry":{"type":"Point","coordinates":[9.91,2.94]}},{"type":"Feature","properties":{"name":"Aiquile","rank":6,"capital":0},"geometry":{"type":"Point","coordinates":[-65.18,-18.19]}},{"type":"Feature","properties":{"name":"Padilla","rank":6,"capital":0},"geometry":{"type":"Point","coordinates":[-64.31,-19.3]}},{"type":"Feature","properties":{"name":"Camargo","rank":6,"capital":0},"geometry":{"type":"Point","coordinates":[-65.21,-20.64]}},{"type":"Feature","properties":{"name":"Reyes","rank":6,"capital":0},"geometry":{"type":"Point","coordinates":[-67.37,-14.31]}},{"type":"Feature","properties":{"name":"San Borja","rank":6,"capital":0},"geometry":{"type":"Point","coordinates":[-66.85,-14.82]}},{"type":"Feature","properties":{"name":"Magdalena","rank":6,"capital":0},"geometry":{"type":"Point","coordinates":[-64.053,-13.26]}},{"type":"Feature","properties":{"name":"San Ram\u00f3n","rank":6,"capital":0},"geometry":{"type":"Point","coordinates":[-64.71,-13.29]}},{"type":"Feature","properties":{"name":"Nkongsamba","rank":6,"capital":0},"geometry":{"type":"Point","coordinates":[9.94,4.96]}},{"type":"Feature","properties":{"name":"Ed\u00e9a","rank":6,"capital":0},"geometry":{"type":"Point","coordinates":[10.12,3.8]}},{"type":"Feature","properties":{"name":"Wum","rank":6,"capital":0},"geometry":{"type":"Point","coordinates":[10.07,6.4]}},{"type":"Feature","properties":{"name":"Kumbo","rank":6,"capital":0},"geometry":{"type":"Point","coordinates":[10.68,6.22]}},{"type":"Feature","properties":{"name":"Bafia","rank":6,"capital":0},"geometry":{"type":"Point","coordinates":[11.23,4.75]}},{"type":"Feature","properties":{"name":"Mbalmayo","rank":6,"capital":0},"geometry":{"type":"Point","coordinates":[11.5,3.52]}},{"type":"Feature","properties":{"name":"Es\u00e9ka","rank":6,"capital":0},"geometry":{"type":"Point","coordinates":[10.767,3.65]}},{"type":"Feature","properties":{"name":"Bertoua","rank":6,"capital":0},"geometry":{"type":"Point","coordinates":[13.68,4.58]}},{"type":"Feature","properties":{"name":"Abong Mbang","rank":6,"capital":0},"geometry":{"type":"Point","coordinates":[13.183,3.984]}},{"type":"Feature","properties":{"name":"Batouri","rank":6,"capital":0},"geometry":{"type":"Point","coordinates":[14.367,4.434]}},{"type":"Feature","properties":{"name":"B\u00e9labo","rank":6,"capital":0},"geometry":{"type":"Point","coordinates":[13.3,4.934]}},{"type":"Feature","properties":{"name":"Meiganga","rank":6,"capital":0},"geometry":{"type":"Point","coordinates":[14.29,6.52]}},{"type":"Feature","properties":{"name":"Ngaound\u00e9r\u00e9","rank":6,"capital":0},"geometry":{"type":"Point","coordinates":[13.58,7.32]}},{"type":"Feature","properties":{"name":"Tibati","rank":6,"capital":0},"geometry":{"type":"Point","coordinates":[12.633,6.467]}},{"type":"Feature","properties":{"name":"Kontcha","rank":6,"capital":0},"geometry":{"type":"Point","coordinates":[12.233,7.967]}},{"type":"Feature","properties":{"name":"Guider","rank":6,"capital":0},"geometry":{"type":"Point","coordinates":[13.94,9.93]}},{"type":"Feature","properties":{"name":"Mbe","rank":6,"capital":0},"geometry":{"type":"Point","coordinates":[13.6,7.85]}},{"type":"Feature","properties":{"name":"Lucapa","rank":6,"capital":0},"geometry":{"type":"Point","coordinates":[20.74,-8.42]}},{"type":"Feature","properties":{"name":"Capenda-Camulemba","rank":6,"capital":0},"geometry":{"type":"Point","coordinates":[18.43,-9.42]}},{"type":"Feature","properties":{"name":"Saurimo","rank":6,"capital":0},"geometry":{"type":"Point","coordinates":[20.39,-9.66]}},{"type":"Feature","properties":{"name":"Muconda","rank":6,"capital":0},"geometry":{"type":"Point","coordinates":[21.32,-10.6]}},{"type":"Feature","properties":{"name":"Cacolo","rank":6,"capital":0},"geometry":{"type":"Point","coordinates":[19.26,-10.15]}},{"type":"Feature","properties":{"name":"Caxito","rank":6,"capital":0},"geometry":{"type":"Point","coordinates":[13.66,-8.58]}},{"type":"Feature","properties":{"name":"Camabatela","rank":6,"capital":0},"geometry":{"type":"Point","coordinates":[15.37,-8.19]}},{"type":"Feature","properties":{"name":"Ndalatando","rank":6,"capital":0},"geometry":{"type":"Point","coordinates":[14.91,-9.3]}},{"type":"Feature","properties":{"name":"Quibala","rank":6,"capital":0},"geometry":{"type":"Point","coordinates":[14.98,-10.73]}},{"type":"Feature","properties":{"name":"Calulo","rank":6,"capital":0},"geometry":{"type":"Point","coordinates":[14.9,-10.0]}},{"type":"Feature","properties":{"name":"Waku Kungo","rank":6,"capital":0},"geometry":{"type":"Point","coordinates":[15.12,-11.36]}},{"type":"Feature","properties":{"name":"Songo","rank":6,"capital":0},"geometry":{"type":"Point","coordinates":[14.85,-7.35]}},{"type":"Feature","properties":{"name":"Mbanza-Congo","rank":6,"capital":0},"geometry":{"type":"Point","coordinates":[14.24,-6.27]}},{"type":"Feature","properties":{"name":"Nzeto","rank":6,"capital":0},"geometry":{"type":"Point","coordinates":[12.86,-7.23]}},{"type":"Feature","properties":{"name":"Soyo","rank":6,"capital":0},"geometry":{"type":"Point","coordinates":[12.37,-6.13]}},{"type":"Feature","properties":{"name":"Cabinda","rank":6,"capital":0},"geometry":{"type":"Point","coordinates":[12.19,-5.56]}},{"type":"Feature","properties":{"name":"Calucinga","rank":6,"capital":0},"geometry":{"type":"Point","coordinates":[16.2,-11.32]}},{"type":"Feature","properties":{"name":"Camacupa","rank":6,"capital":0},"geometry":{"type":"Point","coordinates":[17.47,-12.02]}},{"type":"Feature","properties":{"name":"Cubal","rank":6,"capital":0},"geometry":{"type":"Point","coordinates":[14.24,-13.04]}},{"type":"Feature","properties":{"name":"Mavinga","rank":6,"capital":0},"geometry":{"type":"Point","coordinates":[20.36,-15.79]}},{"type":"Feature","properties":{"name":"Cuito Caunavale","rank":6,"capital":0},"geometry":{"type":"Point","coordinates":[19.17,-15.16]}},{"type":"Feature","properties":{"name":"Luiana","rank":6,"capital":0},"geometry":{"type":"Point","coordinates":[23.0,-17.37]}},{"type":"Feature","properties":{"name":"Ondjiva","rank":6,"capital":0},"geometry":{"type":"Point","coordinates":[15.73,-17.07]}},{"type":"Feature","properties":{"name":"Chitado","rank":6,"capital":0},"geometry":{"type":"Point","coordinates":[13.92,-17.32]}},{"type":"Feature","properties":{"name":"Chibemba","rank":6,"capital":0},"geometry":{"type":"Point","coordinates":[14.08,-15.75]}},{"type":"Feature","properties":{"name":"Chibia","rank":6,"capital":0},"geometry":{"type":"Point","coordinates":[13.69,-15.19]}},{"type":"Feature","properties":{"name":"Quipungo","rank":6,"capital":0},"geometry":{"type":"Point","coordinates":[14.55,-14.83]}},{"type":"Feature","properties":{"name":"Luau","rank":6,"capital":0},"geometry":{"type":"Point","coordinates":[22.23,-10.71]}},{"type":"Feature","properties":{"name":"Cangamba","rank":6,"capital":0},"geometry":{"type":"Point","coordinates":[19.86,-13.7]}},{"type":"Feature","properties":{"name":"Lumbala Nguimbo","rank":6,"capital":0},"geometry":{"type":"Point","coordinates":[21.44,-14.1]}},{"type":"Feature","properties":{"name":"Cazombo","rank":6,"capital":0},"geometry":{"type":"Point","coordinates":[22.9,-11.89]}},{"type":"Feature","properties":{"name":"Puerto Heath","rank":6,"capital":0},"geometry":{"type":"Point","coordinates":[-68.667,-12.5]}},{"type":"Feature","properties":{"name":"Chara\u00f1a","rank":6,"capital":0},"geometry":{"type":"Point","coordinates":[-69.467,-17.6]}},{"type":"Feature","properties":{"name":"Puerto Acosta","rank":6,"capital":0},"geometry":{"type":"Point","coordinates":[-69.167,-15.5]}},{"type":"Feature","properties":{"name":"Apolo","rank":6,"capital":0},"geometry":{"type":"Point","coordinates":[-68.42,-14.72]}},{"type":"Feature","properties":{"name":"Coroico","rank":6,"capital":0},"geometry":{"type":"Point","coordinates":[-67.72,-16.19]}},{"type":"Feature","properties":{"name":"Coro Coro","rank":6,"capital":0},"geometry":{"type":"Point","coordinates":[-68.45,-17.17]}},{"type":"Feature","properties":{"name":"Sabaya","rank":6,"capital":0},"geometry":{"type":"Point","coordinates":[-68.383,-19.016]}},{"type":"Feature","properties":{"name":"Challapata","rank":6,"capital":0},"geometry":{"type":"Point","coordinates":[-66.78,-18.9]}},{"type":"Feature","properties":{"name":"Llica","rank":6,"capital":0},"geometry":{"type":"Point","coordinates":[-68.25,-19.85]}},{"type":"Feature","properties":{"name":"Potos\u00ed","rank":6,"capital":0},"geometry":{"type":"Point","coordinates":[-65.75,-19.57]}},{"type":"Feature","properties":{"name":"Villaz\u00f3n","rank":6,"capital":0},"geometry":{"type":"Point","coordinates":[-65.6,-22.08]}},{"type":"Feature","properties":{"name":"Tupiza","rank":6,"capital":0},"geometry":{"type":"Point","coordinates":[-65.72,-21.44]}},{"type":"Feature","properties":{"name":"Montero","rank":6,"capital":0},"geometry":{"type":"Point","coordinates":[-63.26,-17.35]}},{"type":"Feature","properties":{"name":"Piso Firme","rank":6,"capital":0},"geometry":{"type":"Point","coordinates":[-61.867,-13.683]}},{"type":"Feature","properties":{"name":"Robor\u00e9","rank":6,"capital":0},"geometry":{"type":"Point","coordinates":[-59.76,-18.33]}},{"type":"Feature","properties":{"name":"Puerto Quijarro","rank":6,"capital":0},"geometry":{"type":"Point","coordinates":[-57.77,-17.78]}},{"type":"Feature","properties":{"name":"San Ignacio","rank":6,"capital":0},"geometry":{"type":"Point","coordinates":[-60.96,-16.37]}},{"type":"Feature","properties":{"name":"Ascension","rank":6,"capital":0},"geometry":{"type":"Point","coordinates":[-63.08,-15.7]}},{"type":"Feature","properties":{"name":"San Javier","rank":6,"capital":0},"geometry":{"type":"Point","coordinates":[-62.5,-16.29]}},{"type":"Feature","properties":{"name":"San Rafael","rank":6,"capital":0},"geometry":{"type":"Point","coordinates":[-60.68,-16.78]}},{"type":"Feature","properties":{"name":"Vallegrande","rank":6,"capital":0},"geometry":{"type":"Point","coordinates":[-64.11,-18.49]}},{"type":"Feature","properties":{"name":"Puerto Su\u00e1rez","rank":6,"capital":0},"geometry":{"type":"Point","coordinates":[-57.85,-18.95]}},{"type":"Feature","properties":{"name":"Charagua","rank":6,"capital":0},"geometry":{"type":"Point","coordinates":[-63.22,-19.8]}},{"type":"Feature","properties":{"name":"Villamontes","rank":6,"capital":0},"geometry":{"type":"Point","coordinates":[-63.5,-21.25]}},{"type":"Feature","properties":{"name":"Bermejo","rank":6,"capital":0},"geometry":{"type":"Point","coordinates":[-64.35,-22.73]}},{"type":"Feature","properties":{"name":"Pinsk","rank":6,"capital":0},"geometry":{"type":"Point","coordinates":[26.094,52.128]}},{"type":"Feature","properties":{"name":"Mazyr","rank":6,"capital":0},"geometry":{"type":"Point","coordinates":[29.272,52.046]}},{"type":"Feature","properties":{"name":"Mahilyow","rank":6,"capital":0},"geometry":{"type":"Point","coordinates":[30.325,53.899]}},{"type":"Feature","properties":{"name":"Babruysk","rank":6,"capital":0},"geometry":{"type":"Point","coordinates":[29.193,53.127]}},{"type":"Feature","properties":{"name":"Orsha","rank":6,"capital":0},"geometry":{"type":"Point","coordinates":[30.422,54.515]}},{"type":"Feature","properties":{"name":"Lida","rank":6,"capital":0},"geometry":{"type":"Point","coordinates":[25.285,53.888]}},{"type":"Feature","properties":{"name":"Hrodna","rank":6,"capital":0},"geometry":{"type":"Point","coordinates":[23.834,53.678]}},{"type":"Feature","properties":{"name":"Barysaw","rank":6,"capital":0},"geometry":{"type":"Point","coordinates":[28.492,54.226]}},{"type":"Feature","properties":{"name":"Pokhara","rank":6,"capital":0},"geometry":{"type":"Point","coordinates":[84.006,28.204]}},{"type":"Feature","properties":{"name":"San Fernando de Apure","rank":6,"capital":0},"geometry":{"type":"Point","coordinates":[-67.47,7.9]}},{"type":"Feature","properties":{"name":"Barquisimeto","rank":6,"capital":0},"geometry":{"type":"Point","coordinates":[-69.302,10.052]}},{"type":"Feature","properties":{"name":"Matur\u00edn","rank":6,"capital":0},"geometry":{"type":"Point","coordinates":[-63.17,9.75]}},{"type":"Feature","properties":{"name":"Cuman\u00e1","rank":6,"capital":0},"geometry":{"type":"Point","coordinates":[-64.18,10.45]}},{"type":"Feature","properties":{"name":"Muynoq","rank":6,"capital":0},"geometry":{"type":"Point","coordinates":[59.021,43.768]}},{"type":"Feature","properties":{"name":"Termiz","rank":6,"capital":0},"geometry":{"type":"Point","coordinates":[67.273,37.233]}},{"type":"Feature","properties":{"name":"Fargona","rank":6,"capital":0},"geometry":{"type":"Point","coordinates":[71.78,40.39]}},{"type":"Feature","properties":{"name":"Namangan","rank":6,"capital":0},"geometry":{"type":"Point","coordinates":[71.67,41.0]}},{"type":"Feature","properties":{"name":"Galle","rank":6,"capital":0},"geometry":{"type":"Point","coordinates":[80.24,6.03]}},{"type":"Feature","properties":{"name":"Set\u00fabal","rank":6,"capital":0},"geometry":{"type":"Point","coordinates":[-8.9,38.53]}},{"type":"Feature","properties":{"name":"Porto","rank":6,"capital":0},"geometry":{"type":"Point","coordinates":[-8.622,41.152]}},{"type":"Feature","properties":{"name":"Johor Bahru","rank":6,"capital":0},"geometry":{"type":"Point","coordinates":[103.728,1.482]}},{"type":"Feature","properties":{"name":"Kelang","rank":6,"capital":0},"geometry":{"type":"Point","coordinates":[101.447,3.043]}},{"type":"Feature","properties":{"name":"Nampo","rank":6,"capital":0},"geometry":{"type":"Point","coordinates":[125.45,38.769]}},{"type":"Feature","properties":{"name":"Chongjin","rank":6,"capital":0},"geometry":{"type":"Point","coordinates":[129.79,41.785]}},{"type":"Feature","properties":{"name":"Kimchaek","rank":6,"capital":0},"geometry":{"type":"Point","coordinates":[129.203,40.672]}},{"type":"Feature","properties":{"name":"Hamhung","rank":6,"capital":0},"geometry":{"type":"Point","coordinates":[127.543,39.912]}},{"type":"Feature","properties":{"name":"Pinar del Rio","rank":6,"capital":0},"geometry":{"type":"Point","coordinates":[-83.698,22.418]}},{"type":"Feature","properties":{"name":"Camag\u00fcey","rank":6,"capital":0},"geometry":{"type":"Point","coordinates":[-77.917,21.381]}},{"type":"Feature","properties":{"name":"Guant\u00e1namo","rank":6,"capital":0},"geometry":{"type":"Point","coordinates":[-75.206,20.145]}},{"type":"Feature","properties":{"name":"Holgu\u00edn","rank":6,"capital":0},"geometry":{"type":"Point","coordinates":[-76.263,20.887]}},{"type":"Feature","properties":{"name":"Santa Clara","rank":6,"capital":0},"geometry":{"type":"Point","coordinates":[-79.967,22.4]}},{"type":"Feature","properties":{"name":"Patra","rank":6,"capital":0},"geometry":{"type":"Point","coordinates":[21.73,38.23]}},{"type":"Feature","properties":{"name":"Khromtau","rank":6,"capital":0},"geometry":{"type":"Point","coordinates":[58.45,50.27]}},{"type":"Feature","properties":{"name":"Arqalyq","rank":6,"capital":0},"geometry":{"type":"Point","coordinates":[66.898,50.242]}},{"type":"Feature","properties":{"name":"Oostanay","rank":6,"capital":0},"geometry":{"type":"Point","coordinates":[63.628,53.221]}},{"type":"Feature","properties":{"name":"Baykonur","rank":6,"capital":0},"geometry":{"type":"Point","coordinates":[63.241,45.691]}},{"type":"Feature","properties":{"name":"Balyqshy","rank":6,"capital":0},"geometry":{"type":"Point","coordinates":[51.867,47.067]}},{"type":"Feature","properties":{"name":"Atbasar","rank":6,"capital":0},"geometry":{"type":"Point","coordinates":[68.348,51.822]}},{"type":"Feature","properties":{"name":"Kokshetau","rank":6,"capital":0},"geometry":{"type":"Point","coordinates":[69.42,53.3]}},{"type":"Feature","properties":{"name":"Temirtau","rank":6,"capital":0},"geometry":{"type":"Point","coordinates":[72.965,50.065]}},{"type":"Feature","properties":{"name":"Zhezqazghan","rank":6,"capital":0},"geometry":{"type":"Point","coordinates":[67.77,47.78]}},{"type":"Feature","properties":{"name":"Qarqaraly","rank":6,"capital":0},"geometry":{"type":"Point","coordinates":[75.465,49.425]}},{"type":"Feature","properties":{"name":"Balqash","rank":6,"capital":0},"geometry":{"type":"Point","coordinates":[74.95,46.853]}},{"type":"Feature","properties":{"name":"Petropavlovsk","rank":6,"capital":0},"geometry":{"type":"Point","coordinates":[69.22,54.88]}},{"type":"Feature","properties":{"name":"Ayakoz","rank":6,"capital":0},"geometry":{"type":"Point","coordinates":[80.43,47.965]}},{"type":"Feature","properties":{"name":"Taldyqorghan","rank":6,"capital":0},"geometry":{"type":"Point","coordinates":[78.4,45.0]}},{"type":"Feature","properties":{"name":"Turkistan","rank":6,"capital":0},"geometry":{"type":"Point","coordinates":[68.255,43.302]}},{"type":"Feature","properties":{"name":"Coro","rank":6,"capital":0},"geometry":{"type":"Point","coordinates":[-69.68,11.42]}},{"type":"Feature","properties":{"name":"Punto Fijo","rank":6,"capital":0},"geometry":{"type":"Point","coordinates":[-70.21,11.72]}},{"type":"Feature","properties":{"name":"La Esmeralda","rank":6,"capital":0},"geometry":{"type":"Point","coordinates":[-65.547,3.174]}},{"type":"Feature","properties":{"name":"Ciudad Bol\u00edvar","rank":6,"capital":0},"geometry":{"type":"Point","coordinates":[-63.6,8.1]}},{"type":"Feature","properties":{"name":"El Dorado","rank":6,"capital":0},"geometry":{"type":"Point","coordinates":[-61.633,6.733]}},{"type":"Feature","properties":{"name":"Maracay","rank":6,"capital":0},"geometry":{"type":"Point","coordinates":[-67.598,10.249]}},{"type":"Feature","properties":{"name":"Sadah","rank":6,"capital":0},"geometry":{"type":"Point","coordinates":[43.85,16.94]}},{"type":"Feature","properties":{"name":"Al Hudaydah","rank":6,"capital":0},"geometry":{"type":"Point","coordinates":[42.951,14.8]}},{"type":"Feature","properties":{"name":"Sayhut al Ghamirah","rank":6,"capital":0},"geometry":{"type":"Point","coordinates":[51.245,15.211]}},{"type":"Feature","properties":{"name":"Al Mukalla","rank":6,"capital":0},"geometry":{"type":"Point","coordinates":[49.126,14.541]}},{"type":"Feature","properties":{"name":"Urgentch","rank":6,"capital":0},"geometry":{"type":"Point","coordinates":[60.64,41.56]}},{"type":"Feature","properties":{"name":"Mansa","rank":6,"capital":0},"geometry":{"type":"Point","coordinates":[28.89,-11.2]}},{"type":"Feature","properties":{"name":"Mpika","rank":6,"capital":0},"geometry":{"type":"Point","coordinates":[31.46,-11.83]}},{"type":"Feature","properties":{"name":"Mbala","rank":6,"capital":0},"geometry":{"type":"Point","coordinates":[31.37,-8.84]}},{"type":"Feature","properties":{"name":"Luanshya","rank":6,"capital":0},"geometry":{"type":"Point","coordinates":[28.4,-13.133]}},{"type":"Feature","properties":{"name":"Ndola","rank":6,"capital":0},"geometry":{"type":"Point","coordinates":[28.65,-13.0]}},{"type":"Feature","properties":{"name":"Zambezi","rank":6,"capital":0},"geometry":{"type":"Point","coordinates":[23.11,-13.54]}},{"type":"Feature","properties":{"name":"Kafue","rank":6,"capital":0},"geometry":{"type":"Point","coordinates":[28.18,-15.78]}},{"type":"Feature","properties":{"name":"Mazabuka","rank":6,"capital":0},"geometry":{"type":"Point","coordinates":[27.76,-15.86]}},{"type":"Feature","properties":{"name":"Hwange","rank":6,"capital":0},"geometry":{"type":"Point","coordinates":[26.5,-18.37]}},{"type":"Feature","properties":{"name":"Gweru","rank":6,"capital":0},"geometry":{"type":"Point","coordinates":[29.82,-19.45]}},{"type":"Feature","properties":{"name":"Mutare","rank":6,"capital":0},"geometry":{"type":"Point","coordinates":[32.65,-18.97]}},{"type":"Feature","properties":{"name":"Kadoma","rank":6,"capital":0},"geometry":{"type":"Point","coordinates":[29.91,-18.33]}},{"type":"Feature","properties":{"name":"Cochabamba","rank":6,"capital":0},"geometry":{"type":"Point","coordinates":[-66.17,-17.41]}},{"type":"Feature","properties":{"name":"Oruro","rank":6,"capital":0},"geometry":{"type":"Point","coordinates":[-67.13,-17.98]}},{"type":"Feature","properties":{"name":"Camiri","rank":6,"capital":0},"geometry":{"type":"Point","coordinates":[-63.52,-20.05]}},{"type":"Feature","properties":{"name":"Homyel","rank":6,"capital":0},"geometry":{"type":"Point","coordinates":[31.0,52.43]}},{"type":"Feature","properties":{"name":"Dosso","rank":6,"capital":0},"geometry":{"type":"Point","coordinates":[3.2,13.05]}},{"type":"Feature","properties":{"name":"Homs","rank":6,"capital":0},"geometry":{"type":"Point","coordinates":[36.718,34.732]}},{"type":"Feature","properties":{"name":"Cluj-Napoca","rank":6,"capital":0},"geometry":{"type":"Point","coordinates":[23.598,46.788]}},{"type":"Feature","properties":{"name":"Funchal","rank":6,"capital":0},"geometry":{"type":"Point","coordinates":[-16.88,32.65]}},{"type":"Feature","properties":{"name":"Arlit","rank":6,"capital":0},"geometry":{"type":"Point","coordinates":[7.389,18.736]}},{"type":"Feature","properties":{"name":"Djado","rank":6,"capital":0},"geometry":{"type":"Point","coordinates":[12.308,21.015]}},{"type":"Feature","properties":{"name":"Chimoio","rank":6,"capital":0},"geometry":{"type":"Point","coordinates":[33.47,-19.12]}},{"type":"Feature","properties":{"name":"Lichinga","rank":6,"capital":0},"geometry":{"type":"Point","coordinates":[35.24,-13.3]}},{"type":"Feature","properties":{"name":"Angoche","rank":6,"capital":0},"geometry":{"type":"Point","coordinates":[39.91,-16.23]}},{"type":"Feature","properties":{"name":"Mocambique","rank":6,"capital":0},"geometry":{"type":"Point","coordinates":[40.682,-15.04]}},{"type":"Feature","properties":{"name":"Inhambane","rank":6,"capital":0},"geometry":{"type":"Point","coordinates":[35.34,-23.858]}},{"type":"Feature","properties":{"name":"Anuradhapura","rank":6,"capital":0},"geometry":{"type":"Point","coordinates":[80.383,8.35]}},{"type":"Feature","properties":{"name":"Jaffna","rank":6,"capital":0},"geometry":{"type":"Point","coordinates":[80.005,9.675]}},{"type":"Feature","properties":{"name":"Keetmanshoop","rank":6,"capital":0},"geometry":{"type":"Point","coordinates":[18.13,-26.574]}},{"type":"Feature","properties":{"name":"Maltah\u00f6he","rank":6,"capital":0},"geometry":{"type":"Point","coordinates":[16.94,-24.84]}},{"type":"Feature","properties":{"name":"Swakopmund","rank":6,"capital":0},"geometry":{"type":"Point","coordinates":[14.535,-22.669]}},{"type":"Feature","properties":{"name":"Ongwediva","rank":6,"capital":0},"geometry":{"type":"Point","coordinates":[15.77,-17.78]}},{"type":"Feature","properties":{"name":"Rundu","rank":6,"capital":0},"geometry":{"type":"Point","coordinates":[19.75,-17.92]}},{"type":"Feature","properties":{"name":"Tsumeb","rank":6,"capital":0},"geometry":{"type":"Point","coordinates":[17.71,-19.24]}},{"type":"Feature","properties":{"name":"Taiping","rank":6,"capital":0},"geometry":{"type":"Point","coordinates":[100.72,4.865]}},{"type":"Feature","properties":{"name":"Ipoh","rank":6,"capital":0},"geometry":{"type":"Point","coordinates":[101.065,4.6]}},{"type":"Feature","properties":{"name":"Kota Baharu","rank":6,"capital":0},"geometry":{"type":"Point","coordinates":[102.23,6.12]}},{"type":"Feature","properties":{"name":"Malacca","rank":6,"capital":0},"geometry":{"type":"Point","coordinates":[102.246,2.206]}},{"type":"Feature","properties":{"name":"Kuantan","rank":6,"capital":0},"geometry":{"type":"Point","coordinates":[103.32,3.83]}},{"type":"Feature","properties":{"name":"Tawau","rank":6,"capital":0},"geometry":{"type":"Point","coordinates":[117.896,4.271]}},{"type":"Feature","properties":{"name":"Sandakan","rank":6,"capital":0},"geometry":{"type":"Point","coordinates":[118.108,5.843]}},{"type":"Feature","properties":{"name":"Kota Kinabalu","rank":6,"capital":0},"geometry":{"type":"Point","coordinates":[116.11,5.98]}},{"type":"Feature","properties":{"name":"Sibu","rank":6,"capital":0},"geometry":{"type":"Point","coordinates":[111.843,2.303]}},{"type":"Feature","properties":{"name":"Antsirabe","rank":6,"capital":0},"geometry":{"type":"Point","coordinates":[47.033,-19.85]}},{"type":"Feature","properties":{"name":"Antalaha","rank":6,"capital":0},"geometry":{"type":"Point","coordinates":[50.283,-14.883]}},{"type":"Feature","properties":{"name":"Andoany","rank":6,"capital":0},"geometry":{"type":"Point","coordinates":[48.267,-13.4]}},{"type":"Feature","properties":{"name":"Farafangana","rank":6,"capital":0},"geometry":{"type":"Point","coordinates":[47.833,-22.817]}},{"type":"Feature","properties":{"name":"Mananjary","rank":6,"capital":0},"geometry":{"type":"Point","coordinates":[48.333,-21.217]}},{"type":"Feature","properties":{"name":"Maintirano","rank":6,"capital":0},"geometry":{"type":"Point","coordinates":[44.017,-18.067]}},{"type":"Feature","properties":{"name":"Toamasina","rank":6,"capital":0},"geometry":{"type":"Point","coordinates":[49.405,-18.182]}},{"type":"Feature","properties":{"name":"Maroantsetra","rank":6,"capital":0},"geometry":{"type":"Point","coordinates":[49.733,-15.433]}},{"type":"Feature","properties":{"name":"T\u00f4lanaro","rank":6,"capital":0},"geometry":{"type":"Point","coordinates":[46.99,-25.027]}},{"type":"Feature","properties":{"name":"Morombe","rank":6,"capital":0},"geometry":{"type":"Point","coordinates":[43.366,-21.739]}},{"type":"Feature","properties":{"name":"Androka","rank":6,"capital":0},"geometry":{"type":"Point","coordinates":[44.075,-25.022]}},{"type":"Feature","properties":{"name":"Morondava","rank":6,"capital":0},"geometry":{"type":"Point","coordinates":[44.283,-20.283]}},{"type":"Feature","properties":{"name":"Kumasi","rank":6,"capital":0},"geometry":{"type":"Point","coordinates":[-1.632,6.692]}},{"type":"Feature","properties":{"name":"Sekondi","rank":6,"capital":0},"geometry":{"type":"Point","coordinates":[-1.704,4.943]}},{"type":"Feature","properties":{"name":"Taoudenni","rank":6,"capital":0},"geometry":{"type":"Point","coordinates":[-3.983,22.667]}},{"type":"Feature","properties":{"name":"Araouane","rank":6,"capital":0},"geometry":{"type":"Point","coordinates":[-3.53,18.9]}},{"type":"Feature","properties":{"name":"Tessalit","rank":6,"capital":0},"geometry":{"type":"Point","coordinates":[1.089,20.201]}},{"type":"Feature","properties":{"name":"M\u00e9naka","rank":6,"capital":0},"geometry":{"type":"Point","coordinates":[2.4,15.917]}},{"type":"Feature","properties":{"name":"Nara","rank":6,"capital":0},"geometry":{"type":"Point","coordinates":[-7.28,15.18]}},{"type":"Feature","properties":{"name":"Koulikoro","rank":6,"capital":0},"geometry":{"type":"Point","coordinates":[-7.55,12.883]}},{"type":"Feature","properties":{"name":"Mopti","rank":6,"capital":0},"geometry":{"type":"Point","coordinates":[-4.18,14.49]}},{"type":"Feature","properties":{"name":"Kalamata","rank":6,"capital":0},"geometry":{"type":"Point","coordinates":[22.114,37.039]}},{"type":"Feature","properties":{"name":"Iraklio","rank":6,"capital":0},"geometry":{"type":"Point","coordinates":[25.13,35.325]}},{"type":"Feature","properties":{"name":"Shalqar","rank":6,"capital":0},"geometry":{"type":"Point","coordinates":[59.614,47.836]}},{"type":"Feature","properties":{"name":"Qazaly","rank":6,"capital":0},"geometry":{"type":"Point","coordinates":[62.108,45.763]}},{"type":"Feature","properties":{"name":"Aral","rank":6,"capital":0},"geometry":{"type":"Point","coordinates":[61.667,46.8]}},{"type":"Feature","properties":{"name":"Qulsary","rank":6,"capital":0},"geometry":{"type":"Point","coordinates":[54.017,46.983]}},{"type":"Feature","properties":{"name":"Oral","rank":6,"capital":0},"geometry":{"type":"Point","coordinates":[51.335,51.271]}},{"type":"Feature","properties":{"name":"Beyneu","rank":6,"capital":0},"geometry":{"type":"Point","coordinates":[55.1,45.183]}},{"type":"Feature","properties":{"name":"Aqtau","rank":6,"capital":0},"geometry":{"type":"Point","coordinates":[51.236,43.623]}},{"type":"Feature","properties":{"name":"Dundo","rank":6,"capital":0},"geometry":{"type":"Point","coordinates":[20.83,-7.38]}},{"type":"Feature","properties":{"name":"Ambriz","rank":6,"capital":0},"geometry":{"type":"Point","coordinates":[13.125,-7.855]}},{"type":"Feature","properties":{"name":"Dondo","rank":6,"capital":0},"geometry":{"type":"Point","coordinates":[14.43,-9.69]}},{"type":"Feature","properties":{"name":"Sumbe","rank":6,"capital":0},"geometry":{"type":"Point","coordinates":[13.85,-11.21]}},{"type":"Feature","properties":{"name":"U\u00edge","rank":6,"capital":0},"geometry":{"type":"Point","coordinates":[15.05,-7.62]}},{"type":"Feature","properties":{"name":"Kuito","rank":6,"capital":0},"geometry":{"type":"Point","coordinates":[16.94,-12.38]}},{"type":"Feature","properties":{"name":"Lobito","rank":6,"capital":0},"geometry":{"type":"Point","coordinates":[13.541,-12.37]}},{"type":"Feature","properties":{"name":"Xangongo","rank":6,"capital":0},"geometry":{"type":"Point","coordinates":[14.97,-16.74]}},{"type":"Feature","properties":{"name":"Luena","rank":6,"capital":0},"geometry":{"type":"Point","coordinates":[19.9,-11.79]}},{"type":"Feature","properties":{"name":"T\u00f4mbua","rank":6,"capital":0},"geometry":{"type":"Point","coordinates":[11.86,-15.8]}},{"type":"Feature","properties":{"name":"San Matias","rank":6,"capital":0},"geometry":{"type":"Point","coordinates":[-58.42,-16.36]}},{"type":"Feature","properties":{"name":"San Jose","rank":6,"capital":0},"geometry":{"type":"Point","coordinates":[-60.78,-17.85]}},{"type":"Feature","properties":{"name":"Vitsyebsk","rank":6,"capital":0},"geometry":{"type":"Point","coordinates":[30.185,55.189]}},{"type":"Feature","properties":{"name":"M\u00e9rida","rank":6,"capital":0},"geometry":{"type":"Point","coordinates":[-71.183,8.57]}},{"type":"Feature","properties":{"name":"Puerto Ayacucho","rank":6,"capital":0},"geometry":{"type":"Point","coordinates":[-67.624,5.664]}},{"type":"Feature","properties":{"name":"Taizz","rank":6,"capital":0},"geometry":{"type":"Point","coordinates":[44.037,13.606]}},{"type":"Feature","properties":{"name":"Bukhara","rank":6,"capital":0},"geometry":{"type":"Point","coordinates":[64.43,39.78]}},{"type":"Feature","properties":{"name":"Nukus","rank":6,"capital":0},"geometry":{"type":"Point","coordinates":[59.615,42.47]}},{"type":"Feature","properties":{"name":"Andijan","rank":6,"capital":0},"geometry":{"type":"Point","coordinates":[72.34,40.79]}},{"type":"Feature","properties":{"name":"Kabwe","rank":6,"capital":0},"geometry":{"type":"Point","coordinates":[28.45,-14.44]}},{"type":"Feature","properties":{"name":"Mufulira","rank":6,"capital":0},"geometry":{"type":"Point","coordinates":[28.26,-12.55]}},{"type":"Feature","properties":{"name":"Kitwe","rank":6,"capital":0},"geometry":{"type":"Point","coordinates":[28.22,-12.81]}},{"type":"Feature","properties":{"name":"Livingstone","rank":6,"capital":0},"geometry":{"type":"Point","coordinates":[25.86,-17.86]}},{"type":"Feature","properties":{"name":"Chitungwiza","rank":6,"capital":0},"geometry":{"type":"Point","coordinates":[31.1,-18.0]}},{"type":"Feature","properties":{"name":"Douala","rank":6,"capital":0},"geometry":{"type":"Point","coordinates":[9.708,4.062]}},{"type":"Feature","properties":{"name":"Niamey","rank":6,"capital":0},"geometry":{"type":"Point","coordinates":[7.096,13.492]}},{"type":"Feature","properties":{"name":"Tahoua","rank":6,"capital":0},"geometry":{"type":"Point","coordinates":[5.26,14.9]}},{"type":"Feature","properties":{"name":"Constan\u021ba","rank":6,"capital":0},"geometry":{"type":"Point","coordinates":[28.61,44.203]}},{"type":"Feature","properties":{"name":"Ia\u0219i","rank":6,"capital":0},"geometry":{"type":"Point","coordinates":[27.575,47.168]}},{"type":"Feature","properties":{"name":"Ponta Delgada","rank":6,"capital":0},"geometry":{"type":"Point","coordinates":[-25.667,37.748]}},{"type":"Feature","properties":{"name":"Tete","rank":6,"capital":0},"geometry":{"type":"Point","coordinates":[33.58,-16.17]}},{"type":"Feature","properties":{"name":"Pemba","rank":6,"capital":0},"geometry":{"type":"Point","coordinates":[40.532,-12.983]}},{"type":"Feature","properties":{"name":"Nampula","rank":6,"capital":0},"geometry":{"type":"Point","coordinates":[39.293,-15.136]}},{"type":"Feature","properties":{"name":"Xai-Xai","rank":6,"capital":0},"geometry":{"type":"Point","coordinates":[33.64,-25.04]}},{"type":"Feature","properties":{"name":"Quelimane","rank":6,"capital":0},"geometry":{"type":"Point","coordinates":[36.89,-17.88]}},{"type":"Feature","properties":{"name":"Kandy","rank":6,"capital":0},"geometry":{"type":"Point","coordinates":[80.67,7.28]}},{"type":"Feature","properties":{"name":"Sri Jayawardenepura Kotte","rank":6,"capital":0},"geometry":{"type":"Point","coordinates":[79.95,6.9]}},{"type":"Feature","properties":{"name":"Wonsan","rank":6,"capital":0},"geometry":{"type":"Point","coordinates":[127.431,39.16]}},{"type":"Feature","properties":{"name":"Sinuiju","rank":6,"capital":0},"geometry":{"type":"Point","coordinates":[124.421,40.086]}},{"type":"Feature","properties":{"name":"L\u00fcderitz","rank":6,"capital":0},"geometry":{"type":"Point","coordinates":[15.159,-26.648]}},{"type":"Feature","properties":{"name":"Walvis Bay","rank":6,"capital":0},"geometry":{"type":"Point","coordinates":[14.505,-22.958]}},{"type":"Feature","properties":{"name":"George Town","rank":6,"capital":0},"geometry":{"type":"Point","coordinates":[100.329,5.414]}},{"type":"Feature","properties":{"name":"Kuching","rank":6,"capital":0},"geometry":{"type":"Point","coordinates":[110.33,1.53]}},{"type":"Feature","properties":{"name":"Antsiranana","rank":6,"capital":0},"geometry":{"type":"Point","coordinates":[49.312,-12.277]}},{"type":"Feature","properties":{"name":"Fianarantsoa","rank":6,"capital":0},"geometry":{"type":"Point","coordinates":[47.083,-21.433]}},{"type":"Feature","properties":{"name":"Mahajanga","rank":6,"capital":0},"geometry":{"type":"Point","coordinates":[46.345,-15.67]}},{"type":"Feature","properties":{"name":"Toliara","rank":6,"capital":0},"geometry":{"type":"Point","coordinates":[43.69,-23.357]}},{"type":"Feature","properties":{"name":"Santiago de Cuba","rank":6,"capital":0},"geometry":{"type":"Point","coordinates":[-75.821,20.025]}},{"type":"Feature","properties":{"name":"Putrajaya","rank":6,"capital":0},"geometry":{"type":"Point","coordinates":[101.695,2.933]}},{"type":"Feature","properties":{"name":"Gao","rank":6,"capital":0},"geometry":{"type":"Point","coordinates":[-0.05,16.267]}},{"type":"Feature","properties":{"name":"Kayes","rank":6,"capital":0},"geometry":{"type":"Point","coordinates":[-11.44,14.45]}},{"type":"Feature","properties":{"name":"S\u00e9gou","rank":6,"capital":0},"geometry":{"type":"Point","coordinates":[-6.26,13.44]}},{"type":"Feature","properties":{"name":"Aqtobe","rank":6,"capital":0},"geometry":{"type":"Point","coordinates":[57.17,50.28]}},{"type":"Feature","properties":{"name":"Rudniy","rank":6,"capital":0},"geometry":{"type":"Point","coordinates":[63.13,52.953]}},{"type":"Feature","properties":{"name":"Qyzylorda","rank":6,"capital":0},"geometry":{"type":"Point","coordinates":[65.465,44.8]}},{"type":"Feature","properties":{"name":"Atyrau","rank":6,"capital":0},"geometry":{"type":"Point","coordinates":[51.92,47.113]}},{"type":"Feature","properties":{"name":"Ekibastuz","rank":6,"capital":0},"geometry":{"type":"Point","coordinates":[75.32,51.73]}},{"type":"Feature","properties":{"name":"Pavlodar","rank":6,"capital":0},"geometry":{"type":"Point","coordinates":[76.95,52.3]}},{"type":"Feature","properties":{"name":"Semey","rank":6,"capital":0},"geometry":{"type":"Point","coordinates":[80.275,50.435]}},{"type":"Feature","properties":{"name":"Oskemen","rank":6,"capital":0},"geometry":{"type":"Point","coordinates":[82.615,49.99]}},{"type":"Feature","properties":{"name":"Shymkent","rank":6,"capital":0},"geometry":{"type":"Point","coordinates":[69.595,42.32]}},{"type":"Feature","properties":{"name":"Taraz","rank":6,"capital":0},"geometry":{"type":"Point","coordinates":[71.365,42.9]}},{"type":"Feature","properties":{"name":"Ebolowa","rank":6,"capital":0},"geometry":{"type":"Point","coordinates":[11.15,2.9]}},{"type":"Feature","properties":{"name":"Trinidad","rank":6,"capital":0},"geometry":{"type":"Point","coordinates":[-64.9,-14.833]}},{"type":"Feature","properties":{"name":"Bamenda","rank":6,"capital":0},"geometry":{"type":"Point","coordinates":[10.15,5.96]}},{"type":"Feature","properties":{"name":"Garoua","rank":6,"capital":0},"geometry":{"type":"Point","coordinates":[13.39,9.3]}},{"type":"Feature","properties":{"name":"Malanje","rank":6,"capital":0},"geometry":{"type":"Point","coordinates":[16.34,-9.54]}},{"type":"Feature","properties":{"name":"Benguela","rank":6,"capital":0},"geometry":{"type":"Point","coordinates":[13.407,-12.578]}},{"type":"Feature","properties":{"name":"Lubango","rank":6,"capital":0},"geometry":{"type":"Point","coordinates":[13.49,-14.91]}},{"type":"Feature","properties":{"name":"Mo\u00e7\u00e2medes","rank":6,"capital":0},"geometry":{"type":"Point","coordinates":[12.16,-15.19]}},{"type":"Feature","properties":{"name":"Tarija","rank":6,"capital":0},"geometry":{"type":"Point","coordinates":[-64.75,-21.517]}},{"type":"Feature","properties":{"name":"Brest","rank":6,"capital":0},"geometry":{"type":"Point","coordinates":[23.7,52.1]}},{"type":"Feature","properties":{"name":"San Crist\u00f3bal","rank":6,"capital":0},"geometry":{"type":"Point","coordinates":[-72.25,7.77]}},{"type":"Feature","properties":{"name":"Valencia","rank":6,"capital":0},"geometry":{"type":"Point","coordinates":[-67.982,10.232]}},{"type":"Feature","properties":{"name":"Ciudad Guayana","rank":6,"capital":0},"geometry":{"type":"Point","coordinates":[-62.62,8.37]}},{"type":"Feature","properties":{"name":"Samarkand","rank":6,"capital":0},"geometry":{"type":"Point","coordinates":[66.945,39.67]}},{"type":"Feature","properties":{"name":"Lusaka","rank":6,"capital":1},"geometry":{"type":"Point","coordinates":[28.281,-15.415]}},{"type":"Feature","properties":{"name":"Harare","rank":6,"capital":1},"geometry":{"type":"Point","coordinates":[31.043,-17.816]}},{"type":"Feature","properties":{"name":"Bulawayo","rank":6,"capital":0},"geometry":{"type":"Point","coordinates":[28.58,-20.17]}},{"type":"Feature","properties":{"name":"Aden","rank":6,"capital":0},"geometry":{"type":"Point","coordinates":[45.009,12.78]}},{"type":"Feature","properties":{"name":"Zinder","rank":6,"capital":0},"geometry":{"type":"Point","coordinates":[8.983,13.8]}},{"type":"Feature","properties":{"name":"Niamey","rank":6,"capital":1},"geometry":{"type":"Point","coordinates":[2.115,13.519]}},{"type":"Feature","properties":{"name":"Agadez","rank":6,"capital":0},"geometry":{"type":"Point","coordinates":[7.983,16.996]}},{"type":"Feature","properties":{"name":"Kathmandu","rank":6,"capital":1},"geometry":{"type":"Point","coordinates":[85.315,27.719]}},{"type":"Feature","properties":{"name":"Nacala","rank":6,"capital":0},"geometry":{"type":"Point","coordinates":[40.715,-14.519]}},{"type":"Feature","properties":{"name":"Beira","rank":6,"capital":0},"geometry":{"type":"Point","coordinates":[34.87,-19.82]}},{"type":"Feature","properties":{"name":"Maputo","rank":6,"capital":1},"geometry":{"type":"Point","coordinates":[32.587,-25.953]}},{"type":"Feature","properties":{"name":"Colombo","rank":6,"capital":1},"geometry":{"type":"Point","coordinates":[79.858,6.932]}},{"type":"Feature","properties":{"name":"Windhoek","rank":6,"capital":1},"geometry":{"type":"Point","coordinates":[17.084,-22.57]}},{"type":"Feature","properties":{"name":"Grootfontein","rank":6,"capital":0},"geometry":{"type":"Point","coordinates":[18.117,-19.567]}},{"type":"Feature","properties":{"name":"Antananarivo","rank":6,"capital":1},"geometry":{"type":"Point","coordinates":[47.515,-18.915]}},{"type":"Feature","properties":{"name":"Timbuktu","rank":6,"capital":0},"geometry":{"type":"Point","coordinates":[-3.017,16.767]}},{"type":"Feature","properties":{"name":"Bamako","rank":6,"capital":1},"geometry":{"type":"Point","coordinates":[-8.002,12.652]}},{"type":"Feature","properties":{"name":"Djenn\u00e9","rank":6,"capital":0},"geometry":{"type":"Point","coordinates":[-4.55,13.9]}},{"type":"Feature","properties":{"name":"Thessaloniki","rank":6,"capital":0},"geometry":{"type":"Point","coordinates":[22.883,40.698]}},{"type":"Feature","properties":{"name":"Nur-Sultan","rank":6,"capital":1},"geometry":{"type":"Point","coordinates":[71.428,51.181]}},{"type":"Feature","properties":{"name":"Qaraghandy","rank":6,"capital":0},"geometry":{"type":"Point","coordinates":[73.115,49.885]}},{"type":"Feature","properties":{"name":"Almaty","rank":6,"capital":0},"geometry":{"type":"Point","coordinates":[76.913,43.327]}},{"type":"Feature","properties":{"name":"Sucre","rank":6,"capital":1},"geometry":{"type":"Point","coordinates":[-65.26,-19.041]}},{"type":"Feature","properties":{"name":"Riberalta","rank":6,"capital":0},"geometry":{"type":"Point","coordinates":[-66.1,-10.983]}},{"type":"Feature","properties":{"name":"Maroua","rank":6,"capital":0},"geometry":{"type":"Point","coordinates":[14.325,10.596]}},{"type":"Feature","properties":{"name":"Yaound\u00e9","rank":6,"capital":1},"geometry":{"type":"Point","coordinates":[11.515,3.869]}},{"type":"Feature","properties":{"name":"Menongue","rank":6,"capital":0},"geometry":{"type":"Point","coordinates":[17.7,-14.667]}},{"type":"Feature","properties":{"name":"Huambo","rank":6,"capital":0},"geometry":{"type":"Point","coordinates":[15.758,-12.748]}},{"type":"Feature","properties":{"name":"La Paz","rank":6,"capital":1},"geometry":{"type":"Point","coordinates":[-68.152,-16.496]}},{"type":"Feature","properties":{"name":"Santa Cruz","rank":6,"capital":0},"geometry":{"type":"Point","coordinates":[-63.228,-17.752]}},{"type":"Feature","properties":{"name":"Minsk","rank":6,"capital":1},"geometry":{"type":"Point","coordinates":[27.565,53.902]}},{"type":"Feature","properties":{"name":"Maracaibo","rank":6,"capital":0},"geometry":{"type":"Point","coordinates":[-71.662,10.732]}},{"type":"Feature","properties":{"name":"Budapest","rank":6,"capital":1},"geometry":{"type":"Point","coordinates":[19.081,47.502]}},{"type":"Feature","properties":{"name":"Sanaa","rank":6,"capital":1},"geometry":{"type":"Point","coordinates":[44.205,15.357]}},{"type":"Feature","properties":{"name":"Bucharest","rank":6,"capital":1},"geometry":{"type":"Point","coordinates":[26.098,44.435]}},{"type":"Feature","properties":{"name":"Aleppo","rank":6,"capital":0},"geometry":{"type":"Point","coordinates":[37.168,36.232]}},{"type":"Feature","properties":{"name":"Damascus","rank":6,"capital":1},"geometry":{"type":"Point","coordinates":[36.298,33.502]}},{"type":"Feature","properties":{"name":"Lisbon","rank":6,"capital":1},"geometry":{"type":"Point","coordinates":[-9.147,38.725]}},{"type":"Feature","properties":{"name":"Pyongyang","rank":6,"capital":1},"geometry":{"type":"Point","coordinates":[125.753,39.021]}},{"type":"Feature","properties":{"name":"Kuala Lumpur","rank":6,"capital":1},"geometry":{"type":"Point","coordinates":[101.689,3.14]}},{"type":"Feature","properties":{"name":"Havana","rank":6,"capital":1},"geometry":{"type":"Point","coordinates":[-82.366,23.134]}},{"type":"Feature","properties":{"name":"Accra","rank":6,"capital":1},"geometry":{"type":"Point","coordinates":[-0.219,5.552]}},{"type":"Feature","properties":{"name":"Luanda","rank":6,"capital":1},"geometry":{"type":"Point","coordinates":[13.232,-8.836]}},{"type":"Feature","properties":{"name":"Caracas","rank":6,"capital":1},"geometry":{"type":"Point","coordinates":[-66.919,10.503]}},{"type":"Feature","properties":{"name":"Tashkent","rank":6,"capital":1},"geometry":{"type":"Point","coordinates":[69.269,41.304]}},{"type":"Feature","properties":{"name":"Athens","rank":6,"capital":1},"geometry":{"type":"Point","coordinates":[23.731,37.985]}},{"type":"Feature","properties":{"name":"Medenine","rank":7,"capital":0},"geometry":{"type":"Point","coordinates":[10.417,33.4]}},{"type":"Feature","properties":{"name":"Kebili","rank":7,"capital":0},"geometry":{"type":"Point","coordinates":[8.971,33.69]}},{"type":"Feature","properties":{"name":"Tataouine","rank":7,"capital":0},"geometry":{"type":"Point","coordinates":[10.467,33.0]}},{"type":"Feature","properties":{"name":"L'Ariana","rank":7,"capital":0},"geometry":{"type":"Point","coordinates":[10.2,36.867]}},{"type":"Feature","properties":{"name":"Jendouba","rank":7,"capital":0},"geometry":{"type":"Point","coordinates":[8.75,36.5]}},{"type":"Feature","properties":{"name":"Kasserine","rank":7,"capital":0},"geometry":{"type":"Point","coordinates":[8.717,35.217]}},{"type":"Feature","properties":{"name":"Sdid Bouzid","rank":7,"capital":0},"geometry":{"type":"Point","coordinates":[9.5,35.017]}},{"type":"Feature","properties":{"name":"Siliana","rank":7,"capital":0},"geometry":{"type":"Point","coordinates":[9.383,36.083]}},{"type":"Feature","properties":{"name":"Mahdia","rank":7,"capital":0},"geometry":{"type":"Point","coordinates":[11.041,35.484]}},{"type":"Feature","properties":{"name":"Monastir","rank":7,"capital":0},"geometry":{"type":"Point","coordinates":[10.767,35.731]}},{"type":"Feature","properties":{"name":"Zaghouan","rank":7,"capital":0},"geometry":{"type":"Point","coordinates":[10.147,36.4]}},{"type":"Feature","properties":{"name":"Del\u00e9mont","rank":7,"capital":0},"geometry":{"type":"Point","coordinates":[7.345,47.37]}},{"type":"Feature","properties":{"name":"Neuch\u00e2tel","rank":7,"capital":0},"geometry":{"type":"Point","coordinates":[6.923,46.999]}},{"type":"Feature","properties":{"name":"Aarau","rank":7,"capital":0},"geometry":{"type":"Point","coordinates":[8.034,47.39]}},{"type":"Feature","properties":{"name":"Stans","rank":7,"capital":0},"geometry":{"type":"Point","coordinates":[8.383,46.95]}},{"type":"Feature","properties":{"name":"Sion","rank":7,"capital":0},"geometry":{"type":"Point","coordinates":[7.354,46.239]}},{"type":"Feature","properties":{"name":"Herisau","rank":7,"capital":0},"geometry":{"type":"Point","coordinates":[9.283,47.383]}},{"type":"Feature","properties":{"name":"Saint Gallen","rank":7,"capital":0},"geometry":{"type":"Point","coordinates":[9.362,47.423]}},{"type":"Feature","properties":{"name":"Bellinzona","rank":7,"capital":0},"geometry":{"type":"Point","coordinates":[9.02,46.197]}},{"type":"Feature","properties":{"name":"Glarus","rank":7,"capital":0},"geometry":{"type":"Point","coordinates":[9.067,47.05]}},{"type":"Feature","properties":{"name":"Schaffhausen","rank":7,"capital":0},"geometry":{"type":"Point","coordinates":[8.633,47.706]}},{"type":"Feature","properties":{"name":"Schwyz","rank":7,"capital":0},"geometry":{"type":"Point","coordinates":[8.648,47.02]}},{"type":"Feature","properties":{"name":"Frauenfeld","rank":7,"capital":0},"geometry":{"type":"Point","coordinates":[8.905,47.553]}},{"type":"Feature","properties":{"name":"Altdorf","rank":7,"capital":0},"geometry":{"type":"Point","coordinates":[8.638,46.879]}},{"type":"Feature","properties":{"name":"Zug","rank":7,"capital":0},"geometry":{"type":"Point","coordinates":[8.487,47.179]}},{"type":"Feature","properties":{"name":"Falun","rank":7,"capital":0},"geometry":{"type":"Point","coordinates":[15.647,60.613]}},{"type":"Feature","properties":{"name":"Nyk\u00f6ping","rank":7,"capital":0},"geometry":{"type":"Point","coordinates":[16.996,58.752]}},{"type":"Feature","properties":{"name":"H\u00e4rn\u00f6sand","rank":7,"capital":0},"geometry":{"type":"Point","coordinates":[17.934,62.634]}},{"type":"Feature","properties":{"name":"Karlskrona","rank":7,"capital":0},"geometry":{"type":"Point","coordinates":[15.591,56.163]}},{"type":"Feature","properties":{"name":"Arendal","rank":7,"capital":0},"geometry":{"type":"Point","coordinates":[8.766,58.465]}},{"type":"Feature","properties":{"name":"Vossavangen","rank":7,"capital":0},"geometry":{"type":"Point","coordinates":[6.441,60.63]}},{"type":"Feature","properties":{"name":"Leikanger","rank":7,"capital":0},"geometry":{"type":"Point","coordinates":[6.85,61.183]}},{"type":"Feature","properties":{"name":"B\u00e6rum","rank":7,"capital":0},"geometry":{"type":"Point","coordinates":[11.347,59.913]}},{"type":"Feature","properties":{"name":"Hamar","rank":7,"capital":0},"geometry":{"type":"Point","coordinates":[11.069,60.82]}},{"type":"Feature","properties":{"name":"T\u00f8nsberg","rank":7,"capital":0},"geometry":{"type":"Point","coordinates":[10.421,59.264]}},{"type":"Feature","properties":{"name":"Suchboatar","rank":7,"capital":0},"geometry":{"type":"Point","coordinates":[106.2,50.25]}},{"type":"Feature","properties":{"name":"Dzuunmod","rank":7,"capital":0},"geometry":{"type":"Point","coordinates":[106.947,47.711]}},{"type":"Feature","properties":{"name":"Fribourg","rank":7,"capital":0},"geometry":{"type":"Point","coordinates":[7.15,46.8]}},{"type":"Feature","properties":{"name":"Liestal","rank":7,"capital":0},"geometry":{"type":"Point","coordinates":[7.737,47.483]}},{"type":"Feature","properties":{"name":"Solothurn","rank":7,"capital":0},"geometry":{"type":"Point","coordinates":[7.537,47.212]}},{"type":"Feature","properties":{"name":"Sarnen","rank":7,"capital":0},"geometry":{"type":"Point","coordinates":[8.243,46.899]}},{"type":"Feature","properties":{"name":"Mariestad","rank":7,"capital":0},"geometry":{"type":"Point","coordinates":[13.828,58.705]}},{"type":"Feature","properties":{"name":"Vannersborg","rank":7,"capital":0},"geometry":{"type":"Point","coordinates":[12.33,58.363]}},{"type":"Feature","properties":{"name":"Appenzell","rank":7,"capital":0},"geometry":{"type":"Point","coordinates":[9.417,47.333]}},{"type":"Feature","properties":{"name":"Ebebiy\u00edn","rank":7,"capital":0},"geometry":{"type":"Point","coordinates":[11.33,2.153]}},{"type":"Feature","properties":{"name":"Tchibanga","rank":7,"capital":0},"geometry":{"type":"Point","coordinates":[10.997,-2.921]}},{"type":"Feature","properties":{"name":"Madingou","rank":7,"capital":0},"geometry":{"type":"Point","coordinates":[13.554,-4.164]}},{"type":"Feature","properties":{"name":"H\u00e4meenlinna","rank":7,"capital":0},"geometry":{"type":"Point","coordinates":[24.472,60.997]}},{"type":"Feature","properties":{"name":"Kouvola","rank":7,"capital":0},"geometry":{"type":"Point","coordinates":[26.709,60.876]}},{"type":"Feature","properties":{"name":"Mikkeli","rank":7,"capital":0},"geometry":{"type":"Point","coordinates":[27.285,61.69]}},{"type":"Feature","properties":{"name":"Kinkala","rank":7,"capital":0},"geometry":{"type":"Point","coordinates":[14.762,-4.356]}},{"type":"Feature","properties":{"name":"Lovec","rank":7,"capital":0},"geometry":{"type":"Point","coordinates":[24.719,43.138]}},{"type":"Feature","properties":{"name":"Montana","rank":7,"capital":0},"geometry":{"type":"Point","coordinates":[23.237,43.414]}},{"type":"Feature","properties":{"name":"Razgrad","rank":7,"capital":0},"geometry":{"type":"Point","coordinates":[26.536,43.534]}},{"type":"Feature","properties":{"name":"Bregenz","rank":7,"capital":0},"geometry":{"type":"Point","coordinates":[9.767,47.517]}},{"type":"Feature","properties":{"name":"Eisenstadt","rank":7,"capital":0},"geometry":{"type":"Point","coordinates":[16.533,47.833]}},{"type":"Feature","properties":{"name":"Mariscal Estigarribia","rank":7,"capital":0},"geometry":{"type":"Point","coordinates":[-60.61,-22.03]}},{"type":"Feature","properties":{"name":"Caacup\u00e9","rank":7,"capital":0},"geometry":{"type":"Point","coordinates":[-57.14,-25.387]}},{"type":"Feature","properties":{"name":"Puyo","rank":7,"capital":0},"geometry":{"type":"Point","coordinates":[-77.987,-1.483]}},{"type":"Feature","properties":{"name":"Tulc\u00e1n","rank":7,"capital":0},"geometry":{"type":"Point","coordinates":[-77.732,0.822]}},{"type":"Feature","properties":{"name":"La\u00ef","rank":7,"capital":0},"geometry":{"type":"Point","coordinates":[16.305,9.395]}},{"type":"Feature","properties":{"name":"Usti Nad Labem","rank":7,"capital":0},"geometry":{"type":"Point","coordinates":[14.081,50.663]}},{"type":"Feature","properties":{"name":"Hradec Kr\u00e1lov\u00e9","rank":7,"capital":0},"geometry":{"type":"Point","coordinates":[15.812,50.206]}},{"type":"Feature","properties":{"name":"Fderik","rank":7,"capital":0},"geometry":{"type":"Point","coordinates":[-12.707,22.679]}},{"type":"Feature","properties":{"name":"Aleg","rank":7,"capital":0},"geometry":{"type":"Point","coordinates":[-13.909,17.058]}},{"type":"Feature","properties":{"name":"Akjoujt","rank":7,"capital":0},"geometry":{"type":"Point","coordinates":[-14.391,19.747]}},{"type":"Feature","properties":{"name":"Mobaye","rank":7,"capital":0},"geometry":{"type":"Point","coordinates":[21.18,4.32]}},{"type":"Feature","properties":{"name":"Mochudi","rank":7,"capital":0},"geometry":{"type":"Point","coordinates":[26.152,-24.377]}},{"type":"Feature","properties":{"name":"Chur","rank":7,"capital":0},"geometry":{"type":"Point","coordinates":[9.5,46.85]}},{"type":"Feature","properties":{"name":"Borl\u00e4nge","rank":7,"capital":0},"geometry":{"type":"Point","coordinates":[15.417,60.483]}},{"type":"Feature","properties":{"name":"V\u00e4ster\u00e5s","rank":7,"capital":0},"geometry":{"type":"Point","coordinates":[16.558,59.609]}},{"type":"Feature","properties":{"name":"Biel","rank":7,"capital":0},"geometry":{"type":"Point","coordinates":[7.25,47.167]}},{"type":"Feature","properties":{"name":"General Eugenio Alejandrino Garay","rank":7,"capital":0},"geometry":{"type":"Point","coordinates":[-62.21,-20.52]}},{"type":"Feature","properties":{"name":"Arroyos y Esteros","rank":7,"capital":0},"geometry":{"type":"Point","coordinates":[-57.09,-25.05]}},{"type":"Feature","properties":{"name":"Villa Hayes","rank":7,"capital":0},"geometry":{"type":"Point","coordinates":[-57.53,-25.09]}},{"type":"Feature","properties":{"name":"Fortin Falcon","rank":7,"capital":0},"geometry":{"type":"Point","coordinates":[-59.85,-23.05]}},{"type":"Feature","properties":{"name":"Puerto Pinasco","rank":7,"capital":0},"geometry":{"type":"Point","coordinates":[-57.79,-22.64]}},{"type":"Feature","properties":{"name":"Pozo Colorado","rank":7,"capital":0},"geometry":{"type":"Point","coordinates":[-58.86,-23.43]}},{"type":"Feature","properties":{"name":"San Pedro","rank":7,"capital":0},"geometry":{"type":"Point","coordinates":[-57.08,-24.09]}},{"type":"Feature","properties":{"name":"San Lorenzo","rank":7,"capital":0},"geometry":{"type":"Point","coordinates":[-57.52,-25.34]}},{"type":"Feature","properties":{"name":"Ypacara\u00ed","rank":7,"capital":0},"geometry":{"type":"Point","coordinates":[-57.28,-25.41]}},{"type":"Feature","properties":{"name":"San Juan Bautista","rank":7,"capital":0},"geometry":{"type":"Point","coordinates":[-57.15,-26.68]}},{"type":"Feature","properties":{"name":"Paraguar\u00ed","rank":7,"capital":0},"geometry":{"type":"Point","coordinates":[-57.16,-25.62]}},{"type":"Feature","properties":{"name":"\u00d1acunday","rank":7,"capital":0},"geometry":{"type":"Point","coordinates":[-54.77,-26.02]}},{"type":"Feature","properties":{"name":"Coronel Oviedo","rank":7,"capital":0},"geometry":{"type":"Point","coordinates":[-56.44,-25.45]}},{"type":"Feature","properties":{"name":"Caazap\u00e1","rank":7,"capital":0},"geometry":{"type":"Point","coordinates":[-56.38,-26.2]}},{"type":"Feature","properties":{"name":"Ype Jhu","rank":7,"capital":0},"geometry":{"type":"Point","coordinates":[-55.46,-23.91]}},{"type":"Feature","properties":{"name":"Encarnaci\u00f3n","rank":7,"capital":0},"geometry":{"type":"Point","coordinates":[-55.874,-27.347]}},{"type":"Feature","properties":{"name":"Coronel Bogado","rank":7,"capital":0},"geometry":{"type":"Point","coordinates":[-56.25,-27.17]}},{"type":"Feature","properties":{"name":"Finnsnes","rank":7,"capital":0},"geometry":{"type":"Point","coordinates":[18.009,69.241]}},{"type":"Feature","properties":{"name":"Gj\u00f8vik","rank":7,"capital":0},"geometry":{"type":"Point","coordinates":[10.7,60.8]}},{"type":"Feature","properties":{"name":"R\u00f8rvik","rank":7,"capital":0},"geometry":{"type":"Point","coordinates":[11.205,64.868]}},{"type":"Feature","properties":{"name":"Bansk\u00e1 Bystrica","rank":7,"capital":0},"geometry":{"type":"Point","coordinates":[19.15,48.733]}},{"type":"Feature","properties":{"name":"Trnava","rank":7,"capital":0},"geometry":{"type":"Point","coordinates":[17.6,48.367]}},{"type":"Feature","properties":{"name":"Tsetserleg","rank":7,"capital":0},"geometry":{"type":"Point","coordinates":[101.45,47.477]}},{"type":"Feature","properties":{"name":"Pi\u00f1as","rank":7,"capital":0},"geometry":{"type":"Point","coordinates":[-79.65,-3.67]}},{"type":"Feature","properties":{"name":"Puerto Villamil","rank":7,"capital":0},"geometry":{"type":"Point","coordinates":[-91.017,-0.933]}},{"type":"Feature","properties":{"name":"Puerto Baquerizo Moreno","rank":7,"capital":0},"geometry":{"type":"Point","coordinates":[-89.6,-0.9]}},{"type":"Feature","properties":{"name":"Guaranda","rank":7,"capital":0},"geometry":{"type":"Point","coordinates":[-79.01,-1.61]}},{"type":"Feature","properties":{"name":"Azogues","rank":7,"capital":0},"geometry":{"type":"Point","coordinates":[-78.84,-2.74]}},{"type":"Feature","properties":{"name":"Salinas","rank":7,"capital":0},"geometry":{"type":"Point","coordinates":[-80.98,-2.2]}},{"type":"Feature","properties":{"name":"Alaus\u00ed","rank":7,"capital":0},"geometry":{"type":"Point","coordinates":[-78.85,-2.19]}},{"type":"Feature","properties":{"name":"Sangolqu\u00ed","rank":7,"capital":0},"geometry":{"type":"Point","coordinates":[-78.46,-0.31]}},{"type":"Feature","properties":{"name":"Muisne","rank":7,"capital":0},"geometry":{"type":"Point","coordinates":[-80.02,0.61]}},{"type":"Feature","properties":{"name":"San Gabriel","rank":7,"capital":0},"geometry":{"type":"Point","coordinates":[-77.84,0.61]}},{"type":"Feature","properties":{"name":"\u010cesk\u00e9 Bud\u011bjovice","rank":7,"capital":0},"geometry":{"type":"Point","coordinates":[14.46,48.98]}},{"type":"Feature","properties":{"name":"Liberec","rank":7,"capital":0},"geometry":{"type":"Point","coordinates":[15.08,50.8]}},{"type":"Feature","properties":{"name":"Olomouc","rank":7,"capital":0},"geometry":{"type":"Point","coordinates":[17.257,49.587]}},{"type":"Feature","properties":{"name":"Savonlinna","rank":7,"capital":0},"geometry":{"type":"Point","coordinates":[28.883,61.867]}},{"type":"Feature","properties":{"name":"Pori","rank":7,"capital":0},"geometry":{"type":"Point","coordinates":[21.775,61.479]}},{"type":"Feature","properties":{"name":"Sliven","rank":7,"capital":0},"geometry":{"type":"Point","coordinates":[26.33,42.679]}},{"type":"Feature","properties":{"name":"Plovdiv","rank":7,"capital":0},"geometry":{"type":"Point","coordinates":[24.754,42.154]}},{"type":"Feature","properties":{"name":"Pernik","rank":7,"capital":0},"geometry":{"type":"Point","coordinates":[23.023,42.61]}},{"type":"Feature","properties":{"name":"Vratsa","rank":7,"capital":0},"geometry":{"type":"Point","coordinates":[23.563,43.21]}},{"type":"Feature","properties":{"name":"Shumen","rank":7,"capital":0},"geometry":{"type":"Point","coordinates":[26.929,43.27]}},{"type":"Feature","properties":{"name":"Wiener Neustadt","rank":7,"capital":0},"geometry":{"type":"Point","coordinates":[16.25,47.816]}},{"type":"Feature","properties":{"name":"Li\u00e8ge","rank":7,"capital":0},"geometry":{"type":"Point","coordinates":[5.58,50.63]}},{"type":"Feature","properties":{"name":"Ben Gardane","rank":7,"capital":0},"geometry":{"type":"Point","coordinates":[11.22,33.14]}},{"type":"Feature","properties":{"name":"Zarzis","rank":7,"capital":0},"geometry":{"type":"Point","coordinates":[11.1,33.51]}},{"type":"Feature","properties":{"name":"Dehibat","rank":7,"capital":0},"geometry":{"type":"Point","coordinates":[10.7,32.017]}},{"type":"Feature","properties":{"name":"Tozeur","rank":7,"capital":0},"geometry":{"type":"Point","coordinates":[8.13,33.93]}},{"type":"Feature","properties":{"name":"B\u00e9ja","rank":7,"capital":0},"geometry":{"type":"Point","coordinates":[9.19,36.73]}},{"type":"Feature","properties":{"name":"Bizerte","rank":7,"capital":0},"geometry":{"type":"Point","coordinates":[9.855,37.29]}},{"type":"Feature","properties":{"name":"Nabeul","rank":7,"capital":0},"geometry":{"type":"Point","coordinates":[10.73,36.46]}},{"type":"Feature","properties":{"name":"El Kef","rank":7,"capital":0},"geometry":{"type":"Point","coordinates":[8.715,36.183]}},{"type":"Feature","properties":{"name":"Qasserine","rank":7,"capital":0},"geometry":{"type":"Point","coordinates":[8.83,35.18]}},{"type":"Feature","properties":{"name":"Gab\u00e8s","rank":7,"capital":0},"geometry":{"type":"Point","coordinates":[10.1,33.9]}},{"type":"Feature","properties":{"name":"Gafsa","rank":7,"capital":0},"geometry":{"type":"Point","coordinates":[8.78,34.42]}},{"type":"Feature","properties":{"name":"Qairouan","rank":7,"capital":0},"geometry":{"type":"Point","coordinates":[10.1,35.68]}},{"type":"Feature","properties":{"name":"Luzern","rank":7,"capital":0},"geometry":{"type":"Point","coordinates":[8.28,47.05]}},{"type":"Feature","properties":{"name":"Lugano","rank":7,"capital":0},"geometry":{"type":"Point","coordinates":[8.967,46.0]}},{"type":"Feature","properties":{"name":"Bolln\u00e4s","rank":7,"capital":0},"geometry":{"type":"Point","coordinates":[16.367,61.352]}},{"type":"Feature","properties":{"name":"G\u00e4vle","rank":7,"capital":0},"geometry":{"type":"Point","coordinates":[17.167,60.667]}},{"type":"Feature","properties":{"name":"Kalmar","rank":7,"capital":0},"geometry":{"type":"Point","coordinates":[16.367,56.667]}},{"type":"Feature","properties":{"name":"V\u00e4xj\u00f6","rank":7,"capital":0},"geometry":{"type":"Point","coordinates":[14.817,56.884]}},{"type":"Feature","properties":{"name":"\u00d6rebro","rank":7,"capital":0},"geometry":{"type":"Point","coordinates":[15.22,59.28]}},{"type":"Feature","properties":{"name":"Norrk\u00f6ping","rank":7,"capital":0},"geometry":{"type":"Point","coordinates":[16.179,58.595]}},{"type":"Feature","properties":{"name":"Halmstad","rank":7,"capital":0},"geometry":{"type":"Point","coordinates":[12.856,56.672]}},{"type":"Feature","properties":{"name":"Karlstad","rank":7,"capital":0},"geometry":{"type":"Point","coordinates":[13.5,59.367]}},{"type":"Feature","properties":{"name":"Skellefte\u00e5","rank":7,"capital":0},"geometry":{"type":"Point","coordinates":[20.95,64.772]}},{"type":"Feature","properties":{"name":"Visby","rank":7,"capital":0},"geometry":{"type":"Point","coordinates":[18.3,57.634]}},{"type":"Feature","properties":{"name":"Lausanne","rank":7,"capital":0},"geometry":{"type":"Point","coordinates":[6.65,46.53]}},{"type":"Feature","properties":{"name":"Basel","rank":7,"capital":0},"geometry":{"type":"Point","coordinates":[7.59,47.58]}},{"type":"Feature","properties":{"name":"Trollh\u00e4ttan","rank":7,"capital":0},"geometry":{"type":"Point","coordinates":[12.3,58.267]}},{"type":"Feature","properties":{"name":"Bor\u00e5s","rank":7,"capital":0},"geometry":{"type":"Point","coordinates":[12.939,57.718]}},{"type":"Feature","properties":{"name":"Kristianstad","rank":7,"capital":0},"geometry":{"type":"Point","coordinates":[14.133,56.034]}},{"type":"Feature","properties":{"name":"Helsingborg","rank":7,"capital":0},"geometry":{"type":"Point","coordinates":[12.723,56.041]}},{"type":"Feature","properties":{"name":"Fuerte Olimpo","rank":7,"capital":0},"geometry":{"type":"Point","coordinates":[-57.9,-21.07]}},{"type":"Feature","properties":{"name":"Capitan Pablo Lagerenza","rank":7,"capital":0},"geometry":{"type":"Point","coordinates":[-60.783,-19.916]}},{"type":"Feature","properties":{"name":"La Victoria","rank":7,"capital":0},"geometry":{"type":"Point","coordinates":[-57.94,-22.29]}},{"type":"Feature","properties":{"name":"Horqueta","rank":7,"capital":0},"geometry":{"type":"Point","coordinates":[-57.05,-23.34]}},{"type":"Feature","properties":{"name":"Bel\u00e9n","rank":7,"capital":0},"geometry":{"type":"Point","coordinates":[-57.24,-23.469]}},{"type":"Feature","properties":{"name":"Rosario","rank":7,"capital":0},"geometry":{"type":"Point","coordinates":[-57.1,-24.42]}},{"type":"Feature","properties":{"name":"It\u00e1","rank":7,"capital":0},"geometry":{"type":"Point","coordinates":[-57.36,-25.51]}},{"type":"Feature","properties":{"name":"Pilar","rank":7,"capital":0},"geometry":{"type":"Point","coordinates":[-58.3,-26.869]}},{"type":"Feature","properties":{"name":"Pedro Juan Caballero","rank":7,"capital":0},"geometry":{"type":"Point","coordinates":[-55.76,-22.545]}},{"type":"Feature","properties":{"name":"Bella Vista","rank":7,"capital":0},"geometry":{"type":"Point","coordinates":[-56.52,-22.13]}},{"type":"Feature","properties":{"name":"Aba\u00ed","rank":7,"capital":0},"geometry":{"type":"Point","coordinates":[-55.94,-26.03]}},{"type":"Feature","properties":{"name":"Ygatim\u00ed","rank":7,"capital":0},"geometry":{"type":"Point","coordinates":[-55.643,-24.125]}},{"type":"Feature","properties":{"name":"Hohenau","rank":7,"capital":0},"geometry":{"type":"Point","coordinates":[-55.647,-27.09]}},{"type":"Feature","properties":{"name":"Harstad","rank":7,"capital":0},"geometry":{"type":"Point","coordinates":[16.516,68.788]}},{"type":"Feature","properties":{"name":"\u00c5lesund","rank":7,"capital":0},"geometry":{"type":"Point","coordinates":[6.263,62.46]}},{"type":"Feature","properties":{"name":"Sandnes","rank":7,"capital":0},"geometry":{"type":"Point","coordinates":[5.69,58.845]}},{"type":"Feature","properties":{"name":"Drammen","rank":7,"capital":0},"geometry":{"type":"Point","coordinates":[10.199,59.738]}},{"type":"Feature","properties":{"name":"Moss","rank":7,"capital":0},"geometry":{"type":"Point","coordinates":[10.669,59.437]}},{"type":"Feature","properties":{"name":"Steinkjer","rank":7,"capital":0},"geometry":{"type":"Point","coordinates":[11.5,64.017]}},{"type":"Feature","properties":{"name":"Zvolen","rank":7,"capital":0},"geometry":{"type":"Point","coordinates":[19.133,48.584]}},{"type":"Feature","properties":{"name":"\u017dilina","rank":7,"capital":0},"geometry":{"type":"Point","coordinates":[18.749,49.22]}},{"type":"Feature","properties":{"name":"Ko\u0161ice","rank":7,"capital":0},"geometry":{"type":"Point","coordinates":[21.25,48.73]}},{"type":"Feature","properties":{"name":"Pre\u0161ov","rank":7,"capital":0},"geometry":{"type":"Point","coordinates":[21.239,49.0]}},{"type":"Feature","properties":{"name":"Zouirat","rank":7,"capital":0},"geometry":{"type":"Point","coordinates":[-12.483,22.73]}},{"type":"Feature","properties":{"name":"Chegga","rank":7,"capital":0},"geometry":{"type":"Point","coordinates":[-5.78,25.38]}},{"type":"Feature","properties":{"name":"Magta Lajar","rank":7,"capital":0},"geometry":{"type":"Point","coordinates":[-13.5,17.0]}},{"type":"Feature","properties":{"name":"Bogue","rank":7,"capital":0},"geometry":{"type":"Point","coordinates":[-14.27,16.59]}},{"type":"Feature","properties":{"name":"Boutilimit","rank":7,"capital":0},"geometry":{"type":"Point","coordinates":[-14.7,17.55]}},{"type":"Feature","properties":{"name":"S\u00e9libaby","rank":7,"capital":0},"geometry":{"type":"Point","coordinates":[-12.183,15.167]}},{"type":"Feature","properties":{"name":"Timbedra","rank":7,"capital":0},"geometry":{"type":"Point","coordinates":[-8.167,16.25]}},{"type":"Feature","properties":{"name":"Nema","rank":7,"capital":0},"geometry":{"type":"Point","coordinates":[-7.25,16.617]}},{"type":"Feature","properties":{"name":"Dirj","rank":7,"capital":0},"geometry":{"type":"Point","coordinates":[10.457,30.168]}},{"type":"Feature","properties":{"name":"Nalut","rank":7,"capital":0},"geometry":{"type":"Point","coordinates":[10.97,31.88]}},{"type":"Feature","properties":{"name":"Zillah","rank":7,"capital":0},"geometry":{"type":"Point","coordinates":[17.583,28.55]}},{"type":"Feature","properties":{"name":"Al Khums","rank":7,"capital":0},"geometry":{"type":"Point","coordinates":[14.26,32.66]}},{"type":"Feature","properties":{"name":"Tajarhi","rank":7,"capital":0},"geometry":{"type":"Point","coordinates":[14.471,24.37]}},{"type":"Feature","properties":{"name":"Umm al Abid","rank":7,"capital":0},"geometry":{"type":"Point","coordinates":[15.033,27.517]}},{"type":"Feature","properties":{"name":"Az Zawiyah","rank":7,"capital":0},"geometry":{"type":"Point","coordinates":[12.72,32.76]}},{"type":"Feature","properties":{"name":"Gharyan","rank":7,"capital":0},"geometry":{"type":"Point","coordinates":[13.02,32.17]}},{"type":"Feature","properties":{"name":"Mizdah","rank":7,"capital":0},"geometry":{"type":"Point","coordinates":[12.983,31.434]}},{"type":"Feature","properties":{"name":"Bani Walid","rank":7,"capital":0},"geometry":{"type":"Point","coordinates":[13.99,31.77]}},{"type":"Feature","properties":{"name":"Al Marj","rank":7,"capital":0},"geometry":{"type":"Point","coordinates":[20.83,32.5]}},{"type":"Feature","properties":{"name":"Al Bayda","rank":7,"capital":0},"geometry":{"type":"Point","coordinates":[21.62,32.76]}},{"type":"Feature","properties":{"name":"Shahhat","rank":7,"capital":0},"geometry":{"type":"Point","coordinates":[21.862,32.828]}},{"type":"Feature","properties":{"name":"El Agheila","rank":7,"capital":0},"geometry":{"type":"Point","coordinates":[19.2,30.257]}},{"type":"Feature","properties":{"name":"Maradah","rank":7,"capital":0},"geometry":{"type":"Point","coordinates":[19.217,29.234]}},{"type":"Feature","properties":{"name":"Qaminis","rank":7,"capital":0},"geometry":{"type":"Point","coordinates":[20.015,31.661]}},{"type":"Feature","properties":{"name":"As Sidr","rank":7,"capital":0},"geometry":{"type":"Point","coordinates":[18.267,30.67]}},{"type":"Feature","properties":{"name":"Al Jaghbub","rank":7,"capital":0},"geometry":{"type":"Point","coordinates":[24.517,29.75]}},{"type":"Feature","properties":{"name":"Olgiy","rank":7,"capital":0},"geometry":{"type":"Point","coordinates":[89.95,48.934]}},{"type":"Feature","properties":{"name":"Ulaan-Uul","rank":7,"capital":0},"geometry":{"type":"Point","coordinates":[111.233,44.334]}},{"type":"Feature","properties":{"name":"Hodrogo","rank":7,"capital":0},"geometry":{"type":"Point","coordinates":[96.783,48.966]}},{"type":"Feature","properties":{"name":"Mba\u00efki","rank":7,"capital":0},"geometry":{"type":"Point","coordinates":[18.0,3.87]}},{"type":"Feature","properties":{"name":"Carnot","rank":7,"capital":0},"geometry":{"type":"Point","coordinates":[15.867,4.934]}},{"type":"Feature","properties":{"name":"Bozoum","rank":7,"capital":0},"geometry":{"type":"Point","coordinates":[16.383,6.317]}},{"type":"Feature","properties":{"name":"Kaga Bandoro","rank":7,"capital":0},"geometry":{"type":"Point","coordinates":[19.18,6.98]}},{"type":"Feature","properties":{"name":"Zemio","rank":7,"capital":0},"geometry":{"type":"Point","coordinates":[25.133,5.034]}},{"type":"Feature","properties":{"name":"Yakossi","rank":7,"capital":0},"geometry":{"type":"Point","coordinates":[23.317,5.617]}},{"type":"Feature","properties":{"name":"Macar\u00e1","rank":7,"capital":0},"geometry":{"type":"Point","coordinates":[-79.95,-4.38]}},{"type":"Feature","properties":{"name":"Zamora","rank":7,"capital":0},"geometry":{"type":"Point","coordinates":[-78.97,-4.07]}},{"type":"Feature","properties":{"name":"Latacunga","rank":7,"capital":0},"geometry":{"type":"Point","coordinates":[-78.61,-0.93]}},{"type":"Feature","properties":{"name":"Milagro","rank":7,"capital":0},"geometry":{"type":"Point","coordinates":[-79.6,-2.18]}},{"type":"Feature","properties":{"name":"Babahoyo","rank":7,"capital":0},"geometry":{"type":"Point","coordinates":[-79.54,-1.8]}},{"type":"Feature","properties":{"name":"Chone","rank":7,"capital":0},"geometry":{"type":"Point","coordinates":[-80.09,-0.69]}},{"type":"Feature","properties":{"name":"Jipijapa","rank":7,"capital":0},"geometry":{"type":"Point","coordinates":[-80.58,-1.35]}},{"type":"Feature","properties":{"name":"Yaupi","rank":7,"capital":0},"geometry":{"type":"Point","coordinates":[-77.936,-2.854]}},{"type":"Feature","properties":{"name":"Macas","rank":7,"capital":0},"geometry":{"type":"Point","coordinates":[-78.12,-2.31]}},{"type":"Feature","properties":{"name":"Cayambe","rank":7,"capital":0},"geometry":{"type":"Point","coordinates":[-78.16,0.05]}},{"type":"Feature","properties":{"name":"Ambato","rank":7,"capital":0},"geometry":{"type":"Point","coordinates":[-78.62,-1.27]}},{"type":"Feature","properties":{"name":"Tena","rank":7,"capital":0},"geometry":{"type":"Point","coordinates":[-77.81,-0.98]}},{"type":"Feature","properties":{"name":"Valdez","rank":7,"capital":0},"geometry":{"type":"Point","coordinates":[-78.985,1.267]}},{"type":"Feature","properties":{"name":"San Lorenzo","rank":7,"capital":0},"geometry":{"type":"Point","coordinates":[-78.86,1.27]}},{"type":"Feature","properties":{"name":"Esmeraldas","rank":7,"capital":0},"geometry":{"type":"Point","coordinates":[-79.67,0.93]}},{"type":"Feature","properties":{"name":"Ibarra","rank":7,"capital":0},"geometry":{"type":"Point","coordinates":[-78.13,0.36]}},{"type":"Feature","properties":{"name":"Zouar","rank":7,"capital":0},"geometry":{"type":"Point","coordinates":[16.528,20.459]}},{"type":"Feature","properties":{"name":"Bol","rank":7,"capital":0},"geometry":{"type":"Point","coordinates":[14.715,13.459]}},{"type":"Feature","properties":{"name":"Ati","rank":7,"capital":0},"geometry":{"type":"Point","coordinates":[18.333,13.217]}},{"type":"Feature","properties":{"name":"Oum Hadjer","rank":7,"capital":0},"geometry":{"type":"Point","coordinates":[19.683,13.3]}},{"type":"Feature","properties":{"name":"Mongo","rank":7,"capital":0},"geometry":{"type":"Point","coordinates":[18.7,12.184]}},{"type":"Feature","properties":{"name":"Doba","rank":7,"capital":0},"geometry":{"type":"Point","coordinates":[16.85,8.65]}},{"type":"Feature","properties":{"name":"Pala","rank":7,"capital":0},"geometry":{"type":"Point","coordinates":[14.967,9.35]}},{"type":"Feature","properties":{"name":"Bongor","rank":7,"capital":0},"geometry":{"type":"Point","coordinates":[15.387,10.286]}},{"type":"Feature","properties":{"name":"Kelo","rank":7,"capital":0},"geometry":{"type":"Point","coordinates":[15.8,9.317]}},{"type":"Feature","properties":{"name":"Pizen","rank":7,"capital":0},"geometry":{"type":"Point","coordinates":[13.36,49.74]}},{"type":"Feature","properties":{"name":"Jihlava","rank":7,"capital":0},"geometry":{"type":"Point","coordinates":[15.583,49.4]}},{"type":"Feature","properties":{"name":"Zl\u00edn","rank":7,"capital":0},"geometry":{"type":"Point","coordinates":[17.65,49.23]}},{"type":"Feature","properties":{"name":"Brno","rank":7,"capital":0},"geometry":{"type":"Point","coordinates":[16.61,49.2]}},{"type":"Feature","properties":{"name":"Pardubice","rank":7,"capital":0},"geometry":{"type":"Point","coordinates":[15.76,50.04]}},{"type":"Feature","properties":{"name":"Ostrava","rank":7,"capital":0},"geometry":{"type":"Point","coordinates":[18.25,49.83]}},{"type":"Feature","properties":{"name":"Ewo","rank":7,"capital":0},"geometry":{"type":"Point","coordinates":[14.82,-0.88]}},{"type":"Feature","properties":{"name":"M\u00e9kambo","rank":7,"capital":0},"geometry":{"type":"Point","coordinates":[13.933,1.017]}},{"type":"Feature","properties":{"name":"Makokou","rank":7,"capital":0},"geometry":{"type":"Point","coordinates":[12.867,0.567]}},{"type":"Feature","properties":{"name":"Mitzik","rank":7,"capital":0},"geometry":{"type":"Point","coordinates":[11.567,0.784]}},{"type":"Feature","properties":{"name":"Bitam","rank":7,"capital":0},"geometry":{"type":"Point","coordinates":[11.483,2.084]}},{"type":"Feature","properties":{"name":"Lambar\u00e9n\u00e9","rank":7,"capital":0},"geometry":{"type":"Point","coordinates":[10.217,-0.7]}},{"type":"Feature","properties":{"name":"Bifoum","rank":7,"capital":0},"geometry":{"type":"Point","coordinates":[10.383,-0.333]}},{"type":"Feature","properties":{"name":"Ndende","rank":7,"capital":0},"geometry":{"type":"Point","coordinates":[11.383,-2.383]}},{"type":"Feature","properties":{"name":"Mouila","rank":7,"capital":0},"geometry":{"type":"Point","coordinates":[11.017,-1.866]}},{"type":"Feature","properties":{"name":"Ombou\u00e9","rank":7,"capital":0},"geometry":{"type":"Point","coordinates":[9.25,-1.566]}},{"type":"Feature","properties":{"name":"Moanda","rank":7,"capital":0},"geometry":{"type":"Point","coordinates":[13.2,-1.565]}},{"type":"Feature","properties":{"name":"Okandja","rank":7,"capital":0},"geometry":{"type":"Point","coordinates":[13.68,-0.657]}},{"type":"Feature","properties":{"name":"Koulamoutou","rank":7,"capital":0},"geometry":{"type":"Point","coordinates":[12.483,-1.133]}},{"type":"Feature","properties":{"name":"Impfondo","rank":7,"capital":0},"geometry":{"type":"Point","coordinates":[18.04,1.64]}},{"type":"Feature","properties":{"name":"Sembe","rank":7,"capital":0},"geometry":{"type":"Point","coordinates":[14.58,1.64]}},{"type":"Feature","properties":{"name":"Moloundou","rank":7,"capital":0},"geometry":{"type":"Point","coordinates":[15.217,2.034]}},{"type":"Feature","properties":{"name":"Sodankyl\u00e4","rank":7,"capital":0},"geometry":{"type":"Point","coordinates":[26.6,67.417]}},{"type":"Feature","properties":{"name":"Jyv\u00e4skyl\u00e4","rank":7,"capital":0},"geometry":{"type":"Point","coordinates":[25.75,62.26]}},{"type":"Feature","properties":{"name":"Kuopio","rank":7,"capital":0},"geometry":{"type":"Point","coordinates":[27.695,62.894]}},{"type":"Feature","properties":{"name":"Lappeenranta","rank":7,"capital":0},"geometry":{"type":"Point","coordinates":[28.183,61.067]}},{"type":"Feature","properties":{"name":"Porvoo","rank":7,"capital":0},"geometry":{"type":"Point","coordinates":[25.666,60.4]}},{"type":"Feature","properties":{"name":"Owando","rank":7,"capital":0},"geometry":{"type":"Point","coordinates":[15.92,-0.48]}},{"type":"Feature","properties":{"name":"Makoua","rank":7,"capital":0},"geometry":{"type":"Point","coordinates":[15.64,-0.01]}},{"type":"Feature","properties":{"name":"Sibiti","rank":7,"capital":0},"geometry":{"type":"Point","coordinates":[13.35,-3.69]}},{"type":"Feature","properties":{"name":"Mossendjo","rank":7,"capital":0},"geometry":{"type":"Point","coordinates":[12.72,-2.94]}},{"type":"Feature","properties":{"name":"Loubomo","rank":7,"capital":0},"geometry":{"type":"Point","coordinates":[12.67,-4.18]}},{"type":"Feature","properties":{"name":"Gamboma","rank":7,"capital":0},"geometry":{"type":"Point","coordinates":[15.85,-1.879]}},{"type":"Feature","properties":{"name":"Djambala","rank":7,"capital":0},"geometry":{"type":"Point","coordinates":[14.75,-2.54]}},{"type":"Feature","properties":{"name":"Nola","rank":7,"capital":0},"geometry":{"type":"Point","coordinates":[16.067,3.534]}},{"type":"Feature","properties":{"name":"Sibut","rank":7,"capital":0},"geometry":{"type":"Point","coordinates":[19.083,5.734]}},{"type":"Feature","properties":{"name":"Bossangoa","rank":7,"capital":0},"geometry":{"type":"Point","coordinates":[17.45,6.484]}},{"type":"Feature","properties":{"name":"Birao","rank":7,"capital":0},"geometry":{"type":"Point","coordinates":[22.783,10.284]}},{"type":"Feature","properties":{"name":"Ouadda","rank":7,"capital":0},"geometry":{"type":"Point","coordinates":[22.4,8.067]}},{"type":"Feature","properties":{"name":"Bangassou","rank":7,"capital":0},"geometry":{"type":"Point","coordinates":[22.817,4.734]}},{"type":"Feature","properties":{"name":"Ghanzi","rank":7,"capital":0},"geometry":{"type":"Point","coordinates":[21.64,-21.7]}},{"type":"Feature","properties":{"name":"Bossemb\u00e9l\u00e9","rank":7,"capital":0},"geometry":{"type":"Point","coordinates":[17.65,5.267]}},{"type":"Feature","properties":{"name":"Khaskovo","rank":7,"capital":0},"geometry":{"type":"Point","coordinates":[25.563,41.944]}},{"type":"Feature","properties":{"name":"Stara Zagora","rank":7,"capital":0},"geometry":{"type":"Point","coordinates":[25.623,42.423]}},{"type":"Feature","properties":{"name":"Pleven","rank":7,"capital":0},"geometry":{"type":"Point","coordinates":[24.613,43.424]}},{"type":"Feature","properties":{"name":"Turnovo","rank":7,"capital":0},"geometry":{"type":"Point","coordinates":[25.656,43.086]}},{"type":"Feature","properties":{"name":"Kyustendil","rank":7,"capital":0},"geometry":{"type":"Point","coordinates":[22.691,42.284]}},{"type":"Feature","properties":{"name":"Dobrich","rank":7,"capital":0},"geometry":{"type":"Point","coordinates":[27.84,43.585]}},{"type":"Feature","properties":{"name":"Varna","rank":7,"capital":0},"geometry":{"type":"Point","coordinates":[27.895,43.216]}},{"type":"Feature","properties":{"name":"Ruse","rank":7,"capital":0},"geometry":{"type":"Point","coordinates":[25.973,43.854]}},{"type":"Feature","properties":{"name":"Graz","rank":7,"capital":0},"geometry":{"type":"Point","coordinates":[15.41,47.078]}},{"type":"Feature","properties":{"name":"Klagenfurt","rank":7,"capital":0},"geometry":{"type":"Point","coordinates":[14.31,46.62]}},{"type":"Feature","properties":{"name":"Linz","rank":7,"capital":0},"geometry":{"type":"Point","coordinates":[14.289,48.319]}},{"type":"Feature","properties":{"name":"Passau","rank":7,"capital":0},"geometry":{"type":"Point","coordinates":[13.441,48.575]}},{"type":"Feature","properties":{"name":"Salzburg","rank":7,"capital":0},"geometry":{"type":"Point","coordinates":[13.04,47.81]}},{"type":"Feature","properties":{"name":"Innsbruck","rank":7,"capital":0},"geometry":{"type":"Point","coordinates":[11.41,47.28]}},{"type":"Feature","properties":{"name":"Lokhwabe","rank":7,"capital":0},"geometry":{"type":"Point","coordinates":[21.83,-24.17]}},{"type":"Feature","properties":{"name":"Lehututu","rank":7,"capital":0},"geometry":{"type":"Point","coordinates":[21.87,-23.97]}},{"type":"Feature","properties":{"name":"Tshabong","rank":7,"capital":0},"geometry":{"type":"Point","coordinates":[22.4,-26.009]}},{"type":"Feature","properties":{"name":"Tsau","rank":7,"capital":0},"geometry":{"type":"Point","coordinates":[22.46,-20.16]}},{"type":"Feature","properties":{"name":"Nokaneng","rank":7,"capital":0},"geometry":{"type":"Point","coordinates":[22.27,-19.67]}},{"type":"Feature","properties":{"name":"Mohembo","rank":7,"capital":0},"geometry":{"type":"Point","coordinates":[21.8,-18.3]}},{"type":"Feature","properties":{"name":"Maun","rank":7,"capital":0},"geometry":{"type":"Point","coordinates":[23.42,-19.99]}},{"type":"Feature","properties":{"name":"Kasane","rank":7,"capital":0},"geometry":{"type":"Point","coordinates":[25.15,-17.81]}},{"type":"Feature","properties":{"name":"Nata","rank":7,"capital":0},"geometry":{"type":"Point","coordinates":[26.19,-20.209]}},{"type":"Feature","properties":{"name":"Mopipi","rank":7,"capital":0},"geometry":{"type":"Point","coordinates":[24.88,-21.18]}},{"type":"Feature","properties":{"name":"Palapye","rank":7,"capital":0},"geometry":{"type":"Point","coordinates":[27.13,-22.56]}},{"type":"Feature","properties":{"name":"Lobatse","rank":7,"capital":0},"geometry":{"type":"Point","coordinates":[25.68,-25.22]}},{"type":"Feature","properties":{"name":"Kanye","rank":7,"capital":0},"geometry":{"type":"Point","coordinates":[25.34,-24.97]}},{"type":"Feature","properties":{"name":"J\u00f6nk\u00f6ping","rank":7,"capital":0},"geometry":{"type":"Point","coordinates":[14.165,57.771]}},{"type":"Feature","properties":{"name":"\u00d6rnsk\u00f6ldsvik","rank":7,"capital":0},"geometry":{"type":"Point","coordinates":[18.717,63.318]}},{"type":"Feature","properties":{"name":"Svolv\u00e6r","rank":7,"capital":0},"geometry":{"type":"Point","coordinates":[14.567,68.233]}},{"type":"Feature","properties":{"name":"Mo i Rana","rank":7,"capital":0},"geometry":{"type":"Point","coordinates":[14.167,66.317]}},{"type":"Feature","properties":{"name":"Narvik","rank":7,"capital":0},"geometry":{"type":"Point","coordinates":[17.29,68.383]}},{"type":"Feature","properties":{"name":"Bod\u00f8","rank":7,"capital":0},"geometry":{"type":"Point","coordinates":[14.429,67.276]}},{"type":"Feature","properties":{"name":"Concepci\u00f3n","rank":7,"capital":0},"geometry":{"type":"Point","coordinates":[-57.434,-23.406]}},{"type":"Feature","properties":{"name":"Villarrica","rank":7,"capital":0},"geometry":{"type":"Point","coordinates":[-56.433,-25.75]}},{"type":"Feature","properties":{"name":"Haugesund","rank":7,"capital":0},"geometry":{"type":"Point","coordinates":[5.277,59.412]}},{"type":"Feature","properties":{"name":"Stavanger","rank":7,"capital":0},"geometry":{"type":"Point","coordinates":[5.68,58.97]}},{"type":"Feature","properties":{"name":"Skien","rank":7,"capital":0},"geometry":{"type":"Point","coordinates":[9.6,59.2]}},{"type":"Feature","properties":{"name":"Namsos","rank":7,"capital":0},"geometry":{"type":"Point","coordinates":[11.5,64.483]}},{"type":"Feature","properties":{"name":"Alta","rank":7,"capital":0},"geometry":{"type":"Point","coordinates":[23.242,69.967]}},{"type":"Feature","properties":{"name":"Vads\u00f8","rank":7,"capital":0},"geometry":{"type":"Point","coordinates":[29.766,70.097]}},{"type":"Feature","properties":{"name":"Buyant-Uhaa","rank":7,"capital":0},"geometry":{"type":"Point","coordinates":[110.15,44.867]}},{"type":"Feature","properties":{"name":"\u00d6nd\u00f6rkhaan","rank":7,"capital":0},"geometry":{"type":"Point","coordinates":[110.65,47.317]}},{"type":"Feature","properties":{"name":"Bayankhongor","rank":7,"capital":0},"geometry":{"type":"Point","coordinates":[100.983,46.3]}},{"type":"Feature","properties":{"name":"Uliastay","rank":7,"capital":0},"geometry":{"type":"Point","coordinates":[96.817,47.75]}},{"type":"Feature","properties":{"name":"Altai","rank":7,"capital":0},"geometry":{"type":"Point","coordinates":[96.256,46.362]}},{"type":"Feature","properties":{"name":"M\u00f6r\u00f6n","rank":7,"capital":0},"geometry":{"type":"Point","coordinates":[100.154,49.645]}},{"type":"Feature","properties":{"name":"Ulaangom","rank":7,"capital":0},"geometry":{"type":"Point","coordinates":[92.067,49.983]}},{"type":"Feature","properties":{"name":"Bulgan","rank":7,"capital":0},"geometry":{"type":"Point","coordinates":[103.532,48.811]}},{"type":"Feature","properties":{"name":"Mandalgovi","rank":7,"capital":0},"geometry":{"type":"Point","coordinates":[106.266,45.75]}},{"type":"Feature","properties":{"name":"Darkhan","rank":7,"capital":0},"geometry":{"type":"Point","coordinates":[105.973,49.462]}},{"type":"Feature","properties":{"name":"Z\u00fc\u00fcnkharaa","rank":7,"capital":0},"geometry":{"type":"Point","coordinates":[106.467,48.867]}},{"type":"Feature","properties":{"name":"Arvaikheer","rank":7,"capital":0},"geometry":{"type":"Point","coordinates":[102.767,46.25]}},{"type":"Feature","properties":{"name":"Baruun-Urt","rank":7,"capital":0},"geometry":{"type":"Point","coordinates":[113.283,46.7]}},{"type":"Feature","properties":{"name":"Portoviejo","rank":7,"capital":0},"geometry":{"type":"Point","coordinates":[-80.46,-1.06]}},{"type":"Feature","properties":{"name":"Kemij\u00e4rvi","rank":7,"capital":0},"geometry":{"type":"Point","coordinates":[27.417,66.667]}},{"type":"Feature","properties":{"name":"Kokkola","rank":7,"capital":0},"geometry":{"type":"Point","coordinates":[23.117,63.833]}},{"type":"Feature","properties":{"name":"Lahti","rank":7,"capital":0},"geometry":{"type":"Point","coordinates":[25.665,60.994]}},{"type":"Feature","properties":{"name":"Joensuu","rank":7,"capital":0},"geometry":{"type":"Point","coordinates":[29.767,62.6]}},{"type":"Feature","properties":{"name":"Turku","rank":7,"capital":0},"geometry":{"type":"Point","coordinates":[22.255,60.454]}},{"type":"Feature","properties":{"name":"Sfax","rank":7,"capital":0},"geometry":{"type":"Point","coordinates":[10.72,34.75]}},{"type":"Feature","properties":{"name":"Link\u00f6ping","rank":7,"capital":0},"geometry":{"type":"Point","coordinates":[15.63,58.41]}},{"type":"Feature","properties":{"name":"\u00d6stersund","rank":7,"capital":0},"geometry":{"type":"Point","coordinates":[14.65,63.183]}},{"type":"Feature","properties":{"name":"Kiruna","rank":7,"capital":0},"geometry":{"type":"Point","coordinates":[20.217,67.85]}},{"type":"Feature","properties":{"name":"Ume\u00e5","rank":7,"capital":0},"geometry":{"type":"Point","coordinates":[20.24,63.83]}},{"type":"Feature","properties":{"name":"Uppsala","rank":7,"capital":0},"geometry":{"type":"Point","coordinates":[17.64,59.86]}},{"type":"Feature","properties":{"name":"Filadelfia","rank":7,"capital":0},"geometry":{"type":"Point","coordinates":[-60.03,-22.34]}},{"type":"Feature","properties":{"name":"Molde","rank":7,"capital":0},"geometry":{"type":"Point","coordinates":[7.183,62.748]}},{"type":"Feature","properties":{"name":"Lillehammer","rank":7,"capital":0},"geometry":{"type":"Point","coordinates":[10.5,61.133]}},{"type":"Feature","properties":{"name":"Kirkenes","rank":7,"capital":0},"geometry":{"type":"Point","coordinates":[30.052,69.725]}},{"type":"Feature","properties":{"name":"Saint-Louis","rank":7,"capital":0},"geometry":{"type":"Point","coordinates":[-16.51,16.02]}},{"type":"Feature","properties":{"name":"Tidjikdja","rank":7,"capital":0},"geometry":{"type":"Point","coordinates":[-11.417,18.55]}},{"type":"Feature","properties":{"name":"G\u00f6teborg","rank":7,"capital":0},"geometry":{"type":"Point","coordinates":[11.979,57.709]}},{"type":"Feature","properties":{"name":"Berb\u00e9rati","rank":7,"capital":0},"geometry":{"type":"Point","coordinates":[15.78,4.25]}},{"type":"Feature","properties":{"name":"Bria","rank":7,"capital":0},"geometry":{"type":"Point","coordinates":[21.983,6.533]}},{"type":"Feature","properties":{"name":"Machala","rank":7,"capital":0},"geometry":{"type":"Point","coordinates":[-79.96,-3.26]}},{"type":"Feature","properties":{"name":"Loja","rank":7,"capital":0},"geometry":{"type":"Point","coordinates":[-79.21,-3.99]}},{"type":"Feature","properties":{"name":"Manta","rank":7,"capital":0},"geometry":{"type":"Point","coordinates":[-80.73,-0.98]}},{"type":"Feature","properties":{"name":"Riobamba","rank":7,"capital":0},"geometry":{"type":"Point","coordinates":[-78.65,-1.67]}},{"type":"Feature","properties":{"name":"Fada","rank":7,"capital":0},"geometry":{"type":"Point","coordinates":[21.59,17.185]}},{"type":"Feature","properties":{"name":"Faya Largeau","rank":7,"capital":0},"geometry":{"type":"Point","coordinates":[19.117,17.917]}},{"type":"Feature","properties":{"name":"Mao","rank":7,"capital":0},"geometry":{"type":"Point","coordinates":[15.313,14.119]}},{"type":"Feature","properties":{"name":"Biltine","rank":7,"capital":0},"geometry":{"type":"Point","coordinates":[20.917,14.533]}},{"type":"Feature","properties":{"name":"Sarh","rank":7,"capital":0},"geometry":{"type":"Point","coordinates":[18.39,9.15]}},{"type":"Feature","properties":{"name":"Am Timan","rank":7,"capital":0},"geometry":{"type":"Point","coordinates":[20.283,11.033]}},{"type":"Feature","properties":{"name":"Oyem","rank":7,"capital":0},"geometry":{"type":"Point","coordinates":[11.583,1.617]}},{"type":"Feature","properties":{"name":"Mayumba","rank":7,"capital":0},"geometry":{"type":"Point","coordinates":[10.65,-3.417]}},{"type":"Feature","properties":{"name":"Gamba","rank":7,"capital":0},"geometry":{"type":"Point","coordinates":[10.0,-2.65]}},{"type":"Feature","properties":{"name":"Bir Mogrein","rank":7,"capital":0},"geometry":{"type":"Point","coordinates":[-11.583,25.233]}},{"type":"Feature","properties":{"name":"Rosso","rank":7,"capital":0},"geometry":{"type":"Point","coordinates":[-15.813,16.524]}},{"type":"Feature","properties":{"name":"Kiffa","rank":7,"capital":0},"geometry":{"type":"Point","coordinates":[-11.4,16.62]}},{"type":"Feature","properties":{"name":"Ou\u00e9sso","rank":7,"capital":0},"geometry":{"type":"Point","coordinates":[16.05,1.61]}},{"type":"Feature","properties":{"name":"Ghadamis","rank":7,"capital":0},"geometry":{"type":"Point","coordinates":[9.5,30.133]}},{"type":"Feature","properties":{"name":"Hun","rank":7,"capital":0},"geometry":{"type":"Point","coordinates":[15.933,29.117]}},{"type":"Feature","properties":{"name":"Birak","rank":7,"capital":0},"geometry":{"type":"Point","coordinates":[14.283,27.533]}},{"type":"Feature","properties":{"name":"Ghat","rank":7,"capital":0},"geometry":{"type":"Point","coordinates":[10.173,24.965]}},{"type":"Feature","properties":{"name":"Marzuq","rank":7,"capital":0},"geometry":{"type":"Point","coordinates":[13.897,25.904]}},{"type":"Feature","properties":{"name":"Ajdabiya","rank":7,"capital":0},"geometry":{"type":"Point","coordinates":[20.22,30.77]}},{"type":"Feature","properties":{"name":"Awjilah","rank":7,"capital":0},"geometry":{"type":"Point","coordinates":[21.287,29.108]}},{"type":"Feature","properties":{"name":"Surt","rank":7,"capital":0},"geometry":{"type":"Point","coordinates":[16.59,31.21]}},{"type":"Feature","properties":{"name":"Darnah","rank":7,"capital":0},"geometry":{"type":"Point","coordinates":[22.639,32.765]}},{"type":"Feature","properties":{"name":"Tubruq","rank":7,"capital":0},"geometry":{"type":"Point","coordinates":[23.96,32.08]}},{"type":"Feature","properties":{"name":"Kemi","rank":7,"capital":0},"geometry":{"type":"Point","coordinates":[24.582,65.733]}},{"type":"Feature","properties":{"name":"Oulu","rank":7,"capital":0},"geometry":{"type":"Point","coordinates":[25.47,65.0]}},{"type":"Feature","properties":{"name":"Bouar","rank":7,"capital":0},"geometry":{"type":"Point","coordinates":[15.6,5.95]}},{"type":"Feature","properties":{"name":"Burgas","rank":7,"capital":0},"geometry":{"type":"Point","coordinates":[27.475,42.515]}},{"type":"Feature","properties":{"name":"Molepolole","rank":7,"capital":0},"geometry":{"type":"Point","coordinates":[25.51,-24.4]}},{"type":"Feature","properties":{"name":"Sousse","rank":7,"capital":0},"geometry":{"type":"Point","coordinates":[10.625,35.83]}},{"type":"Feature","properties":{"name":"Lule\u00e5","rank":7,"capital":0},"geometry":{"type":"Point","coordinates":[22.158,65.597]}},{"type":"Feature","properties":{"name":"Sundsvall","rank":7,"capital":0},"geometry":{"type":"Point","coordinates":[17.317,62.4]}},{"type":"Feature","properties":{"name":"Ciudad del Este","rank":7,"capital":0},"geometry":{"type":"Point","coordinates":[-54.616,-25.517]}},{"type":"Feature","properties":{"name":"Kristiansand","rank":7,"capital":0},"geometry":{"type":"Point","coordinates":[7.975,58.146]}},{"type":"Feature","properties":{"name":"Bratislava","rank":7,"capital":1},"geometry":{"type":"Point","coordinates":[17.117,48.15]}},{"type":"Feature","properties":{"name":"Hammerfest","rank":7,"capital":0},"geometry":{"type":"Point","coordinates":[23.688,70.661]}},{"type":"Feature","properties":{"name":"Dalandzadgad","rank":7,"capital":0},"geometry":{"type":"Point","coordinates":[104.44,43.584]}},{"type":"Feature","properties":{"name":"Dund-Us","rank":7,"capital":0},"geometry":{"type":"Point","coordinates":[91.633,48.017]}},{"type":"Feature","properties":{"name":"Choibalsan","rank":7,"capital":0},"geometry":{"type":"Point","coordinates":[114.506,48.067]}},{"type":"Feature","properties":{"name":"Bern","rank":7,"capital":1},"geometry":{"type":"Point","coordinates":[7.467,46.917]}},{"type":"Feature","properties":{"name":"Malm\u00f6","rank":7,"capital":0},"geometry":{"type":"Point","coordinates":[13.023,55.599]}},{"type":"Feature","properties":{"name":"Cuenca","rank":7,"capital":0},"geometry":{"type":"Point","coordinates":[-79.0,-2.9]}},{"type":"Feature","properties":{"name":"Santa Cruz","rank":7,"capital":0},"geometry":{"type":"Point","coordinates":[-90.35,-0.533]}},{"type":"Feature","properties":{"name":"Moundou","rank":7,"capital":0},"geometry":{"type":"Point","coordinates":[16.09,8.55]}},{"type":"Feature","properties":{"name":"Kayes","rank":7,"capital":0},"geometry":{"type":"Point","coordinates":[13.28,-4.18]}},{"type":"Feature","properties":{"name":"Franceville","rank":7,"capital":0},"geometry":{"type":"Point","coordinates":[13.583,-1.633]}},{"type":"Feature","properties":{"name":"Nouadhibou","rank":7,"capital":0},"geometry":{"type":"Point","coordinates":[-17.056,20.9]}},{"type":"Feature","properties":{"name":"Ayoun el Atrous","rank":7,"capital":0},"geometry":{"type":"Point","coordinates":[-9.617,16.667]}},{"type":"Feature","properties":{"name":"Al Jawf","rank":7,"capital":0},"geometry":{"type":"Point","coordinates":[23.29,24.2]}},{"type":"Feature","properties":{"name":"Tmassa","rank":7,"capital":0},"geometry":{"type":"Point","coordinates":[15.8,26.367]}},{"type":"Feature","properties":{"name":"Misrata","rank":7,"capital":0},"geometry":{"type":"Point","coordinates":[15.1,32.38]}},{"type":"Feature","properties":{"name":"Zuwara","rank":7,"capital":0},"geometry":{"type":"Point","coordinates":[12.079,32.934]}},{"type":"Feature","properties":{"name":"Rovaniemi","rank":7,"capital":0},"geometry":{"type":"Point","coordinates":[25.716,66.5]}},{"type":"Feature","properties":{"name":"Vaasa","rank":7,"capital":0},"geometry":{"type":"Point","coordinates":[21.6,63.1]}},{"type":"Feature","properties":{"name":"Tampere","rank":7,"capital":0},"geometry":{"type":"Point","coordinates":[23.75,61.5]}},{"type":"Feature","properties":{"name":"Pointe-Noire","rank":7,"capital":0},"geometry":{"type":"Point","coordinates":[11.88,-4.77]}},{"type":"Feature","properties":{"name":"Bambari","rank":7,"capital":0},"geometry":{"type":"Point","coordinates":[20.667,5.762]}},{"type":"Feature","properties":{"name":"Francistown","rank":7,"capital":0},"geometry":{"type":"Point","coordinates":[27.5,-21.17]}},{"type":"Feature","properties":{"name":"Mahalapye","rank":7,"capital":0},"geometry":{"type":"Point","coordinates":[26.82,-23.1]}},{"type":"Feature","properties":{"name":"Serowe","rank":7,"capital":0},"geometry":{"type":"Point","coordinates":[26.71,-22.39]}},{"type":"Feature","properties":{"name":"Tunis","rank":7,"capital":1},"geometry":{"type":"Point","coordinates":[10.18,36.803]}},{"type":"Feature","properties":{"name":"Asunci\u00f3n","rank":7,"capital":1},"geometry":{"type":"Point","coordinates":[-57.626,-25.291]}},{"type":"Feature","properties":{"name":"Troms\u00f8","rank":7,"capital":0},"geometry":{"type":"Point","coordinates":[18.992,69.635]}},{"type":"Feature","properties":{"name":"Trondheim","rank":7,"capital":0},"geometry":{"type":"Point","coordinates":[10.417,63.417]}},{"type":"Feature","properties":{"name":"Bergen","rank":7,"capital":0},"geometry":{"type":"Point","coordinates":[5.325,60.391]}},{"type":"Feature","properties":{"name":"Erdenet","rank":7,"capital":0},"geometry":{"type":"Point","coordinates":[104.118,49.053]}},{"type":"Feature","properties":{"name":"Ulaanbaatar","rank":7,"capital":1},"geometry":{"type":"Point","coordinates":[106.915,47.919]}},{"type":"Feature","properties":{"name":"Quito","rank":7,"capital":1},"geometry":{"type":"Point","coordinates":[-78.502,-0.213]}},{"type":"Feature","properties":{"name":"N'Djamena","rank":7,"capital":1},"geometry":{"type":"Point","coordinates":[15.047,12.115]}},{"type":"Feature","properties":{"name":"Ab\u00e9ch\u00e9","rank":7,"capital":0},"geometry":{"type":"Point","coordinates":[20.83,13.84]}},{"type":"Feature","properties":{"name":"Libreville","rank":7,"capital":1},"geometry":{"type":"Point","coordinates":[9.458,0.385]}},{"type":"Feature","properties":{"name":"Port-Gentil","rank":7,"capital":0},"geometry":{"type":"Point","coordinates":[8.78,-0.72]}},{"type":"Feature","properties":{"name":"Nouakchott","rank":7,"capital":1},"geometry":{"type":"Point","coordinates":[-15.975,18.086]}},{"type":"Feature","properties":{"name":"Atar","rank":7,"capital":0},"geometry":{"type":"Point","coordinates":[-13.05,20.517]}},{"type":"Feature","properties":{"name":"Sabha","rank":7,"capital":0},"geometry":{"type":"Point","coordinates":[14.433,27.033]}},{"type":"Feature","properties":{"name":"Banghazi","rank":7,"capital":0},"geometry":{"type":"Point","coordinates":[20.065,32.119]}},{"type":"Feature","properties":{"name":"Brazzaville","rank":7,"capital":1},"geometry":{"type":"Point","coordinates":[15.283,-4.257]}},{"type":"Feature","properties":{"name":"N'D\u00e9l\u00e9","rank":7,"capital":0},"geometry":{"type":"Point","coordinates":[20.653,8.409]}},{"type":"Feature","properties":{"name":"Obo","rank":7,"capital":0},"geometry":{"type":"Point","coordinates":[26.5,5.4]}},{"type":"Feature","properties":{"name":"Bangui","rank":7,"capital":1},"geometry":{"type":"Point","coordinates":[18.558,4.367]}},{"type":"Feature","properties":{"name":"Sofia","rank":7,"capital":1},"geometry":{"type":"Point","coordinates":[23.315,42.685]}},{"type":"Feature","properties":{"name":"Gaborone","rank":7,"capital":1},"geometry":{"type":"Point","coordinates":[25.912,-24.646]}},{"type":"Feature","properties":{"name":"Z\u00fcrich","rank":7,"capital":0},"geometry":{"type":"Point","coordinates":[8.548,47.382]}},{"type":"Feature","properties":{"name":"Oslo","rank":7,"capital":1},"geometry":{"type":"Point","coordinates":[10.748,59.919]}},{"type":"Feature","properties":{"name":"Guayaquil","rank":7,"capital":0},"geometry":{"type":"Point","coordinates":[-79.922,-2.218]}},{"type":"Feature","properties":{"name":"Prague","rank":7,"capital":1},"geometry":{"type":"Point","coordinates":[14.423,50.087]}},{"type":"Feature","properties":{"name":"Tripoli","rank":7,"capital":1},"geometry":{"type":"Point","coordinates":[13.18,32.892]}},{"type":"Feature","properties":{"name":"Helsinki","rank":7,"capital":1},"geometry":{"type":"Point","coordinates":[24.932,60.164]}},{"type":"Feature","properties":{"name":"Geneva","rank":7,"capital":0},"geometry":{"type":"Point","coordinates":[6.14,46.21]}},{"type":"Feature","properties":{"name":"Stockholm","rank":7,"capital":1},"geometry":{"type":"Point","coordinates":[18.066,59.324]}},{"type":"Feature","properties":{"name":"Vienna","rank":7,"capital":1},"geometry":{"type":"Point","coordinates":[16.365,48.202]}},{"type":"Feature","properties":{"name":"Colonia del Sacramento","rank":8,"capital":0},"geometry":{"type":"Point","coordinates":[-57.836,-34.47]}},{"type":"Feature","properties":{"name":"Trinidad","rank":8,"capital":0},"geometry":{"type":"Point","coordinates":[-56.901,-33.544]}},{"type":"Feature","properties":{"name":"Fray Bentos","rank":8,"capital":0},"geometry":{"type":"Point","coordinates":[-58.304,-33.139]}},{"type":"Feature","properties":{"name":"Canelones","rank":8,"capital":0},"geometry":{"type":"Point","coordinates":[-56.284,-34.538]}},{"type":"Feature","properties":{"name":"Florida","rank":8,"capital":0},"geometry":{"type":"Point","coordinates":[-56.215,-34.099]}},{"type":"Feature","properties":{"name":"Bassar","rank":8,"capital":0},"geometry":{"type":"Point","coordinates":[0.789,9.261]}},{"type":"Feature","properties":{"name":"Sotouboua","rank":8,"capital":0},"geometry":{"type":"Point","coordinates":[0.985,8.557]}},{"type":"Feature","properties":{"name":"Yoro","rank":8,"capital":0},"geometry":{"type":"Point","coordinates":[-87.129,15.13]}},{"type":"Feature","properties":{"name":"La Esperanza","rank":8,"capital":0},"geometry":{"type":"Point","coordinates":[-88.167,14.333]}},{"type":"Feature","properties":{"name":"La Paz","rank":8,"capital":0},"geometry":{"type":"Point","coordinates":[-87.684,14.32]}},{"type":"Feature","properties":{"name":"Santa B\u00e1rbara","rank":8,"capital":0},"geometry":{"type":"Point","coordinates":[-88.236,14.919]}},{"type":"Feature","properties":{"name":"Gracias","rank":8,"capital":0},"geometry":{"type":"Point","coordinates":[-88.583,14.583]}},{"type":"Feature","properties":{"name":"Nueva Ocotepeque","rank":8,"capital":0},"geometry":{"type":"Point","coordinates":[-89.182,14.437]}},{"type":"Feature","properties":{"name":"Yuscar\u00e1n","rank":8,"capital":0},"geometry":{"type":"Point","coordinates":[-86.851,13.944]}},{"type":"Feature","properties":{"name":"J\u00e9r\u00e9mie","rank":8,"capital":0},"geometry":{"type":"Point","coordinates":[-74.118,18.634]}},{"type":"Feature","properties":{"name":"Port-De-Paix","rank":8,"capital":0},"geometry":{"type":"Point","coordinates":[-72.829,19.932]}},{"type":"Feature","properties":{"name":"Hinche","rank":8,"capital":0},"geometry":{"type":"Point","coordinates":[-72.004,19.143]}},{"type":"Feature","properties":{"name":"Fort-Libert\u00e9","rank":8,"capital":0},"geometry":{"type":"Point","coordinates":[-71.845,19.666]}},{"type":"Feature","properties":{"name":"Jacmel","rank":8,"capital":0},"geometry":{"type":"Point","coordinates":[-72.537,18.235]}},{"type":"Feature","properties":{"name":"Piggs Peak","rank":8,"capital":0},"geometry":{"type":"Point","coordinates":[31.247,-25.961]}},{"type":"Feature","properties":{"name":"Siteki","rank":8,"capital":0},"geometry":{"type":"Point","coordinates":[31.952,-26.455]}},{"type":"Feature","properties":{"name":"Manzini","rank":8,"capital":0},"geometry":{"type":"Point","coordinates":[31.388,-26.495]}},{"type":"Feature","properties":{"name":"Hlatikulu","rank":8,"capital":0},"geometry":{"type":"Point","coordinates":[31.31,-26.961]}},{"type":"Feature","properties":{"name":"Somoto","rank":8,"capital":0},"geometry":{"type":"Point","coordinates":[-86.583,13.476]}},{"type":"Feature","properties":{"name":"Ocotal","rank":8,"capital":0},"geometry":{"type":"Point","coordinates":[-86.473,13.63]}},{"type":"Feature","properties":{"name":"Fatick","rank":8,"capital":0},"geometry":{"type":"Point","coordinates":[-16.416,14.344]}},{"type":"Feature","properties":{"name":"Assen","rank":8,"capital":0},"geometry":{"type":"Point","coordinates":[6.55,53.0]}},{"type":"Feature","properties":{"name":"Arnhem","rank":8,"capital":0},"geometry":{"type":"Point","coordinates":[5.923,51.988]}},{"type":"Feature","properties":{"name":"Maastricht","rank":8,"capital":0},"geometry":{"type":"Point","coordinates":[5.677,50.853]}},{"type":"Feature","properties":{"name":"Zwolle","rank":8,"capital":0},"geometry":{"type":"Point","coordinates":[6.097,52.524]}},{"type":"Feature","properties":{"name":"Middelburg","rank":8,"capital":0},"geometry":{"type":"Point","coordinates":[3.61,51.502]}},{"type":"Feature","properties":{"name":"'s-Hertogenbosch","rank":8,"capital":0},"geometry":{"type":"Point","coordinates":[5.317,51.683]}},{"type":"Feature","properties":{"name":"Wabag","rank":8,"capital":0},"geometry":{"type":"Point","coordinates":[143.718,-5.49]}},{"type":"Feature","properties":{"name":"Vanimo","rank":8,"capital":0},"geometry":{"type":"Point","coordinates":[141.304,-2.69]}},{"type":"Feature","properties":{"name":"Kundiawa","rank":8,"capital":0},"geometry":{"type":"Point","coordinates":[144.96,-6.023]}},{"type":"Feature","properties":{"name":"Kerema","rank":8,"capital":0},"geometry":{"type":"Point","coordinates":[145.838,-7.927]}},{"type":"Feature","properties":{"name":"Arawa","rank":8,"capital":0},"geometry":{"type":"Point","coordinates":[155.566,-6.228]}},{"type":"Feature","properties":{"name":"Lorengau","rank":8,"capital":0},"geometry":{"type":"Point","coordinates":[147.28,-2.032]}},{"type":"Feature","properties":{"name":"Kimbe","rank":8,"capital":0},"geometry":{"type":"Point","coordinates":[150.143,-5.55]}},{"type":"Feature","properties":{"name":"Dub\u0103sari","rank":8,"capital":0},"geometry":{"type":"Point","coordinates":[29.161,47.263]}},{"type":"Feature","properties":{"name":"Hudur","rank":8,"capital":0},"geometry":{"type":"Point","coordinates":[43.867,4.183]}},{"type":"Feature","properties":{"name":"Garbahaarey","rank":8,"capital":0},"geometry":{"type":"Point","coordinates":[42.227,3.327]}},{"type":"Feature","properties":{"name":"Bu'aale","rank":8,"capital":0},"geometry":{"type":"Point","coordinates":[42.583,1.083]}},{"type":"Feature","properties":{"name":"Dhuusa Mareeb","rank":8,"capital":0},"geometry":{"type":"Point","coordinates":[46.382,5.532]}},{"type":"Feature","properties":{"name":"Ros Comain","rank":8,"capital":0},"geometry":{"type":"Point","coordinates":[-8.183,53.633]}},{"type":"Feature","properties":{"name":"Cacheu","rank":8,"capital":0},"geometry":{"type":"Point","coordinates":[-16.165,12.269]}},{"type":"Feature","properties":{"name":"Farim","rank":8,"capital":0},"geometry":{"type":"Point","coordinates":[-15.227,12.493]}},{"type":"Feature","properties":{"name":"Fulacunda","rank":8,"capital":0},"geometry":{"type":"Point","coordinates":[-15.195,11.773]}},{"type":"Feature","properties":{"name":"Gab\u00fa","rank":8,"capital":0},"geometry":{"type":"Point","coordinates":[-14.234,12.28]}},{"type":"Feature","properties":{"name":"Cati\u00f3","rank":8,"capital":0},"geometry":{"type":"Point","coordinates":[-15.254,11.273]}},{"type":"Feature","properties":{"name":"Barclayville","rank":8,"capital":0},"geometry":{"type":"Point","coordinates":[-8.232,4.674]}},{"type":"Feature","properties":{"name":"Voinjama","rank":8,"capital":0},"geometry":{"type":"Point","coordinates":[-9.75,8.417]}},{"type":"Feature","properties":{"name":"Bensonville","rank":8,"capital":0},"geometry":{"type":"Point","coordinates":[-10.6,6.433]}},{"type":"Feature","properties":{"name":"Kakata","rank":8,"capital":0},"geometry":{"type":"Point","coordinates":[-10.349,6.526]}},{"type":"Feature","properties":{"name":"Sanniquellie","rank":8,"capital":0},"geometry":{"type":"Point","coordinates":[-8.685,7.371]}},{"type":"Feature","properties":{"name":"Rivercess","rank":8,"capital":0},"geometry":{"type":"Point","coordinates":[-9.578,5.465]}},{"type":"Feature","properties":{"name":"Al Mafraq","rank":8,"capital":0},"geometry":{"type":"Point","coordinates":[36.233,32.283]}},{"type":"Feature","properties":{"name":"At Tafilah","rank":8,"capital":0},"geometry":{"type":"Point","coordinates":[35.6,30.833]}},{"type":"Feature","properties":{"name":"Ma'an","rank":8,"capital":0},"geometry":{"type":"Point","coordinates":[35.736,30.192]}},{"type":"Feature","properties":{"name":"Diekirch","rank":8,"capital":0},"geometry":{"type":"Point","coordinates":[6.167,49.883]}},{"type":"Feature","properties":{"name":"Grevenmacher","rank":8,"capital":0},"geometry":{"type":"Point","coordinates":[6.426,49.68]}},{"type":"Feature","properties":{"name":"Teyateyaneng","rank":8,"capital":0},"geometry":{"type":"Point","coordinates":[27.753,-29.153]}},{"type":"Feature","properties":{"name":"Mohales Hoek","rank":8,"capital":0},"geometry":{"type":"Point","coordinates":[27.48,-30.159]}},{"type":"Feature","properties":{"name":"Moyeni","rank":8,"capital":0},"geometry":{"type":"Point","coordinates":[27.716,-30.411]}},{"type":"Feature","properties":{"name":"Hlotse","rank":8,"capital":0},"geometry":{"type":"Point","coordinates":[28.056,-28.878]}},{"type":"Feature","properties":{"name":"Butha-Buthe","rank":8,"capital":0},"geometry":{"type":"Point","coordinates":[28.25,-28.75]}},{"type":"Feature","properties":{"name":"Mokhotlong","rank":8,"capital":0},"geometry":{"type":"Point","coordinates":[29.078,-29.291]}},{"type":"Feature","properties":{"name":"Ahuachap\u00e1n","rank":8,"capital":0},"geometry":{"type":"Point","coordinates":[-89.845,13.919]}},{"type":"Feature","properties":{"name":"Cojutepeque","rank":8,"capital":0},"geometry":{"type":"Point","coordinates":[-88.933,13.717]}},{"type":"Feature","properties":{"name":"Nueva San Salvador","rank":8,"capital":0},"geometry":{"type":"Point","coordinates":[-89.29,13.674]}},{"type":"Feature","properties":{"name":"Zacatecoluca","rank":8,"capital":0},"geometry":{"type":"Point","coordinates":[-88.868,13.508]}},{"type":"Feature","properties":{"name":"La Uni\u00f3n","rank":8,"capital":0},"geometry":{"type":"Point","coordinates":[-87.839,13.332]}},{"type":"Feature","properties":{"name":"San Francisco Gotera","rank":8,"capital":0},"geometry":{"type":"Point","coordinates":[-88.1,13.7]}},{"type":"Feature","properties":{"name":"San Vicente","rank":8,"capital":0},"geometry":{"type":"Point","coordinates":[-88.785,13.641]}},{"type":"Feature","properties":{"name":"Usulut\u00e1n","rank":8,"capital":0},"geometry":{"type":"Point","coordinates":[-88.432,13.346]}},{"type":"Feature","properties":{"name":"Chalatenango","rank":8,"capital":0},"geometry":{"type":"Point","coordinates":[-88.907,14.01]}},{"type":"Feature","properties":{"name":"Lucea","rank":8,"capital":0},"geometry":{"type":"Point","coordinates":[-78.179,18.443]}},{"type":"Feature","properties":{"name":"Mandeville","rank":8,"capital":0},"geometry":{"type":"Point","coordinates":[-77.5,18.033]}},{"type":"Feature","properties":{"name":"Black River","rank":8,"capital":0},"geometry":{"type":"Point","coordinates":[-77.852,18.031]}},{"type":"Feature","properties":{"name":"Falmouth","rank":8,"capital":0},"geometry":{"type":"Point","coordinates":[-77.656,18.48]}},{"type":"Feature","properties":{"name":"Savanna-la-Mar","rank":8,"capital":0},"geometry":{"type":"Point","coordinates":[-77.948,18.164]}},{"type":"Feature","properties":{"name":"Port Antonio","rank":8,"capital":0},"geometry":{"type":"Point","coordinates":[-76.38,18.159]}},{"type":"Feature","properties":{"name":"Saint Ann's Bay","rank":8,"capital":0},"geometry":{"type":"Point","coordinates":[-77.2,18.433]}},{"type":"Feature","properties":{"name":"Port Maria","rank":8,"capital":0},"geometry":{"type":"Point","coordinates":[-76.9,18.377]}},{"type":"Feature","properties":{"name":"Half Way Tree","rank":8,"capital":0},"geometry":{"type":"Point","coordinates":[-76.8,18.033]}},{"type":"Feature","properties":{"name":"Port Morant","rank":8,"capital":0},"geometry":{"type":"Point","coordinates":[-76.329,17.891]}},{"type":"Feature","properties":{"name":"Sabaneta","rank":8,"capital":0},"geometry":{"type":"Point","coordinates":[-71.345,19.505]}},{"type":"Feature","properties":{"name":"Mao","rank":8,"capital":0},"geometry":{"type":"Point","coordinates":[-71.075,19.552]}},{"type":"Feature","properties":{"name":"Cotu\u00ed","rank":8,"capital":0},"geometry":{"type":"Point","coordinates":[-70.152,19.059]}},{"type":"Feature","properties":{"name":"Evinayong","rank":8,"capital":0},"geometry":{"type":"Point","coordinates":[10.567,1.45]}},{"type":"Feature","properties":{"name":"Luba","rank":8,"capital":0},"geometry":{"type":"Point","coordinates":[8.55,3.45]}},{"type":"Feature","properties":{"name":"\u0160ibenik","rank":8,"capital":0},"geometry":{"type":"Point","coordinates":[15.906,43.727]}},{"type":"Feature","properties":{"name":"Dikhil","rank":8,"capital":0},"geometry":{"type":"Point","coordinates":[42.372,11.104]}},{"type":"Feature","properties":{"name":"Tadjoura","rank":8,"capital":0},"geometry":{"type":"Point","coordinates":[42.9,11.783]}},{"type":"Feature","properties":{"name":"Haapsalu","rank":8,"capital":0},"geometry":{"type":"Point","coordinates":[23.541,58.943]}},{"type":"Feature","properties":{"name":"Hawalli","rank":8,"capital":0},"geometry":{"type":"Point","coordinates":[48.0,29.333]}},{"type":"Feature","properties":{"name":"Mzimba","rank":8,"capital":0},"geometry":{"type":"Point","coordinates":[33.6,-11.9]}},{"type":"Feature","properties":{"name":"Machinga","rank":8,"capital":0},"geometry":{"type":"Point","coordinates":[35.302,-15.176]}},{"type":"Feature","properties":{"name":"Dedza","rank":8,"capital":0},"geometry":{"type":"Point","coordinates":[34.333,-14.367]}},{"type":"Feature","properties":{"name":"Mchinji","rank":8,"capital":0},"geometry":{"type":"Point","coordinates":[32.9,-13.8]}},{"type":"Feature","properties":{"name":"Ntcheu","rank":8,"capital":0},"geometry":{"type":"Point","coordinates":[34.633,-14.817]}},{"type":"Feature","properties":{"name":"Chiradzulu","rank":8,"capital":0},"geometry":{"type":"Point","coordinates":[35.183,-15.7]}},{"type":"Feature","properties":{"name":"Nsanje","rank":8,"capital":0},"geometry":{"type":"Point","coordinates":[35.267,-16.917]}},{"type":"Feature","properties":{"name":"Mwanza","rank":8,"capital":0},"geometry":{"type":"Point","coordinates":[34.517,-15.617]}},{"type":"Feature","properties":{"name":"Mulanje","rank":8,"capital":0},"geometry":{"type":"Point","coordinates":[35.5,-16.033]}},{"type":"Feature","properties":{"name":"Salam\u00e1","rank":8,"capital":0},"geometry":{"type":"Point","coordinates":[-90.314,15.103]}},{"type":"Feature","properties":{"name":"Retalhuleu","rank":8,"capital":0},"geometry":{"type":"Point","coordinates":[-91.677,14.537]}},{"type":"Feature","properties":{"name":"San Marcos","rank":8,"capital":0},"geometry":{"type":"Point","coordinates":[-91.8,14.966]}},{"type":"Feature","properties":{"name":"Chimaltenango","rank":8,"capital":0},"geometry":{"type":"Point","coordinates":[-90.82,14.662]}},{"type":"Feature","properties":{"name":"Antigua Guatemala","rank":8,"capital":0},"geometry":{"type":"Point","coordinates":[-90.733,14.567]}},{"type":"Feature","properties":{"name":"Solol\u00e1","rank":8,"capital":0},"geometry":{"type":"Point","coordinates":[-91.183,14.773]}},{"type":"Feature","properties":{"name":"Totonicap\u00e1n","rank":8,"capital":0},"geometry":{"type":"Point","coordinates":[-91.358,14.914]}},{"type":"Feature","properties":{"name":"El Progreso","rank":8,"capital":0},"geometry":{"type":"Point","coordinates":[-90.016,14.922]}},{"type":"Feature","properties":{"name":"Cuilapa","rank":8,"capital":0},"geometry":{"type":"Point","coordinates":[-90.298,14.279]}},{"type":"Feature","properties":{"name":"Chiquimula","rank":8,"capital":0},"geometry":{"type":"Point","coordinates":[-89.544,14.797]}},{"type":"Feature","properties":{"name":"Jalapa","rank":8,"capital":0},"geometry":{"type":"Point","coordinates":[-89.989,14.633]}},{"type":"Feature","properties":{"name":"Zacapa","rank":8,"capital":0},"geometry":{"type":"Point","coordinates":[-89.529,14.972]}},{"type":"Feature","properties":{"name":"Puerto Plata","rank":8,"capital":0},"geometry":{"type":"Point","coordinates":[-70.69,19.79]}},{"type":"Feature","properties":{"name":"Dajab\u00f3n","rank":8,"capital":0},"geometry":{"type":"Point","coordinates":[-71.705,19.548]}},{"type":"Feature","properties":{"name":"Moca","rank":8,"capital":0},"geometry":{"type":"Point","coordinates":[-70.523,19.397]}},{"type":"Feature","properties":{"name":"Salcedo","rank":8,"capital":0},"geometry":{"type":"Point","coordinates":[-70.417,19.383]}},{"type":"Feature","properties":{"name":"Jiman\u00ed","rank":8,"capital":0},"geometry":{"type":"Point","coordinates":[-71.851,18.493]}},{"type":"Feature","properties":{"name":"Comendador","rank":8,"capital":0},"geometry":{"type":"Point","coordinates":[-71.707,18.876]}},{"type":"Feature","properties":{"name":"Pedernales","rank":8,"capital":0},"geometry":{"type":"Point","coordinates":[-71.741,18.038]}},{"type":"Feature","properties":{"name":"Azua","rank":8,"capital":0},"geometry":{"type":"Point","coordinates":[-70.729,18.454]}},{"type":"Feature","properties":{"name":"Bonao","rank":8,"capital":0},"geometry":{"type":"Point","coordinates":[-70.409,18.942]}},{"type":"Feature","properties":{"name":"Ban\u00ed","rank":8,"capital":0},"geometry":{"type":"Point","coordinates":[-70.331,18.28]}},{"type":"Feature","properties":{"name":"Hato Mayor","rank":8,"capital":0},"geometry":{"type":"Point","coordinates":[-69.257,18.764]}},{"type":"Feature","properties":{"name":"Monte Plata","rank":8,"capital":0},"geometry":{"type":"Point","coordinates":[-69.784,18.807]}},{"type":"Feature","properties":{"name":"Nagua","rank":8,"capital":0},"geometry":{"type":"Point","coordinates":[-69.847,19.376]}},{"type":"Feature","properties":{"name":"Saman\u00e1","rank":8,"capital":0},"geometry":{"type":"Point","coordinates":[-69.332,19.212]}},{"type":"Feature","properties":{"name":"San Crist\u00f3bal","rank":8,"capital":0},"geometry":{"type":"Point","coordinates":[-70.109,18.416]}},{"type":"Feature","properties":{"name":"El Seibo","rank":8,"capital":0},"geometry":{"type":"Point","coordinates":[-69.035,18.764]}},{"type":"Feature","properties":{"name":"Higuey","rank":8,"capital":0},"geometry":{"type":"Point","coordinates":[-68.708,18.616]}},{"type":"Feature","properties":{"name":"Georgetown","rank":8,"capital":0},"geometry":{"type":"Point","coordinates":[-14.767,13.551]}},{"type":"Feature","properties":{"name":"Basse Santa Su","rank":8,"capital":0},"geometry":{"type":"Point","coordinates":[-14.223,13.31]}},{"type":"Feature","properties":{"name":"Kerewan","rank":8,"capital":0},"geometry":{"type":"Point","coordinates":[-16.095,13.494]}},{"type":"Feature","properties":{"name":"Mansa Konko","rank":8,"capital":0},"geometry":{"type":"Point","coordinates":[-15.543,13.455]}},{"type":"Feature","properties":{"name":"Viljandi","rank":8,"capital":0},"geometry":{"type":"Point","coordinates":[25.59,58.364]}},{"type":"Feature","properties":{"name":"B'abda","rank":8,"capital":0},"geometry":{"type":"Point","coordinates":[35.533,33.833]}},{"type":"Feature","properties":{"name":"Ramla","rank":8,"capital":0},"geometry":{"type":"Point","coordinates":[34.867,31.917]}},{"type":"Feature","properties":{"name":"Nabatiye et Tahta","rank":8,"capital":0},"geometry":{"type":"Point","coordinates":[35.45,33.383]}},{"type":"Feature","properties":{"name":"Mariehamn","rank":8,"capital":0},"geometry":{"type":"Point","coordinates":[19.949,60.097]}},{"type":"Feature","properties":{"name":"Ban Houayxay","rank":8,"capital":0},"geometry":{"type":"Point","coordinates":[100.413,20.277]}},{"type":"Feature","properties":{"name":"Louang Namtha","rank":8,"capital":0},"geometry":{"type":"Point","coordinates":[101.417,20.95]}},{"type":"Feature","properties":{"name":"Champasak","rank":8,"capital":0},"geometry":{"type":"Point","coordinates":[105.867,14.883]}},{"type":"Feature","properties":{"name":"Saravan","rank":8,"capital":0},"geometry":{"type":"Point","coordinates":[106.427,15.716]}},{"type":"Feature","properties":{"name":"Xam Nua","rank":8,"capital":0},"geometry":{"type":"Point","coordinates":[104.033,20.417]}},{"type":"Feature","properties":{"name":"Phongsali","rank":8,"capital":0},"geometry":{"type":"Point","coordinates":[102.1,21.683]}},{"type":"Feature","properties":{"name":"Attapu","rank":8,"capital":0},"geometry":{"type":"Point","coordinates":[106.839,14.808]}},{"type":"Feature","properties":{"name":"Muineachan","rank":8,"capital":0},"geometry":{"type":"Point","coordinates":[-6.967,54.25]}},{"type":"Feature","properties":{"name":"Vejle","rank":8,"capital":0},"geometry":{"type":"Point","coordinates":[9.535,55.709]}},{"type":"Feature","properties":{"name":"Hiller\u00f8d","rank":8,"capital":0},"geometry":{"type":"Point","coordinates":[12.317,55.933]}},{"type":"Feature","properties":{"name":"Sor\u00f8","rank":8,"capital":0},"geometry":{"type":"Point","coordinates":[11.567,55.433]}},{"type":"Feature","properties":{"name":"Mali","rank":8,"capital":0},"geometry":{"type":"Point","coordinates":[-12.301,12.084]}},{"type":"Feature","properties":{"name":"Tongue","rank":8,"capital":0},"geometry":{"type":"Point","coordinates":[-11.67,11.44]}},{"type":"Feature","properties":{"name":"Kouroussa","rank":8,"capital":0},"geometry":{"type":"Point","coordinates":[-9.892,10.653]}},{"type":"Feature","properties":{"name":"Pita","rank":8,"capital":0},"geometry":{"type":"Point","coordinates":[-12.401,11.08]}},{"type":"Feature","properties":{"name":"Dalaba","rank":8,"capital":0},"geometry":{"type":"Point","coordinates":[-12.272,10.656]}},{"type":"Feature","properties":{"name":"Boffa","rank":8,"capital":0},"geometry":{"type":"Point","coordinates":[-14.043,10.185]}},{"type":"Feature","properties":{"name":"Koundara","rank":8,"capital":0},"geometry":{"type":"Point","coordinates":[-13.296,12.48]}},{"type":"Feature","properties":{"name":"Gaoual","rank":8,"capital":0},"geometry":{"type":"Point","coordinates":[-13.213,11.754]}},{"type":"Feature","properties":{"name":"T\u00e9lim\u00e9l\u00e9","rank":8,"capital":0},"geometry":{"type":"Point","coordinates":[-13.043,10.905]}},{"type":"Feature","properties":{"name":"Forecariah","rank":8,"capital":0},"geometry":{"type":"Point","coordinates":[-13.098,9.43]}},{"type":"Feature","properties":{"name":"Beyla","rank":8,"capital":0},"geometry":{"type":"Point","coordinates":[-8.657,8.687]}},{"type":"Feature","properties":{"name":"Gueckedou","rank":8,"capital":0},"geometry":{"type":"Point","coordinates":[-10.151,8.554]}},{"type":"Feature","properties":{"name":"Dinguiraye","rank":8,"capital":0},"geometry":{"type":"Point","coordinates":[-10.726,11.299]}},{"type":"Feature","properties":{"name":"Dabola","rank":8,"capital":0},"geometry":{"type":"Point","coordinates":[-11.109,10.748]}},{"type":"Feature","properties":{"name":"Touba","rank":8,"capital":0},"geometry":{"type":"Point","coordinates":[-7.684,8.28]}},{"type":"Feature","properties":{"name":"Bouafl\u00e9","rank":8,"capital":0},"geometry":{"type":"Point","coordinates":[-5.748,6.978]}},{"type":"Feature","properties":{"name":"Divo","rank":8,"capital":0},"geometry":{"type":"Point","coordinates":[-5.36,5.839]}},{"type":"Feature","properties":{"name":"Toumodi","rank":8,"capital":0},"geometry":{"type":"Point","coordinates":[-5.019,6.552]}},{"type":"Feature","properties":{"name":"Aboisso","rank":8,"capital":0},"geometry":{"type":"Point","coordinates":[-3.2,5.467]}},{"type":"Feature","properties":{"name":"Santa Cruz Del Quiche","rank":8,"capital":0},"geometry":{"type":"Point","coordinates":[-91.133,15.033]}},{"type":"Feature","properties":{"name":"Kruj\u00eb","rank":8,"capital":0},"geometry":{"type":"Point","coordinates":[19.797,41.519]}},{"type":"Feature","properties":{"name":"Fier","rank":8,"capital":0},"geometry":{"type":"Point","coordinates":[19.573,40.73]}},{"type":"Feature","properties":{"name":"Lushnj\u00eb","rank":8,"capital":0},"geometry":{"type":"Point","coordinates":[19.716,40.94]}},{"type":"Feature","properties":{"name":"Puk\u00eb","rank":8,"capital":0},"geometry":{"type":"Point","coordinates":[19.883,42.033]}},{"type":"Feature","properties":{"name":"Bajram Curri","rank":8,"capital":0},"geometry":{"type":"Point","coordinates":[20.083,42.333]}},{"type":"Feature","properties":{"name":"Kuk\u00ebs","rank":8,"capital":0},"geometry":{"type":"Point","coordinates":[20.434,42.083]}},{"type":"Feature","properties":{"name":"Sarand\u00eb","rank":8,"capital":0},"geometry":{"type":"Point","coordinates":[20.0,39.877]}},{"type":"Feature","properties":{"name":"Ersek\u00eb","rank":8,"capital":0},"geometry":{"type":"Point","coordinates":[20.683,40.333]}},{"type":"Feature","properties":{"name":"Pogradec","rank":8,"capital":0},"geometry":{"type":"Point","coordinates":[20.664,40.9]}},{"type":"Feature","properties":{"name":"Kor\u00e7\u00eb","rank":8,"capital":0},"geometry":{"type":"Point","coordinates":[20.767,40.617]}},{"type":"Feature","properties":{"name":"Berat","rank":8,"capital":0},"geometry":{"type":"Point","coordinates":[19.972,40.71]}},{"type":"Feature","properties":{"name":"\u00c7orovod\u00eb","rank":8,"capital":0},"geometry":{"type":"Point","coordinates":[20.233,40.517]}},{"type":"Feature","properties":{"name":"Gramsh","rank":8,"capital":0},"geometry":{"type":"Point","coordinates":[20.2,40.867]}},{"type":"Feature","properties":{"name":"Librazhd","rank":8,"capital":0},"geometry":{"type":"Point","coordinates":[20.367,41.2]}},{"type":"Feature","properties":{"name":"Tepelen\u00eb","rank":8,"capital":0},"geometry":{"type":"Point","coordinates":[20.033,40.283]}},{"type":"Feature","properties":{"name":"P\u00ebrmet","rank":8,"capital":0},"geometry":{"type":"Point","coordinates":[20.352,40.234]}},{"type":"Feature","properties":{"name":"Gjirokast\u00ebr","rank":8,"capital":0},"geometry":{"type":"Point","coordinates":[20.149,40.079]}},{"type":"Feature","properties":{"name":"Peshkopi","rank":8,"capital":0},"geometry":{"type":"Point","coordinates":[20.433,41.683]}},{"type":"Feature","properties":{"name":"Burrel","rank":8,"capital":0},"geometry":{"type":"Point","coordinates":[20.016,41.626]}},{"type":"Feature","properties":{"name":"Lezh\u00eb","rank":8,"capital":0},"geometry":{"type":"Point","coordinates":[19.654,41.788]}},{"type":"Feature","properties":{"name":"Rr\u00ebshen","rank":8,"capital":0},"geometry":{"type":"Point","coordinates":[19.817,41.783]}},{"type":"Feature","properties":{"name":"Ashtarak","rank":8,"capital":0},"geometry":{"type":"Point","coordinates":[44.359,40.302]}},{"type":"Feature","properties":{"name":"Mons","rank":8,"capital":0},"geometry":{"type":"Point","coordinates":[3.939,50.446]}},{"type":"Feature","properties":{"name":"Hasselt","rank":8,"capital":0},"geometry":{"type":"Point","coordinates":[5.339,50.929]}},{"type":"Feature","properties":{"name":"Ijevan","rank":8,"capital":0},"geometry":{"type":"Point","coordinates":[45.149,40.876]}},{"type":"Feature","properties":{"name":"Artashat","rank":8,"capital":0},"geometry":{"type":"Point","coordinates":[44.551,39.954]}},{"type":"Feature","properties":{"name":"Gavarr","rank":8,"capital":0},"geometry":{"type":"Point","coordinates":[45.127,40.359]}},{"type":"Feature","properties":{"name":"Gadabay","rank":8,"capital":0},"geometry":{"type":"Point","coordinates":[45.816,40.566]}},{"type":"Feature","properties":{"name":"Goranboy","rank":8,"capital":0},"geometry":{"type":"Point","coordinates":[46.79,40.61]}},{"type":"Feature","properties":{"name":"Tovuz","rank":8,"capital":0},"geometry":{"type":"Point","coordinates":[45.629,40.992]}},{"type":"Feature","properties":{"name":"Agdam","rank":8,"capital":0},"geometry":{"type":"Point","coordinates":[45.556,40.905]}},{"type":"Feature","properties":{"name":"Qabala","rank":8,"capital":0},"geometry":{"type":"Point","coordinates":[47.846,40.981]}},{"type":"Feature","properties":{"name":"O\u011fuz","rank":8,"capital":0},"geometry":{"type":"Point","coordinates":[47.458,41.071]}},{"type":"Feature","properties":{"name":"Yeghegnadzor","rank":8,"capital":0},"geometry":{"type":"Point","coordinates":[45.333,39.761]}},{"type":"Feature","properties":{"name":"Kampong Spoe","rank":8,"capital":0},"geometry":{"type":"Point","coordinates":[104.519,11.452]}},{"type":"Feature","properties":{"name":"Kampong Thum","rank":8,"capital":0},"geometry":{"type":"Point","coordinates":[104.889,12.712]}},{"type":"Feature","properties":{"name":"Prey Veng","rank":8,"capital":0},"geometry":{"type":"Point","coordinates":[105.324,11.484]}},{"type":"Feature","properties":{"name":"Phnum Tbeng Meanchey","rank":8,"capital":0},"geometry":{"type":"Point","coordinates":[104.967,13.817]}},{"type":"Feature","properties":{"name":"Stoeng Treng","rank":8,"capital":0},"geometry":{"type":"Point","coordinates":[105.974,13.523]}},{"type":"Feature","properties":{"name":"Kracheh","rank":8,"capital":0},"geometry":{"type":"Point","coordinates":[106.024,12.469]}},{"type":"Feature","properties":{"name":"Senmonorom","rank":8,"capital":0},"geometry":{"type":"Point","coordinates":[107.2,12.45]}},{"type":"Feature","properties":{"name":"Lumphat","rank":8,"capital":0},"geometry":{"type":"Point","coordinates":[106.981,13.507]}},{"type":"Feature","properties":{"name":"Svay Rieng","rank":8,"capital":0},"geometry":{"type":"Point","coordinates":[105.801,11.08]}},{"type":"Feature","properties":{"name":"Lokossa","rank":8,"capital":0},"geometry":{"type":"Point","coordinates":[1.715,6.615]}},{"type":"Feature","properties":{"name":"Fada Ngourma","rank":8,"capital":0},"geometry":{"type":"Point","coordinates":[0.361,12.055]}},{"type":"Feature","properties":{"name":"Arlon","rank":8,"capital":0},"geometry":{"type":"Point","coordinates":[5.817,49.683]}},{"type":"Feature","properties":{"name":"Paro","rank":8,"capital":0},"geometry":{"type":"Point","coordinates":[89.417,27.429]}},{"type":"Feature","properties":{"name":"Punakha","rank":8,"capital":0},"geometry":{"type":"Point","coordinates":[89.864,27.584]}},{"type":"Feature","properties":{"name":"Wangdue Prodrang","rank":8,"capital":0},"geometry":{"type":"Point","coordinates":[89.917,27.433]}},{"type":"Feature","properties":{"name":"Cankuzo","rank":8,"capital":0},"geometry":{"type":"Point","coordinates":[30.517,-3.167]}},{"type":"Feature","properties":{"name":"Karusi","rank":8,"capital":0},"geometry":{"type":"Point","coordinates":[30.163,-3.1]}},{"type":"Feature","properties":{"name":"Rutana","rank":8,"capital":0},"geometry":{"type":"Point","coordinates":[29.993,-3.931]}},{"type":"Feature","properties":{"name":"Ruyigi","rank":8,"capital":0},"geometry":{"type":"Point","coordinates":[30.244,-3.481]}},{"type":"Feature","properties":{"name":"Bubanza","rank":8,"capital":0},"geometry":{"type":"Point","coordinates":[29.367,-3.083]}},{"type":"Feature","properties":{"name":"Kayanza","rank":8,"capital":0},"geometry":{"type":"Point","coordinates":[29.567,-2.9]}},{"type":"Feature","properties":{"name":"Makamba","rank":8,"capital":0},"geometry":{"type":"Point","coordinates":[29.8,-4.133]}},{"type":"Feature","properties":{"name":"Ngozi","rank":8,"capital":0},"geometry":{"type":"Point","coordinates":[29.825,-2.912]}},{"type":"Feature","properties":{"name":"Kirundo","rank":8,"capital":0},"geometry":{"type":"Point","coordinates":[30.097,-2.585]}},{"type":"Feature","properties":{"name":"Orodara","rank":8,"capital":0},"geometry":{"type":"Point","coordinates":[-4.908,10.974]}},{"type":"Feature","properties":{"name":"Solenzo","rank":8,"capital":0},"geometry":{"type":"Point","coordinates":[-4.083,12.183]}},{"type":"Feature","properties":{"name":"Nouna","rank":8,"capital":0},"geometry":{"type":"Point","coordinates":[-3.86,12.729]}},{"type":"Feature","properties":{"name":"D\u00e9dougou","rank":8,"capital":0},"geometry":{"type":"Point","coordinates":[-3.464,12.455]}},{"type":"Feature","properties":{"name":"Gorom Gorom","rank":8,"capital":0},"geometry":{"type":"Point","coordinates":[-0.233,14.45]}},{"type":"Feature","properties":{"name":"Djibo","rank":8,"capital":0},"geometry":{"type":"Point","coordinates":[-1.627,14.099]}},{"type":"Feature","properties":{"name":"Tougan","rank":8,"capital":0},"geometry":{"type":"Point","coordinates":[-3.07,13.069]}},{"type":"Feature","properties":{"name":"Kombissiri","rank":8,"capital":0},"geometry":{"type":"Point","coordinates":[-1.334,12.064]}},{"type":"Feature","properties":{"name":"Ziniar\u00e9","rank":8,"capital":0},"geometry":{"type":"Point","coordinates":[-1.293,12.577]}},{"type":"Feature","properties":{"name":"Yako","rank":8,"capital":0},"geometry":{"type":"Point","coordinates":[-2.263,12.954]}},{"type":"Feature","properties":{"name":"R\u00e9o","rank":8,"capital":0},"geometry":{"type":"Point","coordinates":[-2.467,12.333]}},{"type":"Feature","properties":{"name":"Leo","rank":8,"capital":0},"geometry":{"type":"Point","coordinates":[-2.098,11.094]}},{"type":"Feature","properties":{"name":"Sapouy","rank":8,"capital":0},"geometry":{"type":"Point","coordinates":[-1.774,11.554]}},{"type":"Feature","properties":{"name":"Boulsa","rank":8,"capital":0},"geometry":{"type":"Point","coordinates":[-0.569,12.657]}},{"type":"Feature","properties":{"name":"Zorgo","rank":8,"capital":0},"geometry":{"type":"Point","coordinates":[-0.611,12.243]}},{"type":"Feature","properties":{"name":"Koup\u00e9la","rank":8,"capital":0},"geometry":{"type":"Point","coordinates":[-0.356,12.177]}},{"type":"Feature","properties":{"name":"P\u00f4","rank":8,"capital":0},"geometry":{"type":"Point","coordinates":[-1.135,11.169]}},{"type":"Feature","properties":{"name":"Manga","rank":8,"capital":0},"geometry":{"type":"Point","coordinates":[-1.065,11.662]}},{"type":"Feature","properties":{"name":"Di\u00e9bougou","rank":8,"capital":0},"geometry":{"type":"Point","coordinates":[-3.248,10.952]}},{"type":"Feature","properties":{"name":"Gaoua","rank":8,"capital":0},"geometry":{"type":"Point","coordinates":[-3.174,10.325]}},{"type":"Feature","properties":{"name":"Bogand\u00e9","rank":8,"capital":0},"geometry":{"type":"Point","coordinates":[-0.138,12.969]}},{"type":"Feature","properties":{"name":"Dori","rank":8,"capital":0},"geometry":{"type":"Point","coordinates":[-0.028,14.034]}},{"type":"Feature","properties":{"name":"Sebba","rank":8,"capital":0},"geometry":{"type":"Point","coordinates":[0.53,13.436]}},{"type":"Feature","properties":{"name":"Diapaga","rank":8,"capital":0},"geometry":{"type":"Point","coordinates":[1.796,12.077]}},{"type":"Feature","properties":{"name":"Muramvya","rank":8,"capital":0},"geometry":{"type":"Point","coordinates":[29.612,-3.261]}},{"type":"Feature","properties":{"name":"Larnaka","rank":8,"capital":0},"geometry":{"type":"Point","coordinates":[33.636,34.917]}},{"type":"Feature","properties":{"name":"Paphos","rank":8,"capital":0},"geometry":{"type":"Point","coordinates":[32.422,34.756]}},{"type":"Feature","properties":{"name":"Roat\u00e1n","rank":8,"capital":0},"geometry":{"type":"Point","coordinates":[-86.519,16.33]}},{"type":"Feature","properties":{"name":"Borgarnes","rank":8,"capital":0},"geometry":{"type":"Point","coordinates":[-21.862,64.57]}},{"type":"Feature","properties":{"name":"San Carlos","rank":8,"capital":0},"geometry":{"type":"Point","coordinates":[-84.776,11.189]}},{"type":"Feature","properties":{"name":"Onverwacht","rank":8,"capital":0},"geometry":{"type":"Point","coordinates":[-55.2,5.6]}},{"type":"Feature","properties":{"name":"Groningen","rank":8,"capital":0},"geometry":{"type":"Point","coordinates":[-55.481,5.797]}},{"type":"Feature","properties":{"name":"Leninobod","rank":8,"capital":0},"geometry":{"type":"Point","coordinates":[69.0,39.75]}},{"type":"Feature","properties":{"name":"Jinotepe","rank":8,"capital":0},"geometry":{"type":"Point","coordinates":[-86.195,11.846]}},{"type":"Feature","properties":{"name":"Jinotega","rank":8,"capital":0},"geometry":{"type":"Point","coordinates":[-86.0,13.091]}},{"type":"Feature","properties":{"name":"Masaya","rank":8,"capital":0},"geometry":{"type":"Point","coordinates":[-86.095,11.969]}},{"type":"Feature","properties":{"name":"El Porvenir","rank":8,"capital":0},"geometry":{"type":"Point","coordinates":[-78.972,9.542]}},{"type":"Feature","properties":{"name":"Heredia","rank":8,"capital":0},"geometry":{"type":"Point","coordinates":[-84.12,9.992]}},{"type":"Feature","properties":{"name":"Klaksv\u00edk","rank":8,"capital":0},"geometry":{"type":"Point","coordinates":[-6.539,62.237]}},{"type":"Feature","properties":{"name":"El Cayo","rank":8,"capital":0},"geometry":{"type":"Point","coordinates":[-89.061,17.156]}},{"type":"Feature","properties":{"name":"Corozal","rank":8,"capital":0},"geometry":{"type":"Point","coordinates":[-88.388,18.398]}},{"type":"Feature","properties":{"name":"Bade","rank":8,"capital":0},"geometry":{"type":"Point","coordinates":[121.299,24.957]}},{"type":"Feature","properties":{"name":"Pingzhen","rank":8,"capital":0},"geometry":{"type":"Point","coordinates":[121.216,24.944]}},{"type":"Feature","properties":{"name":"Taibao","rank":8,"capital":0},"geometry":{"type":"Point","coordinates":[120.333,23.45]}},{"type":"Feature","properties":{"name":"Taoyuan","rank":8,"capital":0},"geometry":{"type":"Point","coordinates":[121.311,24.989]}},{"type":"Feature","properties":{"name":"Yangmei","rank":8,"capital":0},"geometry":{"type":"Point","coordinates":[121.15,24.917]}},{"type":"Feature","properties":{"name":"Yilan","rank":8,"capital":0},"geometry":{"type":"Point","coordinates":[121.75,24.75]}},{"type":"Feature","properties":{"name":"Zhubei","rank":8,"capital":0},"geometry":{"type":"Point","coordinates":[121.012,24.833]}},{"type":"Feature","properties":{"name":"Greymouth","rank":8,"capital":0},"geometry":{"type":"Point","coordinates":[171.223,-42.472]}},{"type":"Feature","properties":{"name":"Artigas","rank":8,"capital":0},"geometry":{"type":"Point","coordinates":[-56.486,-30.416]}},{"type":"Feature","properties":{"name":"Baltasar Brum","rank":8,"capital":0},"geometry":{"type":"Point","coordinates":[-57.32,-30.73]}},{"type":"Feature","properties":{"name":"Tranqueras","rank":8,"capital":0},"geometry":{"type":"Point","coordinates":[-55.75,-31.2]}},{"type":"Feature","properties":{"name":"Tacuaremb\u00f3","rank":8,"capital":0},"geometry":{"type":"Point","coordinates":[-55.98,-31.71]}},{"type":"Feature","properties":{"name":"Paso de los Toros","rank":8,"capital":0},"geometry":{"type":"Point","coordinates":[-56.51,-32.81]}},{"type":"Feature","properties":{"name":"Vergara","rank":8,"capital":0},"geometry":{"type":"Point","coordinates":[-53.95,-32.93]}},{"type":"Feature","properties":{"name":"Treinta y Tres","rank":8,"capital":0},"geometry":{"type":"Point","coordinates":[-54.38,-33.23]}},{"type":"Feature","properties":{"name":"Santa Luc\u00eda","rank":8,"capital":0},"geometry":{"type":"Point","coordinates":[-56.4,-34.47]}},{"type":"Feature","properties":{"name":"Jos\u00e9 Batlle y Ord\u00f3\u00f1ez","rank":8,"capital":0},"geometry":{"type":"Point","coordinates":[-55.12,-33.47]}},{"type":"Feature","properties":{"name":"Minas","rank":8,"capital":0},"geometry":{"type":"Point","coordinates":[-55.23,-34.37]}},{"type":"Feature","properties":{"name":"Maldonado","rank":8,"capital":0},"geometry":{"type":"Point","coordinates":[-54.96,-34.91]}},{"type":"Feature","properties":{"name":"Punta del Este","rank":8,"capital":0},"geometry":{"type":"Point","coordinates":[-54.95,-34.97]}},{"type":"Feature","properties":{"name":"Aigu\u00e1","rank":8,"capital":0},"geometry":{"type":"Point","coordinates":[-54.75,-34.2]}},{"type":"Feature","properties":{"name":"La Paloma","rank":8,"capital":0},"geometry":{"type":"Point","coordinates":[-54.17,-34.67]}},{"type":"Feature","properties":{"name":"San Fernando","rank":8,"capital":0},"geometry":{"type":"Point","coordinates":[-61.459,10.28]}},{"type":"Feature","properties":{"name":"Brownsweg","rank":8,"capital":0},"geometry":{"type":"Point","coordinates":[-55.17,5.02]}},{"type":"Feature","properties":{"name":"Moengo","rank":8,"capital":0},"geometry":{"type":"Point","coordinates":[-54.41,5.63]}},{"type":"Feature","properties":{"name":"Nieuw Amsterdam","rank":8,"capital":0},"geometry":{"type":"Point","coordinates":[-55.07,5.91]}},{"type":"Feature","properties":{"name":"Umm al Qaywayn","rank":8,"capital":0},"geometry":{"type":"Point","coordinates":[55.553,25.565]}},{"type":"Feature","properties":{"name":"Sharjah","rank":8,"capital":0},"geometry":{"type":"Point","coordinates":[55.406,25.371]}},{"type":"Feature","properties":{"name":"Serdar","rank":8,"capital":0},"geometry":{"type":"Point","coordinates":[56.278,38.976]}},{"type":"Feature","properties":{"name":"Celeken","rank":8,"capital":0},"geometry":{"type":"Point","coordinates":[53.123,39.436]}},{"type":"Feature","properties":{"name":"Tejen","rank":8,"capital":0},"geometry":{"type":"Point","coordinates":[60.496,37.379]}},{"type":"Feature","properties":{"name":"Buzmeyin","rank":8,"capital":0},"geometry":{"type":"Point","coordinates":[58.21,38.052]}},{"type":"Feature","properties":{"name":"Koneurgench","rank":8,"capital":0},"geometry":{"type":"Point","coordinates":[59.167,42.317]}},{"type":"Feature","properties":{"name":"Qurghonteppa","rank":8,"capital":0},"geometry":{"type":"Point","coordinates":[68.771,37.837]}},{"type":"Feature","properties":{"name":"Konibodom","rank":8,"capital":0},"geometry":{"type":"Point","coordinates":[70.427,40.292]}},{"type":"Feature","properties":{"name":"Nacaome","rank":8,"capital":0},"geometry":{"type":"Point","coordinates":[-87.49,13.53]}},{"type":"Feature","properties":{"name":"Santa Rosa de Cop\u00e1n","rank":8,"capital":0},"geometry":{"type":"Point","coordinates":[-88.78,14.77]}},{"type":"Feature","properties":{"name":"Corriverton","rank":8,"capital":0},"geometry":{"type":"Point","coordinates":[-57.17,5.9]}},{"type":"Feature","properties":{"name":"Ituni","rank":8,"capital":0},"geometry":{"type":"Point","coordinates":[-58.25,5.43]}},{"type":"Feature","properties":{"name":"Lethem","rank":8,"capital":0},"geometry":{"type":"Point","coordinates":[-59.8,3.39]}},{"type":"Feature","properties":{"name":"San Juan del Sur","rank":8,"capital":0},"geometry":{"type":"Point","coordinates":[-85.86,11.25]}},{"type":"Feature","properties":{"name":"Estel\u00ed","rank":8,"capital":0},"geometry":{"type":"Point","coordinates":[-86.36,13.09]}},{"type":"Feature","properties":{"name":"Boaco","rank":8,"capital":0},"geometry":{"type":"Point","coordinates":[-85.66,12.47]}},{"type":"Feature","properties":{"name":"Juigalpa","rank":8,"capital":0},"geometry":{"type":"Point","coordinates":[-85.38,12.11]}},{"type":"Feature","properties":{"name":"Eindhoven","rank":8,"capital":0},"geometry":{"type":"Point","coordinates":[5.5,51.43]}},{"type":"Feature","properties":{"name":"R\u0113zekne","rank":8,"capital":0},"geometry":{"type":"Point","coordinates":[27.317,56.5]}},{"type":"Feature","properties":{"name":"Paneve\u017eys","rank":8,"capital":0},"geometry":{"type":"Point","coordinates":[24.37,55.74]}},{"type":"Feature","properties":{"name":"\u0160iauliai","rank":8,"capital":0},"geometry":{"type":"Point","coordinates":[23.325,55.939]}},{"type":"Feature","properties":{"name":"Tokmak","rank":8,"capital":0},"geometry":{"type":"Point","coordinates":[75.285,42.83]}},{"type":"Feature","properties":{"name":"Kara Balta","rank":8,"capital":0},"geometry":{"type":"Point","coordinates":[73.886,42.831]}},{"type":"Feature","properties":{"name":"Cholpon Ata","rank":8,"capital":0},"geometry":{"type":"Point","coordinates":[77.081,42.651]}},{"type":"Feature","properties":{"name":"Naryn","rank":8,"capital":0},"geometry":{"type":"Point","coordinates":[75.991,41.426]}},{"type":"Feature","properties":{"name":"Kok Yangak","rank":8,"capital":0},"geometry":{"type":"Point","coordinates":[73.206,41.031]}},{"type":"Feature","properties":{"name":"Penonome","rank":8,"capital":0},"geometry":{"type":"Point","coordinates":[-80.36,8.51]}},{"type":"Feature","properties":{"name":"Chitr\u00e9","rank":8,"capital":0},"geometry":{"type":"Point","coordinates":[-80.42,7.97]}},{"type":"Feature","properties":{"name":"Jaqu\u00e9","rank":8,"capital":0},"geometry":{"type":"Point","coordinates":[-78.166,7.519]}},{"type":"Feature","properties":{"name":"Prizren","rank":8,"capital":0},"geometry":{"type":"Point","coordinates":[20.75,42.229]}},{"type":"Feature","properties":{"name":"Al Ahmadi","rank":8,"capital":0},"geometry":{"type":"Point","coordinates":[48.084,29.077]}},{"type":"Feature","properties":{"name":"Al Jahra","rank":8,"capital":0},"geometry":{"type":"Point","coordinates":[47.658,29.337]}},{"type":"Feature","properties":{"name":"Bocas del Toro","rank":8,"capital":0},"geometry":{"type":"Point","coordinates":[-82.247,9.335]}},{"type":"Feature","properties":{"name":"Almirante","rank":8,"capital":0},"geometry":{"type":"Point","coordinates":[-82.4,9.3]}},{"type":"Feature","properties":{"name":"Alayat Samail","rank":8,"capital":0},"geometry":{"type":"Point","coordinates":[57.978,23.303]}},{"type":"Feature","properties":{"name":"Tetovo","rank":8,"capital":0},"geometry":{"type":"Point","coordinates":[20.97,42.009]}},{"type":"Feature","properties":{"name":"Saida","rank":8,"capital":0},"geometry":{"type":"Point","coordinates":[35.369,33.563]}},{"type":"Feature","properties":{"name":"Shannon","rank":8,"capital":0},"geometry":{"type":"Point","coordinates":[-8.864,52.704]}},{"type":"Feature","properties":{"name":"Waterford","rank":8,"capital":0},"geometry":{"type":"Point","coordinates":[-7.112,52.258]}},{"type":"Feature","properties":{"name":"Tralee","rank":8,"capital":0},"geometry":{"type":"Point","coordinates":[-9.717,52.267]}},{"type":"Feature","properties":{"name":"Donegal","rank":8,"capital":0},"geometry":{"type":"Point","coordinates":[-8.117,54.65]}},{"type":"Feature","properties":{"name":"Irbid","rank":8,"capital":0},"geometry":{"type":"Point","coordinates":[35.85,32.55]}},{"type":"Feature","properties":{"name":"As Salt","rank":8,"capital":0},"geometry":{"type":"Point","coordinates":[35.727,32.039]}},{"type":"Feature","properties":{"name":"Az Zarqa","rank":8,"capital":0},"geometry":{"type":"Point","coordinates":[36.1,32.07]}},{"type":"Feature","properties":{"name":"Cartago","rank":8,"capital":0},"geometry":{"type":"Point","coordinates":[-83.93,9.87]}},{"type":"Feature","properties":{"name":"Golfito","rank":8,"capital":0},"geometry":{"type":"Point","coordinates":[-83.15,8.65]}},{"type":"Feature","properties":{"name":"Alajuela","rank":8,"capital":0},"geometry":{"type":"Point","coordinates":[-84.23,10.02]}},{"type":"Feature","properties":{"name":"Ca\u00f1as","rank":8,"capital":0},"geometry":{"type":"Point","coordinates":[-85.1,10.43]}},{"type":"Feature","properties":{"name":"Sensuntepeque","rank":8,"capital":0},"geometry":{"type":"Point","coordinates":[-88.63,13.88]}},{"type":"Feature","properties":{"name":"Sonsonate","rank":8,"capital":0},"geometry":{"type":"Point","coordinates":[-89.73,13.72]}},{"type":"Feature","properties":{"name":"San Miguel","rank":8,"capital":0},"geometry":{"type":"Point","coordinates":[-88.183,13.483]}},{"type":"Feature","properties":{"name":"May Pen","rank":8,"capital":0},"geometry":{"type":"Point","coordinates":[-77.233,17.967]}},{"type":"Feature","properties":{"name":"Spanish Town","rank":8,"capital":0},"geometry":{"type":"Point","coordinates":[-76.95,17.983]}},{"type":"Feature","properties":{"name":"Karlovac","rank":8,"capital":0},"geometry":{"type":"Point","coordinates":[15.548,45.487]}},{"type":"Feature","properties":{"name":"Rijeka","rank":8,"capital":0},"geometry":{"type":"Point","coordinates":[14.45,45.33]}},{"type":"Feature","properties":{"name":"Slavonski Brod","rank":8,"capital":0},"geometry":{"type":"Point","coordinates":[18.016,45.16]}},{"type":"Feature","properties":{"name":"Kohtla-J\u00e4rve","rank":8,"capital":0},"geometry":{"type":"Point","coordinates":[27.283,59.4]}},{"type":"Feature","properties":{"name":"San Luis","rank":8,"capital":0},"geometry":{"type":"Point","coordinates":[-89.44,16.2]}},{"type":"Feature","properties":{"name":"Cob\u00e1n","rank":8,"capital":0},"geometry":{"type":"Point","coordinates":[-90.38,15.47]}},{"type":"Feature","properties":{"name":"Livingston","rank":8,"capital":0},"geometry":{"type":"Point","coordinates":[-88.756,15.831]}},{"type":"Feature","properties":{"name":"Jutiapa","rank":8,"capital":0},"geometry":{"type":"Point","coordinates":[-89.9,14.29]}},{"type":"Feature","properties":{"name":"Neiba","rank":8,"capital":0},"geometry":{"type":"Point","coordinates":[-71.417,18.467]}},{"type":"Feature","properties":{"name":"La Vega","rank":8,"capital":0},"geometry":{"type":"Point","coordinates":[-70.517,19.217]}},{"type":"Feature","properties":{"name":"San Francisco de Macor\u00eds","rank":8,"capital":0},"geometry":{"type":"Point","coordinates":[-70.25,19.3]}},{"type":"Feature","properties":{"name":"Roura","rank":8,"capital":0},"geometry":{"type":"Point","coordinates":[-52.33,4.73]}},{"type":"Feature","properties":{"name":"Sinnamary","rank":8,"capital":0},"geometry":{"type":"Point","coordinates":[-52.96,5.38]}},{"type":"Feature","properties":{"name":"Kutaisi","rank":8,"capital":0},"geometry":{"type":"Point","coordinates":[42.73,42.25]}},{"type":"Feature","properties":{"name":"Tskhinvali","rank":8,"capital":0},"geometry":{"type":"Point","coordinates":[43.975,42.232]}},{"type":"Feature","properties":{"name":"Beer Sheva","rank":8,"capital":0},"geometry":{"type":"Point","coordinates":[34.83,31.25]}},{"type":"Feature","properties":{"name":"Viborg","rank":8,"capital":0},"geometry":{"type":"Point","coordinates":[9.4,56.433]}},{"type":"Feature","properties":{"name":"Roskilde","rank":8,"capital":0},"geometry":{"type":"Point","coordinates":[12.083,55.65]}},{"type":"Feature","properties":{"name":"Subotica","rank":8,"capital":0},"geometry":{"type":"Point","coordinates":[19.68,46.07]}},{"type":"Feature","properties":{"name":"Kragujevac","rank":8,"capital":0},"geometry":{"type":"Point","coordinates":[20.92,44.02]}},{"type":"Feature","properties":{"name":"Zrenjanin","rank":8,"capital":0},"geometry":{"type":"Point","coordinates":[20.399,45.379]}},{"type":"Feature","properties":{"name":"Dangriga","rank":8,"capital":0},"geometry":{"type":"Point","coordinates":[-88.22,16.97]}},{"type":"Feature","properties":{"name":"Vlor\u00eb","rank":8,"capital":0},"geometry":{"type":"Point","coordinates":[19.498,40.477]}},{"type":"Feature","properties":{"name":"Elbasan","rank":8,"capital":0},"geometry":{"type":"Point","coordinates":[20.084,41.122]}},{"type":"Feature","properties":{"name":"Gyumri","rank":8,"capital":0},"geometry":{"type":"Point","coordinates":[43.847,40.789]}},{"type":"Feature","properties":{"name":"Gent","rank":8,"capital":0},"geometry":{"type":"Point","coordinates":[3.7,51.03]}},{"type":"Feature","properties":{"name":"Vanadzor","rank":8,"capital":0},"geometry":{"type":"Point","coordinates":[44.488,40.813]}},{"type":"Feature","properties":{"name":"Ganca","rank":8,"capital":0},"geometry":{"type":"Point","coordinates":[46.35,40.685]}},{"type":"Feature","properties":{"name":"Yevlax","rank":8,"capital":0},"geometry":{"type":"Point","coordinates":[47.15,40.617]}},{"type":"Feature","properties":{"name":"Sumqayt","rank":8,"capital":0},"geometry":{"type":"Point","coordinates":[49.63,40.58]}},{"type":"Feature","properties":{"name":"Zenica","rank":8,"capital":0},"geometry":{"type":"Point","coordinates":[17.92,44.22]}},{"type":"Feature","properties":{"name":"Douliou","rank":8,"capital":0},"geometry":{"type":"Point","coordinates":[120.544,23.707]}},{"type":"Feature","properties":{"name":"Zhongli","rank":8,"capital":0},"geometry":{"type":"Point","coordinates":[121.217,24.965]}},{"type":"Feature","properties":{"name":"Keelung","rank":8,"capital":0},"geometry":{"type":"Point","coordinates":[121.733,25.133]}},{"type":"Feature","properties":{"name":"Nantou","rank":8,"capital":0},"geometry":{"type":"Point","coordinates":[120.683,23.917]}},{"type":"Feature","properties":{"name":"Puzi","rank":8,"capital":0},"geometry":{"type":"Point","coordinates":[120.242,23.461]}},{"type":"Feature","properties":{"name":"Lower Hutt","rank":8,"capital":0},"geometry":{"type":"Point","coordinates":[174.912,-41.204]}},{"type":"Feature","properties":{"name":"Paraparaumu","rank":8,"capital":0},"geometry":{"type":"Point","coordinates":[174.999,-40.903]}},{"type":"Feature","properties":{"name":"Porirua","rank":8,"capital":0},"geometry":{"type":"Point","coordinates":[174.852,-41.122]}},{"type":"Feature","properties":{"name":"Thames","rank":8,"capital":0},"geometry":{"type":"Point","coordinates":[175.585,-37.138]}},{"type":"Feature","properties":{"name":"Pukekohe","rank":8,"capital":0},"geometry":{"type":"Point","coordinates":[174.903,-37.201]}},{"type":"Feature","properties":{"name":"Hawera","rank":8,"capital":0},"geometry":{"type":"Point","coordinates":[174.278,-39.579]}},{"type":"Feature","properties":{"name":"Kaitaia","rank":8,"capital":0},"geometry":{"type":"Point","coordinates":[173.273,-35.11]}},{"type":"Feature","properties":{"name":"Kaikoura","rank":8,"capital":0},"geometry":{"type":"Point","coordinates":[173.69,-42.401]}},{"type":"Feature","properties":{"name":"Gore","rank":8,"capital":0},"geometry":{"type":"Point","coordinates":[168.96,-46.095]}},{"type":"Feature","properties":{"name":"Te Anau","rank":8,"capital":0},"geometry":{"type":"Point","coordinates":[167.758,-45.407]}},{"type":"Feature","properties":{"name":"Oban","rank":8,"capital":0},"geometry":{"type":"Point","coordinates":[168.167,-46.888]}},{"type":"Feature","properties":{"name":"Tokoroa","rank":8,"capital":0},"geometry":{"type":"Point","coordinates":[175.87,-38.225]}},{"type":"Feature","properties":{"name":"Wanaka","rank":8,"capital":0},"geometry":{"type":"Point","coordinates":[169.145,-44.698]}},{"type":"Feature","properties":{"name":"Picton","rank":8,"capital":0},"geometry":{"type":"Point","coordinates":[174.017,-41.281]}},{"type":"Feature","properties":{"name":"Waitangi","rank":8,"capital":0},"geometry":{"type":"Point","coordinates":[-176.351,-44.033]}},{"type":"Feature","properties":{"name":"Atafu","rank":8,"capital":0},"geometry":{"type":"Point","coordinates":[-172.498,-8.549]}},{"type":"Feature","properties":{"name":"Alofi","rank":8,"capital":0},"geometry":{"type":"Point","coordinates":[-169.914,-19.066]}},{"type":"Feature","properties":{"name":"Raoul Island Station","rank":8,"capital":0},"geometry":{"type":"Point","coordinates":[-177.926,-29.247]}},{"type":"Feature","properties":{"name":"Cambridge","rank":8,"capital":0},"geometry":{"type":"Point","coordinates":[175.47,-37.889]}},{"type":"Feature","properties":{"name":"Kerikeri","rank":8,"capital":0},"geometry":{"type":"Point","coordinates":[173.951,-35.228]}},{"type":"Feature","properties":{"name":"Turangi","rank":8,"capital":0},"geometry":{"type":"Point","coordinates":[175.814,-38.989]}},{"type":"Feature","properties":{"name":"Carmelo","rank":8,"capital":0},"geometry":{"type":"Point","coordinates":[-58.3,-33.99]}},{"type":"Feature","properties":{"name":"Bella Uni\u00f3n","rank":8,"capital":0},"geometry":{"type":"Point","coordinates":[-57.6,-30.26]}},{"type":"Feature","properties":{"name":"Mercedes","rank":8,"capital":0},"geometry":{"type":"Point","coordinates":[-58.03,-33.26]}},{"type":"Feature","properties":{"name":"Melo","rank":8,"capital":0},"geometry":{"type":"Point","coordinates":[-54.18,-32.359]}},{"type":"Feature","properties":{"name":"Rivera","rank":8,"capital":0},"geometry":{"type":"Point","coordinates":[-55.56,-30.9]}},{"type":"Feature","properties":{"name":"Lascano","rank":8,"capital":0},"geometry":{"type":"Point","coordinates":[-54.2,-33.67]}},{"type":"Feature","properties":{"name":"Castillos","rank":8,"capital":0},"geometry":{"type":"Point","coordinates":[-53.83,-34.17]}},{"type":"Feature","properties":{"name":"Nieuw Nickerie","rank":8,"capital":0},"geometry":{"type":"Point","coordinates":[-56.99,5.95]}},{"type":"Feature","properties":{"name":"Brokopondo","rank":8,"capital":0},"geometry":{"type":"Point","coordinates":[-55.02,5.04]}},{"type":"Feature","properties":{"name":"Totness","rank":8,"capital":0},"geometry":{"type":"Point","coordinates":[-56.32,5.89]}},{"type":"Feature","properties":{"name":"Kpalim\u00e9","rank":8,"capital":0},"geometry":{"type":"Point","coordinates":[0.63,6.9]}},{"type":"Feature","properties":{"name":"Sokod\u00e9","rank":8,"capital":0},"geometry":{"type":"Point","coordinates":[1.15,8.99]}},{"type":"Feature","properties":{"name":"Mango","rank":8,"capital":0},"geometry":{"type":"Point","coordinates":[0.471,10.36]}},{"type":"Feature","properties":{"name":"Ras al Khaymah","rank":8,"capital":0},"geometry":{"type":"Point","coordinates":[55.943,25.792]}},{"type":"Feature","properties":{"name":"Al Fujayrah","rank":8,"capital":0},"geometry":{"type":"Point","coordinates":[56.337,25.123]}},{"type":"Feature","properties":{"name":"Al Ayn","rank":8,"capital":0},"geometry":{"type":"Point","coordinates":[55.74,24.23]}},{"type":"Feature","properties":{"name":"Balkanabat","rank":8,"capital":0},"geometry":{"type":"Point","coordinates":[54.365,39.512]}},{"type":"Feature","properties":{"name":"Kaka","rank":8,"capital":0},"geometry":{"type":"Point","coordinates":[59.6,37.35]}},{"type":"Feature","properties":{"name":"Atamyrat","rank":8,"capital":0},"geometry":{"type":"Point","coordinates":[65.2,37.825]}},{"type":"Feature","properties":{"name":"Kuybyshevskiy","rank":8,"capital":0},"geometry":{"type":"Point","coordinates":[68.689,37.979]}},{"type":"Feature","properties":{"name":"Kulob","rank":8,"capital":0},"geometry":{"type":"Point","coordinates":[69.776,37.921]}},{"type":"Feature","properties":{"name":"Uroteppa","rank":8,"capital":0},"geometry":{"type":"Point","coordinates":[69.001,39.922]}},{"type":"Feature","properties":{"name":"Golela","rank":8,"capital":0},"geometry":{"type":"Point","coordinates":[31.9,-27.296]}},{"type":"Feature","properties":{"name":"Luganville","rank":8,"capital":0},"geometry":{"type":"Point","coordinates":[167.177,-15.513]}},{"type":"Feature","properties":{"name":"Trujillo","rank":8,"capital":0},"geometry":{"type":"Point","coordinates":[-85.96,15.91]}},{"type":"Feature","properties":{"name":"Brus Laguna","rank":8,"capital":0},"geometry":{"type":"Point","coordinates":[-84.48,15.75]}},{"type":"Feature","properties":{"name":"Puerto Lempira","rank":8,"capital":0},"geometry":{"type":"Point","coordinates":[-83.772,15.262]}},{"type":"Feature","properties":{"name":"Juticalpa","rank":8,"capital":0},"geometry":{"type":"Point","coordinates":[-86.23,14.67]}},{"type":"Feature","properties":{"name":"Comayagua","rank":8,"capital":0},"geometry":{"type":"Point","coordinates":[-87.65,14.46]}},{"type":"Feature","properties":{"name":"Choluteca","rank":8,"capital":0},"geometry":{"type":"Point","coordinates":[-87.191,13.301]}},{"type":"Feature","properties":{"name":"Kumaka","rank":8,"capital":0},"geometry":{"type":"Point","coordinates":[-58.38,3.9]}},{"type":"Feature","properties":{"name":"Bartica","rank":8,"capital":0},"geometry":{"type":"Point","coordinates":[-58.63,6.41]}},{"type":"Feature","properties":{"name":"Anna Regina","rank":8,"capital":0},"geometry":{"type":"Point","coordinates":[-58.5,7.27]}},{"type":"Feature","properties":{"name":"Egilssta\u00f0ir","rank":8,"capital":0},"geometry":{"type":"Point","coordinates":[-14.395,65.267]}},{"type":"Feature","properties":{"name":"Sau\u00f0\u00e1rkr\u00f3kur","rank":8,"capital":0},"geometry":{"type":"Point","coordinates":[-19.639,65.746]}},{"type":"Feature","properties":{"name":"Selfoss","rank":8,"capital":0},"geometry":{"type":"Point","coordinates":[-20.997,63.933]}},{"type":"Feature","properties":{"name":"Les Cayes","rank":8,"capital":0},"geometry":{"type":"Point","coordinates":[-73.75,18.2]}},{"type":"Feature","properties":{"name":"Gona\u00efves","rank":8,"capital":0},"geometry":{"type":"Point","coordinates":[-72.683,19.45]}},{"type":"Feature","properties":{"name":"Al Qunaytirah","rank":8,"capital":0},"geometry":{"type":"Point","coordinates":[35.824,33.126]}},{"type":"Feature","properties":{"name":"Rivas","rank":8,"capital":0},"geometry":{"type":"Point","coordinates":[-85.82,11.44]}},{"type":"Feature","properties":{"name":"San Juan de Nicaragua","rank":8,"capital":0},"geometry":{"type":"Point","coordinates":[-83.7,10.92]}},{"type":"Feature","properties":{"name":"Maribor","rank":8,"capital":0},"geometry":{"type":"Point","coordinates":[15.65,46.54]}},{"type":"Feature","properties":{"name":"Granada\u200e","rank":8,"capital":0},"geometry":{"type":"Point","coordinates":[-85.95,11.934]}},{"type":"Feature","properties":{"name":"Chinandega","rank":8,"capital":0},"geometry":{"type":"Point","coordinates":[-87.13,12.63]}},{"type":"Feature","properties":{"name":"Matagalpa","rank":8,"capital":0},"geometry":{"type":"Point","coordinates":[-85.917,12.917]}},{"type":"Feature","properties":{"name":"Makeni","rank":8,"capital":0},"geometry":{"type":"Point","coordinates":[-12.05,8.88]}},{"type":"Feature","properties":{"name":"Diourbel","rank":8,"capital":0},"geometry":{"type":"Point","coordinates":[-16.24,14.66]}},{"type":"Feature","properties":{"name":"Louga","rank":8,"capital":0},"geometry":{"type":"Point","coordinates":[-16.25,15.61]}},{"type":"Feature","properties":{"name":"Thi\u00e8s","rank":8,"capital":0},"geometry":{"type":"Point","coordinates":[-16.93,14.81]}},{"type":"Feature","properties":{"name":"Kolda","rank":8,"capital":0},"geometry":{"type":"Point","coordinates":[-14.95,12.91]}},{"type":"Feature","properties":{"name":"Tambacounda","rank":8,"capital":0},"geometry":{"type":"Point","coordinates":[-13.68,13.78]}},{"type":"Feature","properties":{"name":"K\u00e9dougou","rank":8,"capital":0},"geometry":{"type":"Point","coordinates":[-12.18,12.56]}},{"type":"Feature","properties":{"name":"Harper","rank":8,"capital":0},"geometry":{"type":"Point","coordinates":[-7.717,4.375]}},{"type":"Feature","properties":{"name":"Gbarnga","rank":8,"capital":0},"geometry":{"type":"Point","coordinates":[-9.49,7.01]}},{"type":"Feature","properties":{"name":"Koidu","rank":8,"capital":0},"geometry":{"type":"Point","coordinates":[-10.85,8.44]}},{"type":"Feature","properties":{"name":"Kenema","rank":8,"capital":0},"geometry":{"type":"Point","coordinates":[-11.19,7.88]}},{"type":"Feature","properties":{"name":"Zwedru","rank":8,"capital":0},"geometry":{"type":"Point","coordinates":[-8.13,6.07]}},{"type":"Feature","properties":{"name":"Pec","rank":8,"capital":0},"geometry":{"type":"Point","coordinates":[20.311,42.66]}},{"type":"Feature","properties":{"name":"Leeuwarden","rank":8,"capital":0},"geometry":{"type":"Point","coordinates":[5.783,53.25]}},{"type":"Feature","properties":{"name":"Groningen","rank":8,"capital":0},"geometry":{"type":"Point","coordinates":[6.58,53.22]}},{"type":"Feature","properties":{"name":"Utrecht","rank":8,"capital":0},"geometry":{"type":"Point","coordinates":[5.12,52.1]}},{"type":"Feature","properties":{"name":"Ventspils","rank":8,"capital":0},"geometry":{"type":"Point","coordinates":[21.561,57.39]}},{"type":"Feature","properties":{"name":"Klaip\u0117da","rank":8,"capital":0},"geometry":{"type":"Point","coordinates":[21.12,55.72]}},{"type":"Feature","properties":{"name":"Kaunas","rank":8,"capital":0},"geometry":{"type":"Point","coordinates":[23.88,54.95]}},{"type":"Feature","properties":{"name":"Jelgava","rank":8,"capital":0},"geometry":{"type":"Point","coordinates":[23.713,56.653]}},{"type":"Feature","properties":{"name":"Balykchy","rank":8,"capital":0},"geometry":{"type":"Point","coordinates":[76.185,42.456]}},{"type":"Feature","properties":{"name":"At Bashy","rank":8,"capital":0},"geometry":{"type":"Point","coordinates":[75.797,41.172]}},{"type":"Feature","properties":{"name":"Jalal Abad","rank":8,"capital":0},"geometry":{"type":"Point","coordinates":[73.003,40.943]}},{"type":"Feature","properties":{"name":"Toktogul","rank":8,"capital":0},"geometry":{"type":"Point","coordinates":[72.937,41.883]}},{"type":"Feature","properties":{"name":"Tash Komur","rank":8,"capital":0},"geometry":{"type":"Point","coordinates":[72.231,41.342]}},{"type":"Feature","properties":{"name":"Talas","rank":8,"capital":0},"geometry":{"type":"Point","coordinates":[72.243,42.518]}},{"type":"Feature","properties":{"name":"Osh","rank":8,"capital":0},"geometry":{"type":"Point","coordinates":[72.79,40.54]}},{"type":"Feature","properties":{"name":"Karonga","rank":8,"capital":0},"geometry":{"type":"Point","coordinates":[33.933,-9.933]}},{"type":"Feature","properties":{"name":"Sohano","rank":8,"capital":0},"geometry":{"type":"Point","coordinates":[154.671,-5.43]}},{"type":"Feature","properties":{"name":"Kieta","rank":8,"capital":0},"geometry":{"type":"Point","coordinates":[155.633,-6.216]}},{"type":"Feature","properties":{"name":"Gizo","rank":8,"capital":0},"geometry":{"type":"Point","coordinates":[156.835,-8.1]}},{"type":"Feature","properties":{"name":"Mendi","rank":8,"capital":0},"geometry":{"type":"Point","coordinates":[143.645,-6.144]}},{"type":"Feature","properties":{"name":"Abau","rank":8,"capital":0},"geometry":{"type":"Point","coordinates":[148.565,-10.043]}},{"type":"Feature","properties":{"name":"Alotau","rank":8,"capital":0},"geometry":{"type":"Point","coordinates":[150.459,-10.302]}},{"type":"Feature","properties":{"name":"Popondetta","rank":8,"capital":0},"geometry":{"type":"Point","coordinates":[148.248,-8.769]}},{"type":"Feature","properties":{"name":"Hoskins","rank":8,"capital":0},"geometry":{"type":"Point","coordinates":[150.41,-5.475]}},{"type":"Feature","properties":{"name":"Haarlem","rank":8,"capital":0},"geometry":{"type":"Point","coordinates":[4.63,52.38]}},{"type":"Feature","properties":{"name":"Las Tablas","rank":8,"capital":0},"geometry":{"type":"Point","coordinates":[-80.28,7.76]}},{"type":"Feature","properties":{"name":"Santiago","rank":8,"capital":0},"geometry":{"type":"Point","coordinates":[-80.983,8.1]}},{"type":"Feature","properties":{"name":"La Palma","rank":8,"capital":0},"geometry":{"type":"Point","coordinates":[-78.14,8.398]}},{"type":"Feature","properties":{"name":"B\u0103l\u021bi","rank":8,"capital":0},"geometry":{"type":"Point","coordinates":[27.905,47.759]}},{"type":"Feature","properties":{"name":"Cahul","rank":8,"capital":0},"geometry":{"type":"Point","coordinates":[28.194,45.908]}},{"type":"Feature","properties":{"name":"Tiraspol","rank":8,"capital":0},"geometry":{"type":"Point","coordinates":[29.64,46.853]}},{"type":"Feature","properties":{"name":"Chitipa","rank":8,"capital":0},"geometry":{"type":"Point","coordinates":[33.267,-9.716]}},{"type":"Feature","properties":{"name":"Nkhata Bay","rank":8,"capital":0},"geometry":{"type":"Point","coordinates":[34.3,-11.6]}},{"type":"Feature","properties":{"name":"Nkhotakota","rank":8,"capital":0},"geometry":{"type":"Point","coordinates":[34.3,-12.916]}},{"type":"Feature","properties":{"name":"Mangochi","rank":8,"capital":0},"geometry":{"type":"Point","coordinates":[35.27,-14.46]}},{"type":"Feature","properties":{"name":"Salima","rank":8,"capital":0},"geometry":{"type":"Point","coordinates":[34.433,-13.783]}},{"type":"Feature","properties":{"name":"Lata","rank":8,"capital":0},"geometry":{"type":"Point","coordinates":[165.857,-10.738]}},{"type":"Feature","properties":{"name":"Buurhakaba","rank":8,"capital":0},"geometry":{"type":"Point","coordinates":[44.083,2.784]}},{"type":"Feature","properties":{"name":"Luuq","rank":8,"capital":0},"geometry":{"type":"Point","coordinates":[42.55,3.8]}},{"type":"Feature","properties":{"name":"Mandera","rank":8,"capital":0},"geometry":{"type":"Point","coordinates":[41.86,3.94]}},{"type":"Feature","properties":{"name":"Ferfer","rank":8,"capital":0},"geometry":{"type":"Point","coordinates":[45.165,5.085]}},{"type":"Feature","properties":{"name":"Jawhar","rank":8,"capital":0},"geometry":{"type":"Point","coordinates":[45.517,2.767]}},{"type":"Feature","properties":{"name":"Mirbat","rank":8,"capital":0},"geometry":{"type":"Point","coordinates":[54.692,16.992]}},{"type":"Feature","properties":{"name":"Hurdiyo","rank":8,"capital":0},"geometry":{"type":"Point","coordinates":[51.123,10.582]}},{"type":"Feature","properties":{"name":"Qardho","rank":8,"capital":0},"geometry":{"type":"Point","coordinates":[49.166,9.5]}},{"type":"Feature","properties":{"name":"Caluula","rank":8,"capital":0},"geometry":{"type":"Point","coordinates":[50.75,11.967]}},{"type":"Feature","properties":{"name":"Ibri","rank":8,"capital":0},"geometry":{"type":"Point","coordinates":[56.517,23.225]}},{"type":"Feature","properties":{"name":"Buur Gaabo","rank":8,"capital":0},"geometry":{"type":"Point","coordinates":[41.852,-1.201]}},{"type":"Feature","properties":{"name":"Bitola","rank":8,"capital":0},"geometry":{"type":"Point","coordinates":[21.34,41.039]}},{"type":"Feature","properties":{"name":"Zahl\u00e9","rank":8,"capital":0},"geometry":{"type":"Point","coordinates":[35.904,33.85]}},{"type":"Feature","properties":{"name":"Xaignabouri","rank":8,"capital":0},"geometry":{"type":"Point","coordinates":[101.75,19.25]}},{"type":"Feature","properties":{"name":"Pakxe","rank":8,"capital":0},"geometry":{"type":"Point","coordinates":[105.818,15.122]}},{"type":"Feature","properties":{"name":"Phonsavan","rank":8,"capital":0},"geometry":{"type":"Point","coordinates":[103.196,19.452]}},{"type":"Feature","properties":{"name":"Louangphrabang","rank":8,"capital":0},"geometry":{"type":"Point","coordinates":[102.142,19.885]}},{"type":"Feature","properties":{"name":"Thakhek","rank":8,"capital":0},"geometry":{"type":"Point","coordinates":[104.836,17.411]}},{"type":"Feature","properties":{"name":"Drogheda","rank":8,"capital":0},"geometry":{"type":"Point","coordinates":[-6.35,53.709]}},{"type":"Feature","properties":{"name":"Dundalk","rank":8,"capital":0},"geometry":{"type":"Point","coordinates":[-6.396,54.0]}},{"type":"Feature","properties":{"name":"Galway","rank":8,"capital":0},"geometry":{"type":"Point","coordinates":[-9.049,53.272]}},{"type":"Feature","properties":{"name":"Kilkenny","rank":8,"capital":0},"geometry":{"type":"Point","coordinates":[-7.252,52.655]}},{"type":"Feature","properties":{"name":"Killarney","rank":8,"capital":0},"geometry":{"type":"Point","coordinates":[-9.517,52.05]}},{"type":"Feature","properties":{"name":"Sligo","rank":8,"capital":0},"geometry":{"type":"Point","coordinates":[-8.483,54.267]}},{"type":"Feature","properties":{"name":"Bolama","rank":8,"capital":0},"geometry":{"type":"Point","coordinates":[-15.483,11.583]}},{"type":"Feature","properties":{"name":"Bafat\u00e1","rank":8,"capital":0},"geometry":{"type":"Point","coordinates":[-14.666,12.167]}},{"type":"Feature","properties":{"name":"Al Aqabah","rank":8,"capital":0},"geometry":{"type":"Point","coordinates":[35.078,29.527]}},{"type":"Feature","properties":{"name":"Al Karak","rank":8,"capital":0},"geometry":{"type":"Point","coordinates":[35.705,31.185]}},{"type":"Feature","properties":{"name":"Sixaola","rank":8,"capital":0},"geometry":{"type":"Point","coordinates":[-82.62,9.52]}},{"type":"Feature","properties":{"name":"Puntarenas","rank":8,"capital":0},"geometry":{"type":"Point","coordinates":[-84.834,9.97]}},{"type":"Feature","properties":{"name":"Ciudad Cort\u00e9s","rank":8,"capital":0},"geometry":{"type":"Point","coordinates":[-83.53,8.96]}},{"type":"Feature","properties":{"name":"Quesada","rank":8,"capital":0},"geometry":{"type":"Point","coordinates":[-84.44,10.33]}},{"type":"Feature","properties":{"name":"Liberia","rank":8,"capital":0},"geometry":{"type":"Point","coordinates":[-85.433,10.634]}},{"type":"Feature","properties":{"name":"La Cruz","rank":8,"capital":0},"geometry":{"type":"Point","coordinates":[-85.63,11.07]}},{"type":"Feature","properties":{"name":"Santa Ana","rank":8,"capital":0},"geometry":{"type":"Point","coordinates":[-89.56,13.995]}},{"type":"Feature","properties":{"name":"San Pedro de Macor\u00eds","rank":8,"capital":0},"geometry":{"type":"Point","coordinates":[-69.3,18.45]}},{"type":"Feature","properties":{"name":"Fort-de-France","rank":8,"capital":0},"geometry":{"type":"Point","coordinates":[-61.08,14.61]}},{"type":"Feature","properties":{"name":"Calatrava","rank":8,"capital":0},"geometry":{"type":"Point","coordinates":[9.419,1.116]}},{"type":"Feature","properties":{"name":"Mongomo","rank":8,"capital":0},"geometry":{"type":"Point","coordinates":[11.317,1.634]}},{"type":"Feature","properties":{"name":"Dubrovnik","rank":8,"capital":0},"geometry":{"type":"Point","coordinates":[18.091,42.661]}},{"type":"Feature","properties":{"name":"Split","rank":8,"capital":0},"geometry":{"type":"Point","coordinates":[16.47,43.52]}},{"type":"Feature","properties":{"name":"Zadar","rank":8,"capital":0},"geometry":{"type":"Point","coordinates":[15.262,44.12]}},{"type":"Feature","properties":{"name":"Tessenei","rank":8,"capital":0},"geometry":{"type":"Point","coordinates":[36.657,15.11]}},{"type":"Feature","properties":{"name":"Agordat","rank":8,"capital":0},"geometry":{"type":"Point","coordinates":[37.887,15.549]}},{"type":"Feature","properties":{"name":"Massawa","rank":8,"capital":0},"geometry":{"type":"Point","coordinates":[39.45,15.61]}},{"type":"Feature","properties":{"name":"Keren","rank":8,"capital":0},"geometry":{"type":"Point","coordinates":[38.454,15.781]}},{"type":"Feature","properties":{"name":"Mendefera","rank":8,"capital":0},"geometry":{"type":"Point","coordinates":[38.816,14.886]}},{"type":"Feature","properties":{"name":"Ali Sabih","rank":8,"capital":0},"geometry":{"type":"Point","coordinates":[42.713,11.156]}},{"type":"Feature","properties":{"name":"Obock","rank":8,"capital":0},"geometry":{"type":"Point","coordinates":[43.286,11.973]}},{"type":"Feature","properties":{"name":"Pula","rank":8,"capital":0},"geometry":{"type":"Point","coordinates":[13.848,44.869]}},{"type":"Feature","properties":{"name":"Osijek","rank":8,"capital":0},"geometry":{"type":"Point","coordinates":[18.68,45.55]}},{"type":"Feature","properties":{"name":"Narva","rank":8,"capital":0},"geometry":{"type":"Point","coordinates":[28.16,59.378]}},{"type":"Feature","properties":{"name":"Huehuetenango","rank":8,"capital":0},"geometry":{"type":"Point","coordinates":[-91.47,15.32]}},{"type":"Feature","properties":{"name":"Flores","rank":8,"capital":0},"geometry":{"type":"Point","coordinates":[-89.883,16.934]}},{"type":"Feature","properties":{"name":"La Libertad","rank":8,"capital":0},"geometry":{"type":"Point","coordinates":[-90.12,16.78]}},{"type":"Feature","properties":{"name":"San Jose","rank":8,"capital":0},"geometry":{"type":"Point","coordinates":[-90.82,13.94]}},{"type":"Feature","properties":{"name":"Escuintla","rank":8,"capital":0},"geometry":{"type":"Point","coordinates":[-90.78,14.3]}},{"type":"Feature","properties":{"name":"Mazatenango","rank":8,"capital":0},"geometry":{"type":"Point","coordinates":[-91.51,14.53]}},{"type":"Feature","properties":{"name":"Monte Cristi","rank":8,"capital":0},"geometry":{"type":"Point","coordinates":[-71.65,19.867]}},{"type":"Feature","properties":{"name":"Barahona","rank":8,"capital":0},"geometry":{"type":"Point","coordinates":[-71.1,18.2]}},{"type":"Feature","properties":{"name":"B\u00e1varo","rank":8,"capital":0},"geometry":{"type":"Point","coordinates":[-68.45,18.717]}},{"type":"Feature","properties":{"name":"Saint-Laurent-du-Maroni","rank":8,"capital":0},"geometry":{"type":"Point","coordinates":[-54.033,5.498]}},{"type":"Feature","properties":{"name":"Iracoubo","rank":8,"capital":0},"geometry":{"type":"Point","coordinates":[-53.22,5.48]}},{"type":"Feature","properties":{"name":"Bansang","rank":8,"capital":0},"geometry":{"type":"Point","coordinates":[-14.65,13.434]}},{"type":"Feature","properties":{"name":"Brikama","rank":8,"capital":0},"geometry":{"type":"Point","coordinates":[-16.66,13.28]}},{"type":"Feature","properties":{"name":"Nandi","rank":8,"capital":0},"geometry":{"type":"Point","coordinates":[177.417,-17.8]}},{"type":"Feature","properties":{"name":"Lautoka","rank":8,"capital":0},"geometry":{"type":"Point","coordinates":[177.467,-17.616]}},{"type":"Feature","properties":{"name":"Qasigiannguit","rank":8,"capital":0},"geometry":{"type":"Point","coordinates":[-51.179,68.819]}},{"type":"Feature","properties":{"name":"Poti","rank":8,"capital":0},"geometry":{"type":"Point","coordinates":[41.672,42.156]}},{"type":"Feature","properties":{"name":"Rustavi","rank":8,"capital":0},"geometry":{"type":"Point","coordinates":[45.05,41.57]}},{"type":"Feature","properties":{"name":"Haifa","rank":8,"capital":0},"geometry":{"type":"Point","coordinates":[34.978,32.822]}},{"type":"Feature","properties":{"name":"Nazareth","rank":8,"capital":0},"geometry":{"type":"Point","coordinates":[35.296,32.704]}},{"type":"Feature","properties":{"name":"Svendborg","rank":8,"capital":0},"geometry":{"type":"Point","coordinates":[10.617,55.07]}},{"type":"Feature","properties":{"name":"Odense","rank":8,"capital":0},"geometry":{"type":"Point","coordinates":[10.383,55.4]}},{"type":"Feature","properties":{"name":"Esbjerg","rank":8,"capital":0},"geometry":{"type":"Point","coordinates":[8.45,55.467]}},{"type":"Feature","properties":{"name":"Frederikshavn","rank":8,"capital":0},"geometry":{"type":"Point","coordinates":[10.533,57.434]}},{"type":"Feature","properties":{"name":"Aalborg","rank":8,"capital":0},"geometry":{"type":"Point","coordinates":[9.917,57.034]}},{"type":"Feature","properties":{"name":"Ferkess\u00e9dougou","rank":8,"capital":0},"geometry":{"type":"Point","coordinates":[-5.2,9.6]}},{"type":"Feature","properties":{"name":"K\u00e9rouan\u00e9","rank":8,"capital":0},"geometry":{"type":"Point","coordinates":[-9.02,9.27]}},{"type":"Feature","properties":{"name":"Siguiri","rank":8,"capital":0},"geometry":{"type":"Point","coordinates":[-9.167,11.417]}},{"type":"Feature","properties":{"name":"Mamou","rank":8,"capital":0},"geometry":{"type":"Point","coordinates":[-12.1,10.38]}},{"type":"Feature","properties":{"name":"Kamsar","rank":8,"capital":0},"geometry":{"type":"Point","coordinates":[-14.605,10.685]}},{"type":"Feature","properties":{"name":"Fria","rank":8,"capital":0},"geometry":{"type":"Point","coordinates":[-13.55,10.38]}},{"type":"Feature","properties":{"name":"Odienn\u00e9","rank":8,"capital":0},"geometry":{"type":"Point","coordinates":[-7.58,9.51]}},{"type":"Feature","properties":{"name":"Macenta","rank":8,"capital":0},"geometry":{"type":"Point","coordinates":[-9.48,8.55]}},{"type":"Feature","properties":{"name":"Yomou","rank":8,"capital":0},"geometry":{"type":"Point","coordinates":[-9.27,7.57]}},{"type":"Feature","properties":{"name":"Faranah","rank":8,"capital":0},"geometry":{"type":"Point","coordinates":[-10.75,10.04]}},{"type":"Feature","properties":{"name":"Kissidougou","rank":8,"capital":0},"geometry":{"type":"Point","coordinates":[-10.12,9.19]}},{"type":"Feature","properties":{"name":"Man","rank":8,"capital":0},"geometry":{"type":"Point","coordinates":[-7.55,7.4]}},{"type":"Feature","properties":{"name":"S\u00e9gu\u00e9la","rank":8,"capital":0},"geometry":{"type":"Point","coordinates":[-6.67,7.95]}},{"type":"Feature","properties":{"name":"Gagnoa","rank":8,"capital":0},"geometry":{"type":"Point","coordinates":[-5.88,6.15]}},{"type":"Feature","properties":{"name":"Soubr\u00e9","rank":8,"capital":0},"geometry":{"type":"Point","coordinates":[-6.61,5.79]}},{"type":"Feature","properties":{"name":"San-Pedro","rank":8,"capital":0},"geometry":{"type":"Point","coordinates":[-6.64,4.77]}},{"type":"Feature","properties":{"name":"Sassandra","rank":8,"capital":0},"geometry":{"type":"Point","coordinates":[-6.083,4.95]}},{"type":"Feature","properties":{"name":"Bondoukou","rank":8,"capital":0},"geometry":{"type":"Point","coordinates":[-2.8,8.03]}},{"type":"Feature","properties":{"name":"Agboville","rank":8,"capital":0},"geometry":{"type":"Point","coordinates":[-4.28,5.94]}},{"type":"Feature","properties":{"name":"Dimbokro","rank":8,"capital":0},"geometry":{"type":"Point","coordinates":[-4.71,6.65]}},{"type":"Feature","properties":{"name":"Grand Bassam","rank":8,"capital":0},"geometry":{"type":"Point","coordinates":[-3.75,5.2]}},{"type":"Feature","properties":{"name":"Dabou","rank":8,"capital":0},"geometry":{"type":"Point","coordinates":[-4.39,5.32]}},{"type":"Feature","properties":{"name":"Guiglo","rank":8,"capital":0},"geometry":{"type":"Point","coordinates":[-7.49,6.55]}},{"type":"Feature","properties":{"name":"Abengourou","rank":8,"capital":0},"geometry":{"type":"Point","coordinates":[-3.49,6.73]}},{"type":"Feature","properties":{"name":"\u010ca\u010dak","rank":8,"capital":0},"geometry":{"type":"Point","coordinates":[20.33,43.89]}},{"type":"Feature","properties":{"name":"Ni\u0161","rank":8,"capital":0},"geometry":{"type":"Point","coordinates":[21.9,43.33]}},{"type":"Feature","properties":{"name":"Novi Sad","rank":8,"capital":0},"geometry":{"type":"Point","coordinates":[19.85,45.25]}},{"type":"Feature","properties":{"name":"Belize City","rank":8,"capital":0},"geometry":{"type":"Point","coordinates":[-88.188,17.499]}},{"type":"Feature","properties":{"name":"Orange Walk","rank":8,"capital":0},"geometry":{"type":"Point","coordinates":[-88.56,18.09]}},{"type":"Feature","properties":{"name":"Punta Gorda","rank":8,"capital":0},"geometry":{"type":"Point","coordinates":[-88.81,16.1]}},{"type":"Feature","properties":{"name":"Durr\u00ebs","rank":8,"capital":0},"geometry":{"type":"Point","coordinates":[19.448,41.318]}},{"type":"Feature","properties":{"name":"Shkod\u00ebr","rank":8,"capital":0},"geometry":{"type":"Point","coordinates":[19.519,42.068]}},{"type":"Feature","properties":{"name":"Brugge","rank":8,"capital":0},"geometry":{"type":"Point","coordinates":[3.23,51.22]}},{"type":"Feature","properties":{"name":"Namur","rank":8,"capital":0},"geometry":{"type":"Point","coordinates":[4.87,50.47]}},{"type":"Feature","properties":{"name":"Charleroi","rank":8,"capital":0},"geometry":{"type":"Point","coordinates":[4.45,50.42]}},{"type":"Feature","properties":{"name":"\u015eirvan","rank":8,"capital":0},"geometry":{"type":"Point","coordinates":[48.92,39.932]}},{"type":"Feature","properties":{"name":"Goycay","rank":8,"capital":0},"geometry":{"type":"Point","coordinates":[47.741,40.653]}},{"type":"Feature","properties":{"name":"Lankaran","rank":8,"capital":0},"geometry":{"type":"Point","coordinates":[48.851,38.754]}},{"type":"Feature","properties":{"name":"Saki","rank":8,"capital":0},"geometry":{"type":"Point","coordinates":[47.171,41.192]}},{"type":"Feature","properties":{"name":"Stepanakert","rank":8,"capital":0},"geometry":{"type":"Point","coordinates":[46.752,39.816]}},{"type":"Feature","properties":{"name":"Kapan","rank":8,"capital":0},"geometry":{"type":"Point","coordinates":[46.415,39.202]}},{"type":"Feature","properties":{"name":"Sisophon","rank":8,"capital":0},"geometry":{"type":"Point","coordinates":[102.983,13.584]}},{"type":"Feature","properties":{"name":"Krong Koh Kong","rank":8,"capital":0},"geometry":{"type":"Point","coordinates":[102.985,11.618]}},{"type":"Feature","properties":{"name":"Pursat","rank":8,"capital":0},"geometry":{"type":"Point","coordinates":[103.917,12.534]}},{"type":"Feature","properties":{"name":"Kampong Cham","rank":8,"capital":0},"geometry":{"type":"Point","coordinates":[105.45,12.0]}},{"type":"Feature","properties":{"name":"Kompong Chhnang","rank":8,"capital":0},"geometry":{"type":"Point","coordinates":[104.667,12.25]}},{"type":"Feature","properties":{"name":"Kampot","rank":8,"capital":0},"geometry":{"type":"Point","coordinates":[104.183,10.617]}},{"type":"Feature","properties":{"name":"Tak\u00e9o","rank":8,"capital":0},"geometry":{"type":"Point","coordinates":[104.783,10.984]}},{"type":"Feature","properties":{"name":"Kandi","rank":8,"capital":0},"geometry":{"type":"Point","coordinates":[2.94,11.13]}},{"type":"Feature","properties":{"name":"Ouidah","rank":8,"capital":0},"geometry":{"type":"Point","coordinates":[2.09,6.36]}},{"type":"Feature","properties":{"name":"Abomey","rank":8,"capital":0},"geometry":{"type":"Point","coordinates":[1.99,7.19]}},{"type":"Feature","properties":{"name":"Natitingou","rank":8,"capital":0},"geometry":{"type":"Point","coordinates":[1.39,10.32]}},{"type":"Feature","properties":{"name":"Djougou","rank":8,"capital":0},"geometry":{"type":"Point","coordinates":[1.68,9.7]}},{"type":"Feature","properties":{"name":"Mostar","rank":8,"capital":0},"geometry":{"type":"Point","coordinates":[17.82,43.35]}},{"type":"Feature","properties":{"name":"Naxcivan","rank":8,"capital":0},"geometry":{"type":"Point","coordinates":[45.412,39.209]}},{"type":"Feature","properties":{"name":"Bururi","rank":8,"capital":0},"geometry":{"type":"Point","coordinates":[29.617,-3.951]}},{"type":"Feature","properties":{"name":"Muyinga","rank":8,"capital":0},"geometry":{"type":"Point","coordinates":[30.317,-2.852]}},{"type":"Feature","properties":{"name":"Koudougou","rank":8,"capital":0},"geometry":{"type":"Point","coordinates":[-2.37,12.25]}},{"type":"Feature","properties":{"name":"Ouahigouya","rank":8,"capital":0},"geometry":{"type":"Point","coordinates":[-2.42,13.57]}},{"type":"Feature","properties":{"name":"Kaya","rank":8,"capital":0},"geometry":{"type":"Point","coordinates":[-1.09,13.09]}},{"type":"Feature","properties":{"name":"Tenkodogo","rank":8,"capital":0},"geometry":{"type":"Point","coordinates":[-0.37,11.78]}},{"type":"Feature","properties":{"name":"Banfora","rank":8,"capital":0},"geometry":{"type":"Point","coordinates":[-4.76,10.63]}},{"type":"Feature","properties":{"name":"Tuzla","rank":8,"capital":0},"geometry":{"type":"Point","coordinates":[18.68,44.55]}},{"type":"Feature","properties":{"name":"Prijedor","rank":8,"capital":0},"geometry":{"type":"Point","coordinates":[16.7,44.98]}},{"type":"Feature","properties":{"name":"Banja Luka","rank":8,"capital":0},"geometry":{"type":"Point","coordinates":[17.18,44.78]}},{"type":"Feature","properties":{"name":"Gitega","rank":8,"capital":0},"geometry":{"type":"Point","coordinates":[29.844,-3.426]}},{"type":"Feature","properties":{"name":"Lemosos","rank":8,"capital":0},"geometry":{"type":"Point","coordinates":[33.033,34.675]}},{"type":"Feature","properties":{"name":"Changhua","rank":8,"capital":0},"geometry":{"type":"Point","coordinates":[120.513,24.073]}},{"type":"Feature","properties":{"name":"Chiayi","rank":8,"capital":0},"geometry":{"type":"Point","coordinates":[120.435,23.475]}},{"type":"Feature","properties":{"name":"Hsinchu","rank":8,"capital":0},"geometry":{"type":"Point","coordinates":[120.977,24.817]}},{"type":"Feature","properties":{"name":"Miaoli","rank":8,"capital":0},"geometry":{"type":"Point","coordinates":[120.82,24.57]}},{"type":"Feature","properties":{"name":"Pingtung","rank":8,"capital":0},"geometry":{"type":"Point","coordinates":[120.482,22.682]}},{"type":"Feature","properties":{"name":"Upper Hutt","rank":8,"capital":0},"geometry":{"type":"Point","coordinates":[175.029,-41.135]}},{"type":"Feature","properties":{"name":"Masterton","rank":8,"capital":0},"geometry":{"type":"Point","coordinates":[175.646,-40.944]}},{"type":"Feature","properties":{"name":"Levin","rank":8,"capital":0},"geometry":{"type":"Point","coordinates":[175.277,-40.612]}},{"type":"Feature","properties":{"name":"Waitakere","rank":8,"capital":0},"geometry":{"type":"Point","coordinates":[174.554,-36.852]}},{"type":"Feature","properties":{"name":"North Shore","rank":8,"capital":0},"geometry":{"type":"Point","coordinates":[174.776,-36.791]}},{"type":"Feature","properties":{"name":"Whakatane","rank":8,"capital":0},"geometry":{"type":"Point","coordinates":[176.983,-37.957]}},{"type":"Feature","properties":{"name":"Ashburton","rank":8,"capital":0},"geometry":{"type":"Point","coordinates":[171.749,-43.898]}},{"type":"Feature","properties":{"name":"Kaiapoi","rank":8,"capital":0},"geometry":{"type":"Point","coordinates":[172.651,-43.381]}},{"type":"Feature","properties":{"name":"New Plymouth","rank":8,"capital":0},"geometry":{"type":"Point","coordinates":[174.075,-39.056]}},{"type":"Feature","properties":{"name":"Westport","rank":8,"capital":0},"geometry":{"type":"Point","coordinates":[171.603,-41.764]}},{"type":"Feature","properties":{"name":"Hokitika","rank":8,"capital":0},"geometry":{"type":"Point","coordinates":[171.01,-42.707]}},{"type":"Feature","properties":{"name":"Oamaru","rank":8,"capital":0},"geometry":{"type":"Point","coordinates":[170.995,-45.109]}},{"type":"Feature","properties":{"name":"San Jos\u00e9 de Mayo","rank":8,"capital":0},"geometry":{"type":"Point","coordinates":[-56.71,-34.35]}},{"type":"Feature","properties":{"name":"Rocha","rank":8,"capital":0},"geometry":{"type":"Point","coordinates":[-54.333,-34.483]}},{"type":"Feature","properties":{"name":"Gibraltar","rank":8,"capital":0},"geometry":{"type":"Point","coordinates":[-5.346,36.128]}},{"type":"Feature","properties":{"name":"Khorugh","rank":8,"capital":0},"geometry":{"type":"Point","coordinates":[71.548,37.488]}},{"type":"Feature","properties":{"name":"Khujand","rank":8,"capital":0},"geometry":{"type":"Point","coordinates":[69.62,40.29]}},{"type":"Feature","properties":{"name":"Lobamba","rank":8,"capital":0},"geometry":{"type":"Point","coordinates":[31.2,-26.467]}},{"type":"Feature","properties":{"name":"La Ceiba","rank":8,"capital":0},"geometry":{"type":"Point","coordinates":[-86.797,15.763]}},{"type":"Feature","properties":{"name":"San Pedro Sula","rank":8,"capital":0},"geometry":{"type":"Point","coordinates":[-88.03,15.5]}},{"type":"Feature","properties":{"name":"Linden","rank":8,"capital":0},"geometry":{"type":"Point","coordinates":[-58.27,5.99]}},{"type":"Feature","properties":{"name":"H\u00f6fn","rank":8,"capital":0},"geometry":{"type":"Point","coordinates":[-15.214,64.272]}},{"type":"Feature","properties":{"name":"Cap-Ha\u00eftien","rank":8,"capital":0},"geometry":{"type":"Point","coordinates":[-72.213,19.759]}},{"type":"Feature","properties":{"name":"Bilwi","rank":8,"capital":0},"geometry":{"type":"Point","coordinates":[-83.383,14.033]}},{"type":"Feature","properties":{"name":"Le\u00f3n","rank":8,"capital":0},"geometry":{"type":"Point","coordinates":[-86.879,12.436]}},{"type":"Feature","properties":{"name":"Longyearbyen","rank":8,"capital":0},"geometry":{"type":"Point","coordinates":[15.621,78.221]}},{"type":"Feature","properties":{"name":"Rotterdam","rank":8,"capital":0},"geometry":{"type":"Point","coordinates":[4.478,51.922]}},{"type":"Feature","properties":{"name":"Luxembourg","rank":8,"capital":1},"geometry":{"type":"Point","coordinates":[6.13,49.612]}},{"type":"Feature","properties":{"name":"Liepaga","rank":8,"capital":0},"geometry":{"type":"Point","coordinates":[21.01,56.51]}},{"type":"Feature","properties":{"name":"Karakol","rank":8,"capital":0},"geometry":{"type":"Point","coordinates":[78.382,42.492]}},{"type":"Feature","properties":{"name":"Col\u00f3n","rank":8,"capital":0},"geometry":{"type":"Point","coordinates":[-79.875,9.365]}},{"type":"Feature","properties":{"name":"Balboa","rank":8,"capital":0},"geometry":{"type":"Point","coordinates":[-79.567,8.95]}},{"type":"Feature","properties":{"name":"Salalah","rank":8,"capital":0},"geometry":{"type":"Point","coordinates":[54.085,17.025]}},{"type":"Feature","properties":{"name":"Suhar","rank":8,"capital":0},"geometry":{"type":"Point","coordinates":[56.734,24.362]}},{"type":"Feature","properties":{"name":"Seeb","rank":8,"capital":0},"geometry":{"type":"Point","coordinates":[58.183,23.68]}},{"type":"Feature","properties":{"name":"Savannakhet","rank":8,"capital":0},"geometry":{"type":"Point","coordinates":[104.773,16.538]}},{"type":"Feature","properties":{"name":"Cork","rank":8,"capital":0},"geometry":{"type":"Point","coordinates":[-8.465,51.893]}},{"type":"Feature","properties":{"name":"Noum\u00e9a","rank":8,"capital":0},"geometry":{"type":"Point","coordinates":[166.444,-22.263]}},{"type":"Feature","properties":{"name":"Montego Bay","rank":8,"capital":0},"geometry":{"type":"Point","coordinates":[-77.917,18.467]}},{"type":"Feature","properties":{"name":"T\u00f3rshavn","rank":8,"capital":0},"geometry":{"type":"Point","coordinates":[-6.82,62.03]}},{"type":"Feature","properties":{"name":"Puerto Barrios","rank":8,"capital":0},"geometry":{"type":"Point","coordinates":[-88.593,15.717]}},{"type":"Feature","properties":{"name":"Labasa","rank":8,"capital":0},"geometry":{"type":"Point","coordinates":[179.383,-16.417]}},{"type":"Feature","properties":{"name":"Kulusuk","rank":8,"capital":0},"geometry":{"type":"Point","coordinates":[-37.183,65.567]}},{"type":"Feature","properties":{"name":"Paamiut","rank":8,"capital":0},"geometry":{"type":"Point","coordinates":[-49.635,62.004]}},{"type":"Feature","properties":{"name":"Ittoqqortoormiit","rank":8,"capital":0},"geometry":{"type":"Point","coordinates":[-21.967,70.483]}},{"type":"Feature","properties":{"name":"Timmiarmiut","rank":8,"capital":0},"geometry":{"type":"Point","coordinates":[-42.217,62.533]}},{"type":"Feature","properties":{"name":"Qaqortoq","rank":8,"capital":0},"geometry":{"type":"Point","coordinates":[-46.036,60.729]}},{"type":"Feature","properties":{"name":"Kangerlussuaq","rank":8,"capital":0},"geometry":{"type":"Point","coordinates":[-50.71,67.014]}},{"type":"Feature","properties":{"name":"Nord","rank":8,"capital":0},"geometry":{"type":"Point","coordinates":[-17.8,81.717]}},{"type":"Feature","properties":{"name":"Qeqertasuaq","rank":8,"capital":0},"geometry":{"type":"Point","coordinates":[-53.565,69.244]}},{"type":"Feature","properties":{"name":"Nuussuaq","rank":8,"capital":0},"geometry":{"type":"Point","coordinates":[-57.067,74.121]}},{"type":"Feature","properties":{"name":"Ilulissat","rank":8,"capital":0},"geometry":{"type":"Point","coordinates":[-51.1,69.217]}},{"type":"Feature","properties":{"name":"Batumi","rank":8,"capital":0},"geometry":{"type":"Point","coordinates":[41.63,41.6]}},{"type":"Feature","properties":{"name":"Paysand\u00fa","rank":8,"capital":0},"geometry":{"type":"Point","coordinates":[-58.08,-32.33]}},{"type":"Feature","properties":{"name":"Salto","rank":8,"capital":0},"geometry":{"type":"Point","coordinates":[-57.969,-31.39]}},{"type":"Feature","properties":{"name":"Da\u015foguz","rank":8,"capital":0},"geometry":{"type":"Point","coordinates":[59.965,41.84]}},{"type":"Feature","properties":{"name":"Mabaruma","rank":8,"capital":0},"geometry":{"type":"Point","coordinates":[-59.78,8.2]}},{"type":"Feature","properties":{"name":"New Amsterdam","rank":8,"capital":0},"geometry":{"type":"Point","coordinates":[-57.53,6.25]}},{"type":"Feature","properties":{"name":"\u00cdsafj\u00f6r\u00f0ur","rank":8,"capital":0},"geometry":{"type":"Point","coordinates":[-23.15,66.083]}},{"type":"Feature","properties":{"name":"Akureyri","rank":8,"capital":0},"geometry":{"type":"Point","coordinates":[-18.1,65.667]}},{"type":"Feature","properties":{"name":"Keflav\u00edk","rank":8,"capital":0},"geometry":{"type":"Point","coordinates":[-22.567,64.017]}},{"type":"Feature","properties":{"name":"Antwerpen","rank":8,"capital":0},"geometry":{"type":"Point","coordinates":[4.413,51.222]}},{"type":"Feature","properties":{"name":"Bluefields","rank":8,"capital":0},"geometry":{"type":"Point","coordinates":[-83.765,12.0]}},{"type":"Feature","properties":{"name":"Bo","rank":8,"capital":0},"geometry":{"type":"Point","coordinates":[-11.74,7.97]}},{"type":"Feature","properties":{"name":"Ziguinchor","rank":8,"capital":0},"geometry":{"type":"Point","coordinates":[-16.29,12.59]}},{"type":"Feature","properties":{"name":"Wewak","rank":8,"capital":0},"geometry":{"type":"Point","coordinates":[143.637,-3.553]}},{"type":"Feature","properties":{"name":"Madang","rank":8,"capital":0},"geometry":{"type":"Point","coordinates":[145.785,-5.225]}},{"type":"Feature","properties":{"name":"Kavieng","rank":8,"capital":0},"geometry":{"type":"Point","coordinates":[150.813,-2.581]}},{"type":"Feature","properties":{"name":"Puerto Armuelles","rank":8,"capital":0},"geometry":{"type":"Point","coordinates":[-82.87,8.28]}},{"type":"Feature","properties":{"name":"Baydhabo","rank":8,"capital":0},"geometry":{"type":"Point","coordinates":[43.65,3.12]}},{"type":"Feature","properties":{"name":"Marka","rank":8,"capital":0},"geometry":{"type":"Point","coordinates":[44.769,1.72]}},{"type":"Feature","properties":{"name":"Nizwa","rank":8,"capital":0},"geometry":{"type":"Point","coordinates":[57.531,22.926]}},{"type":"Feature","properties":{"name":"Sur","rank":8,"capital":0},"geometry":{"type":"Point","coordinates":[59.535,22.576]}},{"type":"Feature","properties":{"name":"Mereeg","rank":8,"capital":0},"geometry":{"type":"Point","coordinates":[47.3,3.767]}},{"type":"Feature","properties":{"name":"Beledweyne","rank":8,"capital":0},"geometry":{"type":"Point","coordinates":[45.2,4.74]}},{"type":"Feature","properties":{"name":"Boosaaso","rank":8,"capital":0},"geometry":{"type":"Point","coordinates":[49.18,11.28]}},{"type":"Feature","properties":{"name":"Bandarbeyla","rank":8,"capital":0},"geometry":{"type":"Point","coordinates":[50.817,9.483]}},{"type":"Feature","properties":{"name":"Gaalkacyo","rank":8,"capital":0},"geometry":{"type":"Point","coordinates":[47.43,6.77]}},{"type":"Feature","properties":{"name":"Eyl","rank":8,"capital":0},"geometry":{"type":"Point","coordinates":[49.833,7.983]}},{"type":"Feature","properties":{"name":"Garoowe","rank":8,"capital":0},"geometry":{"type":"Point","coordinates":[48.5,8.4]}},{"type":"Feature","properties":{"name":"Jamaame","rank":8,"capital":0},"geometry":{"type":"Point","coordinates":[42.751,0.072]}},{"type":"Feature","properties":{"name":"Kismaayo","rank":8,"capital":0},"geometry":{"type":"Point","coordinates":[42.518,-0.357]}},{"type":"Feature","properties":{"name":"Limerick","rank":8,"capital":0},"geometry":{"type":"Point","coordinates":[-8.623,52.665]}},{"type":"Feature","properties":{"name":"Greenville","rank":8,"capital":0},"geometry":{"type":"Point","coordinates":[-9.039,5.011]}},{"type":"Feature","properties":{"name":"Buchanan","rank":8,"capital":0},"geometry":{"type":"Point","coordinates":[-10.052,5.916]}},{"type":"Feature","properties":{"name":"Robertsport","rank":8,"capital":0},"geometry":{"type":"Point","coordinates":[-11.369,6.753]}},{"type":"Feature","properties":{"name":"Daugavpils","rank":8,"capital":0},"geometry":{"type":"Point","coordinates":[26.51,55.88]}},{"type":"Feature","properties":{"name":"San Juan","rank":8,"capital":0},"geometry":{"type":"Point","coordinates":[-71.231,18.809]}},{"type":"Feature","properties":{"name":"Bata","rank":8,"capital":0},"geometry":{"type":"Point","coordinates":[9.77,1.87]}},{"type":"Feature","properties":{"name":"Tartu","rank":8,"capital":0},"geometry":{"type":"Point","coordinates":[26.71,58.384]}},{"type":"Feature","properties":{"name":"Chiromo","rank":8,"capital":0},"geometry":{"type":"Point","coordinates":[35.133,-16.55]}},{"type":"Feature","properties":{"name":"Zomba","rank":8,"capital":0},"geometry":{"type":"Point","coordinates":[35.31,-15.39]}},{"type":"Feature","properties":{"name":"Kourou","rank":8,"capital":0},"geometry":{"type":"Point","coordinates":[-52.65,5.16]}},{"type":"Feature","properties":{"name":"P\u00e4rnu","rank":8,"capital":0},"geometry":{"type":"Point","coordinates":[24.514,58.375]}},{"type":"Feature","properties":{"name":"Sukhumi","rank":8,"capital":0},"geometry":{"type":"Point","coordinates":[41.02,43.02]}},{"type":"Feature","properties":{"name":"\u1e6car\u0101bulus","rank":8,"capital":0},"geometry":{"type":"Point","coordinates":[35.832,34.438]}},{"type":"Feature","properties":{"name":"\u00c5rhus","rank":8,"capital":0},"geometry":{"type":"Point","coordinates":[10.211,56.157]}},{"type":"Feature","properties":{"name":"Korhogo","rank":8,"capital":0},"geometry":{"type":"Point","coordinates":[-5.64,9.46]}},{"type":"Feature","properties":{"name":"Lab\u00e9","rank":8,"capital":0},"geometry":{"type":"Point","coordinates":[-12.3,11.32]}},{"type":"Feature","properties":{"name":"Bok\u00e9","rank":8,"capital":0},"geometry":{"type":"Point","coordinates":[-14.3,10.94]}},{"type":"Feature","properties":{"name":"Kindia","rank":8,"capital":0},"geometry":{"type":"Point","coordinates":[-12.87,10.06]}},{"type":"Feature","properties":{"name":"Daloa","rank":8,"capital":0},"geometry":{"type":"Point","coordinates":[-6.45,6.89]}},{"type":"Feature","properties":{"name":"Mafetang","rank":8,"capital":0},"geometry":{"type":"Point","coordinates":[27.25,-29.817]}},{"type":"Feature","properties":{"name":"Hualien","rank":8,"capital":0},"geometry":{"type":"Point","coordinates":[121.6,23.984]}},{"type":"Feature","properties":{"name":"New Taipei","rank":8,"capital":0},"geometry":{"type":"Point","coordinates":[121.465,25.013]}},{"type":"Feature","properties":{"name":"Tainan","rank":8,"capital":0},"geometry":{"type":"Point","coordinates":[120.2,23.0]}},{"type":"Feature","properties":{"name":"Taitung","rank":8,"capital":0},"geometry":{"type":"Point","coordinates":[121.14,22.755]}},{"type":"Feature","properties":{"name":"Palmerston North","rank":8,"capital":0},"geometry":{"type":"Point","coordinates":[175.607,-40.353]}},{"type":"Feature","properties":{"name":"Whanganui","rank":8,"capital":0},"geometry":{"type":"Point","coordinates":[175.039,-39.933]}},{"type":"Feature","properties":{"name":"Hastings","rank":8,"capital":0},"geometry":{"type":"Point","coordinates":[176.837,-39.638]}},{"type":"Feature","properties":{"name":"Gisborne","rank":8,"capital":0},"geometry":{"type":"Point","coordinates":[178.018,-38.663]}},{"type":"Feature","properties":{"name":"Rotorua","rank":8,"capital":0},"geometry":{"type":"Point","coordinates":[176.248,-38.132]}},{"type":"Feature","properties":{"name":"Taupo","rank":8,"capital":0},"geometry":{"type":"Point","coordinates":[176.077,-38.693]}},{"type":"Feature","properties":{"name":"Tauranga","rank":8,"capital":0},"geometry":{"type":"Point","coordinates":[176.154,-37.696]}},{"type":"Feature","properties":{"name":"Timaru","rank":8,"capital":0},"geometry":{"type":"Point","coordinates":[171.242,-44.397]}},{"type":"Feature","properties":{"name":"Nelson","rank":8,"capital":0},"geometry":{"type":"Point","coordinates":[173.247,-41.293]}},{"type":"Feature","properties":{"name":"Whangarei","rank":8,"capital":0},"geometry":{"type":"Point","coordinates":[174.323,-35.726]}},{"type":"Feature","properties":{"name":"Queenstown","rank":8,"capital":0},"geometry":{"type":"Point","coordinates":[168.725,-45.023]}},{"type":"Feature","properties":{"name":"Invercargill","rank":8,"capital":0},"geometry":{"type":"Point","coordinates":[168.365,-46.409]}},{"type":"Feature","properties":{"name":"Durazno","rank":8,"capital":0},"geometry":{"type":"Point","coordinates":[-56.51,-33.41]}},{"type":"Feature","properties":{"name":"Port-of-Spain","rank":8,"capital":1},"geometry":{"type":"Point","coordinates":[-61.517,10.652]}},{"type":"Feature","properties":{"name":"Atakpam\u00e9","rank":8,"capital":0},"geometry":{"type":"Point","coordinates":[1.12,7.53]}},{"type":"Feature","properties":{"name":"T\u00fcrkmenba\u015fy","rank":8,"capital":0},"geometry":{"type":"Point","coordinates":[52.97,40.023]}},{"type":"Feature","properties":{"name":"T\u00fcrkmenabat","rank":8,"capital":0},"geometry":{"type":"Point","coordinates":[63.58,39.11]}},{"type":"Feature","properties":{"name":"Mary","rank":8,"capital":0},"geometry":{"type":"Point","coordinates":[61.833,37.6]}},{"type":"Feature","properties":{"name":"Cottica","rank":8,"capital":0},"geometry":{"type":"Point","coordinates":[-54.233,3.85]}},{"type":"Feature","properties":{"name":"Mbabane","rank":8,"capital":1},"geometry":{"type":"Point","coordinates":[31.133,-26.317]}},{"type":"Feature","properties":{"name":"Kaolack","rank":8,"capital":0},"geometry":{"type":"Point","coordinates":[-16.1,14.15]}},{"type":"Feature","properties":{"name":"Ka\u00e9di","rank":8,"capital":0},"geometry":{"type":"Point","coordinates":[-13.5,16.15]}},{"type":"Feature","properties":{"name":"The Hague","rank":8,"capital":0},"geometry":{"type":"Point","coordinates":[4.27,52.08]}},{"type":"Feature","properties":{"name":"Ljubljana","rank":8,"capital":1},"geometry":{"type":"Point","coordinates":[14.515,46.055]}},{"type":"Feature","properties":{"name":"Doha","rank":8,"capital":1},"geometry":{"type":"Point","coordinates":[51.533,25.287]}},{"type":"Feature","properties":{"name":"Goroka","rank":8,"capital":0},"geometry":{"type":"Point","coordinates":[145.385,-6.083]}},{"type":"Feature","properties":{"name":"Mt.  Hagen","rank":8,"capital":0},"geometry":{"type":"Point","coordinates":[144.217,-5.863]}},{"type":"Feature","properties":{"name":"Rabaul","rank":8,"capital":0},"geometry":{"type":"Point","coordinates":[152.143,-4.205]}},{"type":"Feature","properties":{"name":"Lae","rank":8,"capital":0},"geometry":{"type":"Point","coordinates":[146.99,-6.733]}},{"type":"Feature","properties":{"name":"David","rank":8,"capital":0},"geometry":{"type":"Point","coordinates":[-82.433,8.433]}},{"type":"Feature","properties":{"name":"Podgorica","rank":8,"capital":1},"geometry":{"type":"Point","coordinates":[19.266,42.466]}},{"type":"Feature","properties":{"name":"Pristina","rank":8,"capital":1},"geometry":{"type":"Point","coordinates":[21.166,42.667]}},{"type":"Feature","properties":{"name":"Lim\u00f3n","rank":8,"capital":0},"geometry":{"type":"Point","coordinates":[-83.033,10.0]}},{"type":"Feature","properties":{"name":"Santiago","rank":8,"capital":0},"geometry":{"type":"Point","coordinates":[-70.67,19.5]}},{"type":"Feature","properties":{"name":"Roseau","rank":8,"capital":1},"geometry":{"type":"Point","coordinates":[-61.387,15.301]}},{"type":"Feature","properties":{"name":"Assab","rank":8,"capital":0},"geometry":{"type":"Point","coordinates":[42.73,13.01]}},{"type":"Feature","properties":{"name":"Djibouti","rank":8,"capital":1},"geometry":{"type":"Point","coordinates":[43.148,11.595]}},{"type":"Feature","properties":{"name":"Mzuzu","rank":8,"capital":0},"geometry":{"type":"Point","coordinates":[34.02,-11.46]}},{"type":"Feature","properties":{"name":"Blantyre","rank":8,"capital":0},"geometry":{"type":"Point","coordinates":[34.99,-15.79]}},{"type":"Feature","properties":{"name":"Quetzaltenango","rank":8,"capital":0},"geometry":{"type":"Point","coordinates":[-91.52,14.83]}},{"type":"Feature","properties":{"name":"Banjul","rank":8,"capital":1},"geometry":{"type":"Point","coordinates":[-16.592,13.454]}},{"type":"Feature","properties":{"name":"Narsarsuaq","rank":8,"capital":0},"geometry":{"type":"Point","coordinates":[-45.417,61.167]}},{"type":"Feature","properties":{"name":"Sisimiut","rank":8,"capital":0},"geometry":{"type":"Point","coordinates":[-53.667,66.95]}},{"type":"Feature","properties":{"name":"Upernavik","rank":8,"capital":0},"geometry":{"type":"Point","coordinates":[-56.142,72.709]}},{"type":"Feature","properties":{"name":"Qaanaaq","rank":8,"capital":0},"geometry":{"type":"Point","coordinates":[-69.23,77.467]}},{"type":"Feature","properties":{"name":"Skopje","rank":8,"capital":1},"geometry":{"type":"Point","coordinates":[21.433,42.0]}},{"type":"Feature","properties":{"name":"Kankan","rank":8,"capital":0},"geometry":{"type":"Point","coordinates":[-9.31,10.39]}},{"type":"Feature","properties":{"name":"Nz\u00e9r\u00e9kor\u00e9","rank":8,"capital":0},"geometry":{"type":"Point","coordinates":[-8.83,7.76]}},{"type":"Feature","properties":{"name":"Bouak\u00e9","rank":8,"capital":0},"geometry":{"type":"Point","coordinates":[-5.03,7.69]}},{"type":"Feature","properties":{"name":"Battambang","rank":8,"capital":0},"geometry":{"type":"Point","coordinates":[103.2,13.1]}},{"type":"Feature","properties":{"name":"Siem Reap","rank":8,"capital":0},"geometry":{"type":"Point","coordinates":[103.85,13.367]}},{"type":"Feature","properties":{"name":"Bridgetown","rank":8,"capital":1},"geometry":{"type":"Point","coordinates":[-59.617,13.102]}},{"type":"Feature","properties":{"name":"Parakou","rank":8,"capital":0},"geometry":{"type":"Point","coordinates":[2.62,9.34]}},{"type":"Feature","properties":{"name":"Porto-Novo","rank":8,"capital":0},"geometry":{"type":"Point","coordinates":[2.617,6.483]}},{"type":"Feature","properties":{"name":"Bobo Dioulasso","rank":8,"capital":0},"geometry":{"type":"Point","coordinates":[-4.29,11.18]}},{"type":"Feature","properties":{"name":"Bujumbura","rank":8,"capital":1},"geometry":{"type":"Point","coordinates":[29.36,-3.376]}},{"type":"Feature","properties":{"name":"Magong","rank":8,"capital":0},"geometry":{"type":"Point","coordinates":[119.583,23.567]}},{"type":"Feature","properties":{"name":"Taichung","rank":8,"capital":0},"geometry":{"type":"Point","coordinates":[120.682,24.152]}},{"type":"Feature","properties":{"name":"Napier","rank":8,"capital":0},"geometry":{"type":"Point","coordinates":[176.926,-39.49]}},{"type":"Feature","properties":{"name":"Manukau","rank":8,"capital":0},"geometry":{"type":"Point","coordinates":[174.885,-37.0]}},{"type":"Feature","properties":{"name":"Hamilton","rank":8,"capital":0},"geometry":{"type":"Point","coordinates":[175.29,-37.778]}},{"type":"Feature","properties":{"name":"Blenheim","rank":8,"capital":0},"geometry":{"type":"Point","coordinates":[173.955,-41.514]}},{"type":"Feature","properties":{"name":"Dunedin","rank":8,"capital":0},"geometry":{"type":"Point","coordinates":[170.491,-45.885]}},{"type":"Feature","properties":{"name":"Montevideo","rank":8,"capital":1},"geometry":{"type":"Point","coordinates":[-56.187,-34.905]}},{"type":"Feature","properties":{"name":"Lom\u00e9","rank":8,"capital":1},"geometry":{"type":"Point","coordinates":[1.221,6.134]}},{"type":"Feature","properties":{"name":"Abu Dhabi","rank":8,"capital":1},"geometry":{"type":"Point","coordinates":[54.367,24.467]}},{"type":"Feature","properties":{"name":"Ashgabat","rank":8,"capital":1},"geometry":{"type":"Point","coordinates":[58.383,37.95]}},{"type":"Feature","properties":{"name":"Dili","rank":8,"capital":1},"geometry":{"type":"Point","coordinates":[125.579,-8.559]}},{"type":"Feature","properties":{"name":"Port Vila","rank":8,"capital":1},"geometry":{"type":"Point","coordinates":[168.317,-17.733]}},{"type":"Feature","properties":{"name":"Tegucigalpa","rank":8,"capital":1},"geometry":{"type":"Point","coordinates":[-87.219,14.104]}},{"type":"Feature","properties":{"name":"Georgetown","rank":8,"capital":1},"geometry":{"type":"Point","coordinates":[-58.167,6.802]}},{"type":"Feature","properties":{"name":"Reykjav\u00edk","rank":8,"capital":1},"geometry":{"type":"Point","coordinates":[-21.937,64.143]}},{"type":"Feature","properties":{"name":"Port-au-Prince","rank":8,"capital":1},"geometry":{"type":"Point","coordinates":[-72.338,18.543]}},{"type":"Feature","properties":{"name":"Paramaribo","rank":8,"capital":1},"geometry":{"type":"Point","coordinates":[-55.167,5.835]}},{"type":"Feature","properties":{"name":"Dushanbe","rank":8,"capital":1},"geometry":{"type":"Point","coordinates":[68.774,38.56]}},{"type":"Feature","properties":{"name":"Managua","rank":8,"capital":1},"geometry":{"type":"Point","coordinates":[-86.27,12.155]}},{"type":"Feature","properties":{"name":"Freetown","rank":8,"capital":1},"geometry":{"type":"Point","coordinates":[-13.236,8.472]}},{"type":"Feature","properties":{"name":"Port Moresby","rank":8,"capital":1},"geometry":{"type":"Point","coordinates":[147.193,-9.465]}},{"type":"Feature","properties":{"name":"Honiara","rank":8,"capital":1},"geometry":{"type":"Point","coordinates":[159.95,-9.438]}},{"type":"Feature","properties":{"name":"Panama City","rank":8,"capital":1},"geometry":{"type":"Point","coordinates":[-79.535,8.97]}},{"type":"Feature","properties":{"name":"Chi\u0219in\u0103u","rank":8,"capital":1},"geometry":{"type":"Point","coordinates":[28.858,47.005]}},{"type":"Feature","properties":{"name":"Mogadishu","rank":8,"capital":1},"geometry":{"type":"Point","coordinates":[45.365,2.069]}},{"type":"Feature","properties":{"name":"Muscat","rank":8,"capital":1},"geometry":{"type":"Point","coordinates":[58.378,23.585]}},{"type":"Feature","properties":{"name":"Bissau","rank":8,"capital":1},"geometry":{"type":"Point","coordinates":[-15.598,11.865]}},{"type":"Feature","properties":{"name":"Amman","rank":8,"capital":1},"geometry":{"type":"Point","coordinates":[35.931,31.952]}},{"type":"Feature","properties":{"name":"Vilnius","rank":8,"capital":1},"geometry":{"type":"Point","coordinates":[25.317,54.683]}},{"type":"Feature","properties":{"name":"Riga","rank":8,"capital":1},"geometry":{"type":"Point","coordinates":[24.1,56.95]}},{"type":"Feature","properties":{"name":"Bishkek","rank":8,"capital":1},"geometry":{"type":"Point","coordinates":[74.583,42.875]}},{"type":"Feature","properties":{"name":"Maseru","rank":8,"capital":1},"geometry":{"type":"Point","coordinates":[27.483,-29.317]}},{"type":"Feature","properties":{"name":"San Jos\u00e9","rank":8,"capital":1},"geometry":{"type":"Point","coordinates":[-84.079,9.93]}},{"type":"Feature","properties":{"name":"San Salvador","rank":8,"capital":1},"geometry":{"type":"Point","coordinates":[-89.216,13.703]}},{"type":"Feature","properties":{"name":"Kingston","rank":8,"capital":1},"geometry":{"type":"Point","coordinates":[-76.767,17.977]}},{"type":"Feature","properties":{"name":"Malabo","rank":8,"capital":1},"geometry":{"type":"Point","coordinates":[8.783,3.75]}},{"type":"Feature","properties":{"name":"Asmara","rank":8,"capital":1},"geometry":{"type":"Point","coordinates":[38.933,15.333]}},{"type":"Feature","properties":{"name":"Zagreb","rank":8,"capital":1},"geometry":{"type":"Point","coordinates":[16.0,45.8]}},{"type":"Feature","properties":{"name":"Tallinn","rank":8,"capital":1},"geometry":{"type":"Point","coordinates":[24.728,59.434]}},{"type":"Feature","properties":{"name":"Lilongwe","rank":8,"capital":1},"geometry":{"type":"Point","coordinates":[33.783,-13.983]}},{"type":"Feature","properties":{"name":"Guatemala City","rank":8,"capital":1},"geometry":{"type":"Point","coordinates":[-90.529,14.623]}},{"type":"Feature","properties":{"name":"Cayenne","rank":8,"capital":0},"geometry":{"type":"Point","coordinates":[-52.33,4.933]}},{"type":"Feature","properties":{"name":"Suva","rank":8,"capital":1},"geometry":{"type":"Point","coordinates":[178.442,-18.133]}},{"type":"Feature","properties":{"name":"Nuuk","rank":8,"capital":0},"geometry":{"type":"Point","coordinates":[-51.733,64.198]}},{"type":"Feature","properties":{"name":"Beirut","rank":8,"capital":1},"geometry":{"type":"Point","coordinates":[35.508,33.874]}},{"type":"Feature","properties":{"name":"Tbilisi","rank":8,"capital":1},"geometry":{"type":"Point","coordinates":[44.789,41.727]}},{"type":"Feature","properties":{"name":"Vientiane","rank":8,"capital":1},"geometry":{"type":"Point","coordinates":[102.6,17.967]}},{"type":"Feature","properties":{"name":"Conakry","rank":8,"capital":1},"geometry":{"type":"Point","coordinates":[-13.682,9.533]}},{"type":"Feature","properties":{"name":"Yamoussoukro","rank":8,"capital":1},"geometry":{"type":"Point","coordinates":[-5.276,6.818]}},{"type":"Feature","properties":{"name":"Belgrade","rank":8,"capital":1},"geometry":{"type":"Point","coordinates":[20.466,44.821]}},{"type":"Feature","properties":{"name":"Bandar Seri Begawan","rank":8,"capital":1},"geometry":{"type":"Point","coordinates":[114.933,4.883]}},{"type":"Feature","properties":{"name":"Belmopan","rank":8,"capital":1},"geometry":{"type":"Point","coordinates":[-88.767,17.252]}},{"type":"Feature","properties":{"name":"Tirana","rank":8,"capital":1},"geometry":{"type":"Point","coordinates":[19.819,41.328]}},{"type":"Feature","properties":{"name":"Yerevan","rank":8,"capital":1},"geometry":{"type":"Point","coordinates":[44.512,40.183]}},{"type":"Feature","properties":{"name":"Baku","rank":8,"capital":1},"geometry":{"type":"Point","coordinates":[49.86,40.397]}},{"type":"Feature","properties":{"name":"Phnom Penh","rank":8,"capital":1},"geometry":{"type":"Point","coordinates":[104.915,11.552]}},{"type":"Feature","properties":{"name":"Cotonou","rank":8,"capital":1},"geometry":{"type":"Point","coordinates":[2.404,6.363]}},{"type":"Feature","properties":{"name":"Thimphu","rank":8,"capital":1},"geometry":{"type":"Point","coordinates":[89.639,27.473]}},{"type":"Feature","properties":{"name":"Ouagadougou","rank":8,"capital":1},"geometry":{"type":"Point","coordinates":[-1.527,12.372]}},{"type":"Feature","properties":{"name":"Sarajevo","rank":8,"capital":1},"geometry":{"type":"Point","coordinates":[18.383,43.85]}},{"type":"Feature","properties":{"name":"Kaohsiung","rank":8,"capital":0},"geometry":{"type":"Point","coordinates":[120.267,22.633]}},{"type":"Feature","properties":{"name":"Wellington","rank":8,"capital":1},"geometry":{"type":"Point","coordinates":[174.777,-41.292]}},{"type":"Feature","properties":{"name":"Christchurch","rank":8,"capital":0},"geometry":{"type":"Point","coordinates":[172.63,-43.535]}},{"type":"Feature","properties":{"name":"Dublin","rank":8,"capital":1},"geometry":{"type":"Point","coordinates":[-6.257,53.347]}},{"type":"Feature","properties":{"name":"Monrovia","rank":8,"capital":1},"geometry":{"type":"Point","coordinates":[-10.8,6.315]}},{"type":"Feature","properties":{"name":"Kuwait City","rank":8,"capital":1},"geometry":{"type":"Point","coordinates":[47.976,29.372]}},{"type":"Feature","properties":{"name":"Santo Domingo","rank":8,"capital":1},"geometry":{"type":"Point","coordinates":[-69.93,18.471]}},{"type":"Feature","properties":{"name":"Tel Aviv","rank":8,"capital":0},"geometry":{"type":"Point","coordinates":[34.768,32.082]}},{"type":"Feature","properties":{"name":"K\u00f8benhavn","rank":8,"capital":1},"geometry":{"type":"Point","coordinates":[12.562,55.681]}},{"type":"Feature","properties":{"name":"Abidjan","rank":8,"capital":1},"geometry":{"type":"Point","coordinates":[-4.02,5.323]}},{"type":"Feature","properties":{"name":"Brussels","rank":8,"capital":1},"geometry":{"type":"Point","coordinates":[4.331,50.835]}},{"type":"Feature","properties":{"name":"Dubai","rank":8,"capital":0},"geometry":{"type":"Point","coordinates":[55.287,25.215]}},{"type":"Feature","properties":{"name":"Dakar","rank":8,"capital":1},"geometry":{"type":"Point","coordinates":[-17.475,14.718]}},{"type":"Feature","properties":{"name":"Amsterdam","rank":8,"capital":1},"geometry":{"type":"Point","coordinates":[4.915,52.352]}},{"type":"Feature","properties":{"name":"Taipei","rank":8,"capital":1},"geometry":{"type":"Point","coordinates":[121.568,25.036]}},{"type":"Feature","properties":{"name":"Auckland","rank":8,"capital":0},"geometry":{"type":"Point","coordinates":[174.763,-36.848]}},{"type":"Feature","properties":{"name":"Gikongoro","rank":10,"capital":0},"geometry":{"type":"Point","coordinates":[29.567,-2.483]}},{"type":"Feature","properties":{"name":"Kibuye","rank":10,"capital":0},"geometry":{"type":"Point","coordinates":[29.35,-2.05]}},{"type":"Feature","properties":{"name":"Kibungo","rank":10,"capital":0},"geometry":{"type":"Point","coordinates":[30.533,-2.167]}},{"type":"Feature","properties":{"name":"Laascaanood","rank":10,"capital":0},"geometry":{"type":"Point","coordinates":[47.317,8.433]}},{"type":"Feature","properties":{"name":"Ceerigaabo","rank":10,"capital":0},"geometry":{"type":"Point","coordinates":[47.333,10.583]}},{"type":"Feature","properties":{"name":"Santo Ant\u00f3nio","rank":10,"capital":0},"geometry":{"type":"Point","coordinates":[7.412,1.645]}},{"type":"Feature","properties":{"name":"Daru","rank":10,"capital":0},"geometry":{"type":"Point","coordinates":[143.234,-9.109]}},{"type":"Feature","properties":{"name":"Ramallah","rank":10,"capital":0},"geometry":{"type":"Point","coordinates":[35.206,31.903]}},{"type":"Feature","properties":{"name":"Kyrenia","rank":10,"capital":0},"geometry":{"type":"Point","coordinates":[33.333,35.326]}},{"type":"Feature","properties":{"name":"San Andr\u00e9s","rank":10,"capital":0},"geometry":{"type":"Point","coordinates":[-81.69,12.562]}},{"type":"Feature","properties":{"name":"Jabal Ali","rank":10,"capital":0},"geometry":{"type":"Point","coordinates":[55.011,24.976]}},{"type":"Feature","properties":{"name":"Hilf","rank":10,"capital":0},"geometry":{"type":"Point","coordinates":[58.877,20.656]}},{"type":"Feature","properties":{"name":"Al Khalil","rank":10,"capital":0},"geometry":{"type":"Point","coordinates":[35.096,31.541]}},{"type":"Feature","properties":{"name":"Famagusta","rank":10,"capital":0},"geometry":{"type":"Point","coordinates":[33.95,35.125]}},{"type":"Feature","properties":{"name":"Koszalin","rank":10,"capital":0},"geometry":{"type":"Point","coordinates":[16.183,54.2]}},{"type":"Feature","properties":{"name":"Artigas Base","rank":10,"capital":0},"geometry":{"type":"Point","coordinates":[-58.864,-62.174]}},{"type":"Feature","properties":{"name":"Nyanza","rank":10,"capital":0},"geometry":{"type":"Point","coordinates":[29.74,-2.35]}},{"type":"Feature","properties":{"name":"Gitarama","rank":10,"capital":0},"geometry":{"type":"Point","coordinates":[29.76,-2.07]}},{"type":"Feature","properties":{"name":"Butare","rank":10,"capital":0},"geometry":{"type":"Point","coordinates":[29.73,-2.59]}},{"type":"Feature","properties":{"name":"Gisenyi","rank":10,"capital":0},"geometry":{"type":"Point","coordinates":[29.263,-1.685]}},{"type":"Feature","properties":{"name":"Cyangugu","rank":10,"capital":0},"geometry":{"type":"Point","coordinates":[28.9,-2.48]}},{"type":"Feature","properties":{"name":"Byumba","rank":10,"capital":0},"geometry":{"type":"Point","coordinates":[30.06,-1.58]}},{"type":"Feature","properties":{"name":"Ruhengeri","rank":10,"capital":0},"geometry":{"type":"Point","coordinates":[29.63,-1.5]}},{"type":"Feature","properties":{"name":"Capitol Hill","rank":10,"capital":0},"geometry":{"type":"Point","coordinates":[145.751,15.211]}},{"type":"Feature","properties":{"name":"Christiansted","rank":10,"capital":0},"geometry":{"type":"Point","coordinates":[-64.75,17.75]}},{"type":"Feature","properties":{"name":"Ponce","rank":10,"capital":0},"geometry":{"type":"Point","coordinates":[-66.617,18.0]}},{"type":"Feature","properties":{"name":"Mayag\u00fcez","rank":10,"capital":0},"geometry":{"type":"Point","coordinates":[-67.14,18.202]}},{"type":"Feature","properties":{"name":"Grytviken","rank":10,"capital":0},"geometry":{"type":"Point","coordinates":[-36.508,-54.281]}},{"type":"Feature","properties":{"name":"Fox Bay","rank":10,"capital":0},"geometry":{"type":"Point","coordinates":[-60.087,-51.951]}},{"type":"Feature","properties":{"name":"George Town","rank":10,"capital":0},"geometry":{"type":"Point","coordinates":[-81.372,19.295]}},{"type":"Feature","properties":{"name":"Grand Turk","rank":10,"capital":0},"geometry":{"type":"Point","coordinates":[-71.136,21.466]}},{"type":"Feature","properties":{"name":"Douglas","rank":10,"capital":0},"geometry":{"type":"Point","coordinates":[-4.48,54.149]}},{"type":"Feature","properties":{"name":"Neiafu","rank":10,"capital":0},"geometry":{"type":"Point","coordinates":[-173.983,-18.65]}},{"type":"Feature","properties":{"name":"Arrecife","rank":10,"capital":0},"geometry":{"type":"Point","coordinates":[-13.538,28.969]}},{"type":"Feature","properties":{"name":"Boorama","rank":10,"capital":0},"geometry":{"type":"Point","coordinates":[43.18,9.94]}},{"type":"Feature","properties":{"name":"Burco","rank":10,"capital":0},"geometry":{"type":"Point","coordinates":[45.54,9.52]}},{"type":"Feature","properties":{"name":"Maydh","rank":10,"capital":0},"geometry":{"type":"Point","coordinates":[47.098,10.98]}},{"type":"Feature","properties":{"name":"San Marino","rank":10,"capital":1},"geometry":{"type":"Point","coordinates":[12.442,43.936]}},{"type":"Feature","properties":{"name":"Koror","rank":10,"capital":0},"geometry":{"type":"Point","coordinates":[134.47,7.345]}},{"type":"Feature","properties":{"name":"Willemstad","rank":10,"capital":0},"geometry":{"type":"Point","coordinates":[-68.872,12.112]}},{"type":"Feature","properties":{"name":"Oranjestad","rank":10,"capital":0},"geometry":{"type":"Point","coordinates":[-70.026,12.522]}},{"type":"Feature","properties":{"name":"Curepipe","rank":10,"capital":0},"geometry":{"type":"Point","coordinates":[57.517,-20.316]}},{"type":"Feature","properties":{"name":"Vaduz","rank":10,"capital":1},"geometry":{"type":"Point","coordinates":[9.517,47.134]}},{"type":"Feature","properties":{"name":"Nablus","rank":10,"capital":0},"geometry":{"type":"Point","coordinates":[35.254,32.221]}},{"type":"Feature","properties":{"name":"Dzaoudzi","rank":10,"capital":0},"geometry":{"type":"Point","coordinates":[45.275,-12.787]}},{"type":"Feature","properties":{"name":"La Romana","rank":10,"capital":0},"geometry":{"type":"Point","coordinates":[-68.967,18.417]}},{"type":"Feature","properties":{"name":"Mindelo","rank":10,"capital":0},"geometry":{"type":"Point","coordinates":[-25.0,16.884]}},{"type":"Feature","properties":{"name":"Trepassey","rank":10,"capital":0},"geometry":{"type":"Point","coordinates":[-53.363,46.737]}},{"type":"Feature","properties":{"name":"Capitan Arturo Prat Station","rank":10,"capital":0},"geometry":{"type":"Point","coordinates":[-59.683,-62.5]}},{"type":"Feature","properties":{"name":"Marambio Base","rank":10,"capital":0},"geometry":{"type":"Point","coordinates":[-56.65,-64.233]}},{"type":"Feature","properties":{"name":"Zucchelli Station","rank":10,"capital":0},"geometry":{"type":"Point","coordinates":[164.219,-74.619]}},{"type":"Feature","properties":{"name":"Rothera Station","rank":10,"capital":0},"geometry":{"type":"Point","coordinates":[-68.124,-67.565]}},{"type":"Feature","properties":{"name":"Palmer Station","rank":10,"capital":0},"geometry":{"type":"Point","coordinates":[-64.047,-64.762]}},{"type":"Feature","properties":{"name":"Base Presidente Montalva","rank":10,"capital":0},"geometry":{"type":"Point","coordinates":[-58.908,-62.183]}},{"type":"Feature","properties":{"name":"Carlini Base","rank":10,"capital":0},"geometry":{"type":"Point","coordinates":[-58.65,-62.224]}},{"type":"Feature","properties":{"name":"King Sejong Station","rank":10,"capital":0},"geometry":{"type":"Point","coordinates":[-58.772,-62.225]}},{"type":"Feature","properties":{"name":"Great Wall Station","rank":10,"capital":0},"geometry":{"type":"Point","coordinates":[-58.967,-62.216]}},{"type":"Feature","properties":{"name":"Escudero Base","rank":10,"capital":0},"geometry":{"type":"Point","coordinates":[-58.953,-62.195]}},{"type":"Feature","properties":{"name":"Elephant Island","rank":10,"capital":0},"geometry":{"type":"Point","coordinates":[-58.0,-62.0]}},{"type":"Feature","properties":{"name":"Scott Base","rank":10,"capital":0},"geometry":{"type":"Point","coordinates":[166.749,-77.847]}},{"type":"Feature","properties":{"name":"McMurdo Station","rank":10,"capital":0},"geometry":{"type":"Point","coordinates":[166.869,-77.732]}},{"type":"Feature","properties":{"name":"Zhongshan Station","rank":10,"capital":0},"geometry":{"type":"Point","coordinates":[76.339,-69.434]}},{"type":"Feature","properties":{"name":"Vostok Station","rank":10,"capital":0},"geometry":{"type":"Point","coordinates":[106.8,-78.466]}},{"type":"Feature","properties":{"name":"Peter I Island","rank":10,"capital":0},"geometry":{"type":"Point","coordinates":[-90.584,-68.795]}},{"type":"Feature","properties":{"name":"Mirny Station","rank":10,"capital":0},"geometry":{"type":"Point","coordinates":[93.006,-66.576]}},{"type":"Feature","properties":{"name":"Mawson Station","rank":10,"capital":0},"geometry":{"type":"Point","coordinates":[62.875,-67.615]}},{"type":"Feature","properties":{"name":"Davis Station","rank":10,"capital":0},"geometry":{"type":"Point","coordinates":[78.141,-68.778]}},{"type":"Feature","properties":{"name":"Concordia Research Station","rank":10,"capital":0},"geometry":{"type":"Point","coordinates":[124.167,-74.666]}},{"type":"Feature","properties":{"name":"Casey Station","rank":10,"capital":0},"geometry":{"type":"Point","coordinates":[110.536,-66.286]}},{"type":"Feature","properties":{"name":"Amundsen\u2013Scott South Pole Station","rank":10,"capital":0},"geometry":{"type":"Point","coordinates":[176.994,-90.0]}},{"type":"Feature","properties":{"name":"Wasa Station","rank":10,"capital":0},"geometry":{"type":"Point","coordinates":[-13.417,-73.05]}},{"type":"Feature","properties":{"name":"Troll Station","rank":10,"capital":0},"geometry":{"type":"Point","coordinates":[2.533,-72.016]}},{"type":"Feature","properties":{"name":"Svea Station","rank":10,"capital":0},"geometry":{"type":"Point","coordinates":[-11.217,-74.583]}},{"type":"Feature","properties":{"name":"Novolazarevskaya Station","rank":10,"capital":0},"geometry":{"type":"Point","coordinates":[-11.85,-71.301]}},{"type":"Feature","properties":{"name":"Neumayer Station III","rank":10,"capital":0},"geometry":{"type":"Point","coordinates":[-7.838,-70.89]}},{"type":"Feature","properties":{"name":"Maitri Station","rank":10,"capital":0},"geometry":{"type":"Point","coordinates":[11.73,-70.782]}},{"type":"Feature","properties":{"name":"Halley Station","rank":10,"capital":0},"geometry":{"type":"Point","coordinates":[-26.474,-76.092]}},{"type":"Feature","properties":{"name":"Belgrano II Base","rank":10,"capital":0},"geometry":{"type":"Point","coordinates":[-34.617,-77.866]}},{"type":"Feature","properties":{"name":"Sobral Base","rank":10,"capital":0},"geometry":{"type":"Point","coordinates":[-40.502,-81.179]}},{"type":"Feature","properties":{"name":"Aboa Station","rank":10,"capital":0},"geometry":{"type":"Point","coordinates":[-13.417,-75.05]}},{"type":"Feature","properties":{"name":"San Mart\u00edn Base","rank":10,"capital":0},"geometry":{"type":"Point","coordinates":[-67.1,-68.116]}},{"type":"Feature","properties":{"name":"Gen. O'Higgins Base","rank":10,"capital":0},"geometry":{"type":"Point","coordinates":[-57.89,-63.328]}},{"type":"Feature","properties":{"name":"Esperanza Base","rank":10,"capital":0},"geometry":{"type":"Point","coordinates":[-57.026,-63.375]}},{"type":"Feature","properties":{"name":"Orcadas Station","rank":10,"capital":0},"geometry":{"type":"Point","coordinates":[-44.733,-60.733]}},{"type":"Feature","properties":{"name":"Signy Research Station","rank":10,"capital":0},"geometry":{"type":"Point","coordinates":[-45.601,-60.631]}},{"type":"Feature","properties":{"name":"Kullorsuaq","rank":10,"capital":0},"geometry":{"type":"Point","coordinates":[-57.225,74.578]}},{"type":"Feature","properties":{"name":"Tasiusaq","rank":10,"capital":0},"geometry":{"type":"Point","coordinates":[-56.06,73.369]}},{"type":"Feature","properties":{"name":"Dumont d'Urville Station","rank":10,"capital":0},"geometry":{"type":"Point","coordinates":[139.964,-66.775]}},{"type":"Feature","properties":{"name":"Showa Station","rank":10,"capital":0},"geometry":{"type":"Point","coordinates":[39.746,-69.03]}},{"type":"Feature","properties":{"name":"Guntur","rank":10,"capital":0},"geometry":{"type":"Point","coordinates":[80.45,16.33]}},{"type":"Feature","properties":{"name":"Palikir","rank":10,"capital":1},"geometry":{"type":"Point","coordinates":[158.15,6.917]}},{"type":"Feature","properties":{"name":"Majuro","rank":10,"capital":1},"geometry":{"type":"Point","coordinates":[171.38,7.103]}},{"type":"Feature","properties":{"name":"Agana","rank":10,"capital":0},"geometry":{"type":"Point","coordinates":[144.75,13.47]}},{"type":"Feature","properties":{"name":"Arecibo","rank":10,"capital":0},"geometry":{"type":"Point","coordinates":[-66.73,18.44]}},{"type":"Feature","properties":{"name":"Funafuti","rank":10,"capital":1},"geometry":{"type":"Point","coordinates":[179.217,-8.517]}},{"type":"Feature","properties":{"name":"Melekeok","rank":10,"capital":1},"geometry":{"type":"Point","coordinates":[134.627,7.487]}},{"type":"Feature","properties":{"name":"Bir Lehlou","rank":10,"capital":0},"geometry":{"type":"Point","coordinates":[-9.653,26.119]}},{"type":"Feature","properties":{"name":"Monaco","rank":10,"capital":1},"geometry":{"type":"Point","coordinates":[7.407,43.74]}},{"type":"Feature","properties":{"name":"Tarawa","rank":10,"capital":1},"geometry":{"type":"Point","coordinates":[173.018,1.338]}},{"type":"Feature","properties":{"name":"Tasiilaq","rank":10,"capital":0},"geometry":{"type":"Point","coordinates":[-37.634,65.602]}},{"type":"Feature","properties":{"name":"Moroni","rank":10,"capital":1},"geometry":{"type":"Point","coordinates":[43.24,-11.704]}},{"type":"Feature","properties":{"name":"Macau","rank":10,"capital":0},"geometry":{"type":"Point","coordinates":[113.544,22.189]}},{"type":"Feature","properties":{"name":"Andorra","rank":10,"capital":1},"geometry":{"type":"Point","coordinates":[1.527,42.511]}},{"type":"Feature","properties":{"name":"Savissivik","rank":10,"capital":0},"geometry":{"type":"Point","coordinates":[-65.112,76.019]}},{"type":"Feature","properties":{"name":"Kangersuatsiaq","rank":10,"capital":0},"geometry":{"type":"Point","coordinates":[-55.549,72.38]}},{"type":"Feature","properties":{"name":"Uummannaq","rank":10,"capital":0},"geometry":{"type":"Point","coordinates":[-52.123,70.675]}},{"type":"Feature","properties":{"name":"Santa Cruz de Tenerife","rank":10,"capital":0},"geometry":{"type":"Point","coordinates":[-16.25,28.47]}},{"type":"Feature","properties":{"name":"Avarua","rank":10,"capital":0},"geometry":{"type":"Point","coordinates":[-159.785,-21.196]}},{"type":"Feature","properties":{"name":"Kigali","rank":10,"capital":1},"geometry":{"type":"Point","coordinates":[30.059,-1.952]}},{"type":"Feature","properties":{"name":"Pago Pago","rank":10,"capital":0},"geometry":{"type":"Point","coordinates":[-170.707,-14.277]}},{"type":"Feature","properties":{"name":"Kingstown","rank":10,"capital":1},"geometry":{"type":"Point","coordinates":[-61.22,13.156]}},{"type":"Feature","properties":{"name":"Castries","rank":10,"capital":1},"geometry":{"type":"Point","coordinates":[-60.993,14.008]}},{"type":"Feature","properties":{"name":"Basseterre","rank":10,"capital":1},"geometry":{"type":"Point","coordinates":[-62.717,17.302]}},{"type":"Feature","properties":{"name":"Las Palmas","rank":10,"capital":0},"geometry":{"type":"Point","coordinates":[-15.43,28.1]}},{"type":"Feature","properties":{"name":"Berbera","rank":10,"capital":0},"geometry":{"type":"Point","coordinates":[45.016,10.436]}},{"type":"Feature","properties":{"name":"Port Louis","rank":10,"capital":1},"geometry":{"type":"Point","coordinates":[57.5,-20.167]}},{"type":"Feature","properties":{"name":"Gaza City","rank":10,"capital":0},"geometry":{"type":"Point","coordinates":[34.445,31.53]}},{"type":"Feature","properties":{"name":"Saint George's","rank":10,"capital":1},"geometry":{"type":"Point","coordinates":[-61.742,12.053]}},{"type":"Feature","properties":{"name":"Papeete","rank":10,"capital":0},"geometry":{"type":"Point","coordinates":[-149.567,-17.533]}},{"type":"Feature","properties":{"name":"Manama","rank":10,"capital":1},"geometry":{"type":"Point","coordinates":[50.583,26.236]}},{"type":"Feature","properties":{"name":"Freeport","rank":10,"capital":0},"geometry":{"type":"Point","coordinates":[-78.7,26.533]}},{"type":"Feature","properties":{"name":"Saint John's","rank":10,"capital":1},"geometry":{"type":"Point","coordinates":[-61.85,17.118]}},{"type":"Feature","properties":{"name":"San Juan","rank":10,"capital":0},"geometry":{"type":"Point","coordinates":[-66.13,18.44]}},{"type":"Feature","properties":{"name":"Stanley","rank":10,"capital":0},"geometry":{"type":"Point","coordinates":[-57.85,-51.7]}},{"type":"Feature","properties":{"name":"Hamilton","rank":10,"capital":1},"geometry":{"type":"Point","coordinates":[-64.784,32.294]}},{"type":"Feature","properties":{"name":"Nuku'alofa","rank":10,"capital":1},"geometry":{"type":"Point","coordinates":[-175.221,-21.139]}},{"type":"Feature","properties":{"name":"Hargeisa","rank":10,"capital":1},"geometry":{"type":"Point","coordinates":[44.065,9.56]}},{"type":"Feature","properties":{"name":"Victoria","rank":10,"capital":1},"geometry":{"type":"Point","coordinates":[55.45,-4.617]}},{"type":"Feature","properties":{"name":"S\u00e3o Tom\u00e9","rank":10,"capital":1},"geometry":{"type":"Point","coordinates":[6.73,0.337]}},{"type":"Feature","properties":{"name":"Apia","rank":10,"capital":1},"geometry":{"type":"Point","coordinates":[-171.769,-13.836]}},{"type":"Feature","properties":{"name":"Valletta","rank":10,"capital":1},"geometry":{"type":"Point","coordinates":[14.515,35.9]}},{"type":"Feature","properties":{"name":"Mal\u00e9","rank":10,"capital":1},"geometry":{"type":"Point","coordinates":[73.509,4.172]}},{"type":"Feature","properties":{"name":"Jerusalem","rank":10,"capital":1},"geometry":{"type":"Point","coordinates":[35.207,31.778]}},{"type":"Feature","properties":{"name":"Praia","rank":10,"capital":1},"geometry":{"type":"Point","coordinates":[-23.517,14.917]}},{"type":"Feature","properties":{"name":"Nassau","rank":10,"capital":1},"geometry":{"type":"Point","coordinates":[-77.35,25.083]}},{"type":"Feature","properties":{"name":"Nicosia","rank":10,"capital":1},"geometry":{"type":"Point","coordinates":[33.367,35.167]}},{"type":"Feature","properties":{"name":"Singapore","rank":10,"capital":1},"geometry":{"type":"Point","coordinates":[103.854,1.295]}},{"type":"Feature","properties":{"name":"Hong Kong","rank":10,"capital":0},"geometry":{"type":"Point","coordinates":[114.183,22.307]}},{"type":"Feature","properties":{"name":"Amaravati","rank":50,"capital":0},"geometry":{"type":"Point","coordinates":[80.524,16.534]}}]}